2026-08-18 07:02:09,365 [myid:] - INFO  [main:QuorumPeerConfig@133] - Reading configuration from: /conf/zoo.cfg
2026-08-18 07:02:09,368 [myid:] - INFO  [main:QuorumPeerConfig@375] - clientPort is not set
2026-08-18 07:02:09,369 [myid:] - INFO  [main:QuorumPeerConfig@389] - secureClientPort is not set
2026-08-18 07:02:09,372 [myid:] - ERROR [main:QuorumPeerConfig@645] - Invalid configuration, only one server specified (ignoring)
2026-08-18 07:02:09,375 [myid:1] - INFO  [main:DatadirCleanupManager@78] - autopurge.snapRetainCount set to 3
2026-08-18 07:02:09,375 [myid:1] - INFO  [main:DatadirCleanupManager@79] - autopurge.purgeInterval set to 0
2026-08-18 07:02:09,376 [myid:1] - INFO  [main:DatadirCleanupManager@101] - Purge task is not scheduled.
2026-08-18 07:02:09,376 [myid:1] - WARN  [main:QuorumPeerMain@125] - Either no config or no quorum defined in config, running  in standalone mode
2026-08-18 07:02:09,377 [myid:1] - INFO  [main:ManagedUtil@46] - Log4j found with jmx enabled.
2026-08-18 07:02:09,377 [myid:1] - DEBUG [main:ManagedUtil@66] - registerLog4jMBeans()
2026-08-18 07:02:09,381 [myid:1] - DEBUG [main:AbstractDynamicMBean@148] - preRegister called. Server=com.sun.jmx.mbeanserver.JmxMBeanServer@66d3c617, name=log4j:hierarchy=default
2026-08-18 07:02:09,381 [myid:1] - DEBUG [main:HierarchyDynamicMBean@260] - postRegister is called.
2026-08-18 07:02:09,383 [myid:1] - DEBUG [main:AbstractDynamicMBean@148] - preRegister called. Server=com.sun.jmx.mbeanserver.JmxMBeanServer@66d3c617, name=log4j:logger=root
2026-08-18 07:02:09,383 [myid:1] - DEBUG [main:LoggerDynamicMBean@258] - Adding AppenderMBean for appender named CONSOLE
2026-08-18 07:02:09,384 [myid:1] - DEBUG [main:AppenderDynamicMBean@158] - getMBeanInfo called.
2026-08-18 07:02:09,385 [myid:1] - DEBUG [main:AppenderDynamicMBean@337] - preRegister called. Server=com.sun.jmx.mbeanserver.JmxMBeanServer@66d3c617, name=log4j:appender=CONSOLE
2026-08-18 07:02:09,386 [myid:1] - DEBUG [main:AppenderDynamicMBean@197] - Adding LayoutMBean:CONSOLE,layout=org.apache.log4j.PatternLayout
2026-08-18 07:02:09,387 [myid:1] - DEBUG [main:LayoutDynamicMBean@140] - getMBeanInfo called.
2026-08-18 07:02:09,387 [myid:1] - DEBUG [main:AbstractDynamicMBean@148] - preRegister called. Server=com.sun.jmx.mbeanserver.JmxMBeanServer@66d3c617, name=log4j:appender=CONSOLE,layout=org.apache.log4j.PatternLayout
2026-08-18 07:02:09,387 [myid:1] - DEBUG [main:LoggerDynamicMBean@258] - Adding AppenderMBean for appender named ROLLINGFILE
2026-08-18 07:02:09,388 [myid:1] - DEBUG [main:AppenderDynamicMBean@158] - getMBeanInfo called.
2026-08-18 07:02:09,388 [myid:1] - DEBUG [main:AppenderDynamicMBean@337] - preRegister called. Server=com.sun.jmx.mbeanserver.JmxMBeanServer@66d3c617, name=log4j:appender=ROLLINGFILE
2026-08-18 07:02:09,388 [myid:1] - DEBUG [main:AppenderDynamicMBean@197] - Adding LayoutMBean:ROLLINGFILE,layout=org.apache.log4j.PatternLayout
2026-08-18 07:02:09,388 [myid:1] - DEBUG [main:LayoutDynamicMBean@140] - getMBeanInfo called.
2026-08-18 07:02:09,388 [myid:1] - DEBUG [main:AbstractDynamicMBean@148] - preRegister called. Server=com.sun.jmx.mbeanserver.JmxMBeanServer@66d3c617, name=log4j:appender=ROLLINGFILE,layout=org.apache.log4j.PatternLayout
2026-08-18 07:02:09,389 [myid:1] - DEBUG [main:HierarchyDynamicMBean@128] - ---Adding logger [root] as listener.
2026-08-18 07:02:09,390 [myid:1] - DEBUG [main:AbstractDynamicMBean@148] - preRegister called. Server=com.sun.jmx.mbeanserver.JmxMBeanServer@66d3c617, name=log4j:logger=org.apache.log4j.jmx.LoggerDynamicMBean
2026-08-18 07:02:09,391 [myid:1] - DEBUG [main:HierarchyDynamicMBean@128] - ---Adding logger [org.apache.log4j.jmx.LoggerDynamicMBean] as listener.
2026-08-18 07:02:09,391 [myid:1] - DEBUG [main:AbstractDynamicMBean@148] - preRegister called. Server=com.sun.jmx.mbeanserver.JmxMBeanServer@66d3c617, name=log4j:logger=org.apache.zookeeper.jmx.MBeanRegistry
2026-08-18 07:02:09,391 [myid:1] - DEBUG [main:HierarchyDynamicMBean@128] - ---Adding logger [org.apache.zookeeper.jmx.MBeanRegistry] as listener.
2026-08-18 07:02:09,391 [myid:1] - DEBUG [main:AbstractDynamicMBean@148] - preRegister called. Server=com.sun.jmx.mbeanserver.JmxMBeanServer@66d3c617, name=log4j:logger=org.apache.zookeeper.server.quorum.QuorumPeerConfig
2026-08-18 07:02:09,392 [myid:1] - DEBUG [main:HierarchyDynamicMBean@128] - ---Adding logger [org.apache.zookeeper.server.quorum.QuorumPeerConfig] as listener.
2026-08-18 07:02:09,392 [myid:1] - DEBUG [main:AbstractDynamicMBean@148] - preRegister called. Server=com.sun.jmx.mbeanserver.JmxMBeanServer@66d3c617, name=log4j:logger=org.apache.zookeeper.server.ZooKeeperServerMain
2026-08-18 07:02:09,392 [myid:1] - DEBUG [main:HierarchyDynamicMBean@128] - ---Adding logger [org.apache.zookeeper.server.ZooKeeperServerMain] as listener.
2026-08-18 07:02:09,392 [myid:1] - DEBUG [main:AbstractDynamicMBean@148] - preRegister called. Server=com.sun.jmx.mbeanserver.JmxMBeanServer@66d3c617, name=log4j:logger=org.apache.log4j.jmx.AppenderDynamicMBean
2026-08-18 07:02:09,392 [myid:1] - DEBUG [main:HierarchyDynamicMBean@128] - ---Adding logger [org.apache.log4j.jmx.AppenderDynamicMBean] as listener.
2026-08-18 07:02:09,392 [myid:1] - DEBUG [main:AbstractDynamicMBean@148] - preRegister called. Server=com.sun.jmx.mbeanserver.JmxMBeanServer@66d3c617, name=log4j:logger=org.apache.zookeeper.server.quorum.QuorumPeerMain
2026-08-18 07:02:09,393 [myid:1] - DEBUG [main:HierarchyDynamicMBean@128] - ---Adding logger [org.apache.zookeeper.server.quorum.QuorumPeerMain] as listener.
2026-08-18 07:02:09,393 [myid:1] - DEBUG [main:AbstractDynamicMBean@148] - preRegister called. Server=com.sun.jmx.mbeanserver.JmxMBeanServer@66d3c617, name=log4j:logger=org.apache.log4j.jmx.HierarchyDynamicMBean
2026-08-18 07:02:09,393 [myid:1] - DEBUG [main:HierarchyDynamicMBean@128] - ---Adding logger [org.apache.log4j.jmx.HierarchyDynamicMBean] as listener.
2026-08-18 07:02:09,393 [myid:1] - DEBUG [main:AbstractDynamicMBean@148] - preRegister called. Server=com.sun.jmx.mbeanserver.JmxMBeanServer@66d3c617, name=log4j:logger=org.apache.zookeeper.jmx.ManagedUtil
2026-08-18 07:02:09,393 [myid:1] - DEBUG [main:HierarchyDynamicMBean@128] - ---Adding logger [org.apache.zookeeper.jmx.ManagedUtil] as listener.
2026-08-18 07:02:09,393 [myid:1] - DEBUG [main:AbstractDynamicMBean@148] - preRegister called. Server=com.sun.jmx.mbeanserver.JmxMBeanServer@66d3c617, name=log4j:logger=org.apache.zookeeper.server.DatadirCleanupManager
2026-08-18 07:02:09,393 [myid:1] - DEBUG [main:HierarchyDynamicMBean@128] - ---Adding logger [org.apache.zookeeper.server.DatadirCleanupManager] as listener.
2026-08-18 07:02:09,394 [myid:1] - DEBUG [main:AbstractDynamicMBean@148] - preRegister called. Server=com.sun.jmx.mbeanserver.JmxMBeanServer@66d3c617, name=log4j:logger=org.apache.log4j.jmx.LayoutDynamicMBean
2026-08-18 07:02:09,394 [myid:1] - DEBUG [main:HierarchyDynamicMBean@128] - ---Adding logger [org.apache.log4j.jmx.LayoutDynamicMBean] as listener.
2026-08-18 07:02:09,394 [myid:1] - INFO  [main:QuorumPeerConfig@133] - Reading configuration from: /conf/zoo.cfg
2026-08-18 07:02:09,395 [myid:1] - INFO  [main:QuorumPeerConfig@375] - clientPort is not set
2026-08-18 07:02:09,395 [myid:1] - INFO  [main:QuorumPeerConfig@389] - secureClientPort is not set
2026-08-18 07:02:09,395 [myid:1] - ERROR [main:QuorumPeerConfig@645] - Invalid configuration, only one server specified (ignoring)
2026-08-18 07:02:09,395 [myid:1] - INFO  [main:ZooKeeperServerMain@117] - Starting server
2026-08-18 07:02:09,398 [myid:1] - DEBUG [main:FileTxnSnapLog@86] - Opening datadir:/datalog snapDir:/data
2026-08-18 07:02:09,409 [myid:1] - INFO  [main:Environment@109] - Server environment:zookeeper.version=3.5.5-390fe37ea45dee01bf87dc1c042b5e3dcce88653, built on 05/03/2019 12:07 GMT
2026-08-18 07:02:09,409 [myid:1] - INFO  [main:Environment@109] - Server environment:host.name=e84ac79adb25
2026-08-18 07:02:09,409 [myid:1] - INFO  [main:Environment@109] - Server environment:java.version=1.8.0_232
2026-08-18 07:02:09,409 [myid:1] - INFO  [main:Environment@109] - Server environment:java.vendor=Oracle Corporation
2026-08-18 07:02:09,409 [myid:1] - INFO  [main:Environment@109] - Server environment:java.home=/usr/local/openjdk-8
2026-08-18 07:02:09,409 [myid:1] - INFO  [main:Environment@109] - Server environment:java.class.path=/apache-zookeeper-3.5.5-bin/bin/../zookeeper-server/target/classes:/apache-zookeeper-3.5.5-bin/bin/../build/classes:/apache-zookeeper-3.5.5-bin/bin/../zookeeper-server/target/lib/*.jar:/apache-zookeeper-3.5.5-bin/bin/../build/lib/*.jar:/apache-zookeeper-3.5.5-bin/bin/../lib/zookeeper-jute-3.5.5.jar:/apache-zookeeper-3.5.5-bin/bin/../lib/zookeeper-3.5.5.jar:/apache-zookeeper-3.5.5-bin/bin/../lib/slf4j-log4j12-1.7.25.jar:/apache-zookeeper-3.5.5-bin/bin/../lib/slf4j-api-1.7.25.jar:/apache-zookeeper-3.5.5-bin/bin/../lib/netty-all-4.1.29.Final.jar:/apache-zookeeper-3.5.5-bin/bin/../lib/log4j-1.2.17.jar:/apache-zookeeper-3.5.5-bin/bin/../lib/json-simple-1.1.1.jar:/apache-zookeeper-3.5.5-bin/bin/../lib/jline-2.11.jar:/apache-zookeeper-3.5.5-bin/bin/../lib/jetty-util-9.4.17.v20190418.jar:/apache-zookeeper-3.5.5-bin/bin/../lib/jetty-servlet-9.4.17.v20190418.jar:/apache-zookeeper-3.5.5-bin/bin/../lib/jetty-server-9.4.17.v20190418.jar:/apache-zookeeper-3.5.5-bin/bin/../lib/jetty-security-9.4.17.v20190418.jar:/apache-zookeeper-3.5.5-bin/bin/../lib/jetty-io-9.4.17.v20190418.jar:/apache-zookeeper-3.5.5-bin/bin/../lib/jetty-http-9.4.17.v20190418.jar:/apache-zookeeper-3.5.5-bin/bin/../lib/javax.servlet-api-3.1.0.jar:/apache-zookeeper-3.5.5-bin/bin/../lib/jackson-databind-2.9.8.jar:/apache-zookeeper-3.5.5-bin/bin/../lib/jackson-core-2.9.8.jar:/apache-zookeeper-3.5.5-bin/bin/../lib/jackson-annotations-2.9.0.jar:/apache-zookeeper-3.5.5-bin/bin/../lib/commons-cli-1.2.jar:/apache-zookeeper-3.5.5-bin/bin/../lib/audience-annotations-0.5.0.jar:/apache-zookeeper-3.5.5-bin/bin/../zookeeper-*.jar:/apache-zookeeper-3.5.5-bin/bin/../zookeeper-server/src/main/resources/lib/*.jar:/conf:
2026-08-18 07:02:09,409 [myid:1] - INFO  [main:Environment@109] - Server environment:java.library.path=/usr/java/packages/lib/amd64:/usr/lib64:/lib64:/lib:/usr/lib
2026-08-18 07:02:09,409 [myid:1] - INFO  [main:Environment@109] - Server environment:java.io.tmpdir=/tmp
2026-08-18 07:02:09,410 [myid:1] - INFO  [main:Environment@109] - Server environment:java.compiler=<NA>
2026-08-18 07:02:09,410 [myid:1] - INFO  [main:Environment@109] - Server environment:os.name=Linux
2026-08-18 07:02:09,410 [myid:1] - INFO  [main:Environment@109] - Server environment:os.arch=amd64
2026-08-18 07:02:09,410 [myid:1] - INFO  [main:Environment@109] - Server environment:os.version=7.1.6-201.fc44.x86_64
2026-08-18 07:02:09,410 [myid:1] - INFO  [main:Environment@109] - Server environment:user.name=zookeeper
2026-08-18 07:02:09,410 [myid:1] - INFO  [main:Environment@109] - Server environment:user.home=/home/zookeeper
2026-08-18 07:02:09,410 [myid:1] - INFO  [main:Environment@109] - Server environment:user.dir=/apache-zookeeper-3.5.5-bin
2026-08-18 07:02:09,411 [myid:1] - INFO  [main:Environment@109] - Server environment:os.memory.free=196MB
2026-08-18 07:02:09,411 [myid:1] - INFO  [main:Environment@109] - Server environment:os.memory.max=889MB
2026-08-18 07:02:09,411 [myid:1] - INFO  [main:Environment@109] - Server environment:os.memory.total=207MB
2026-08-18 07:02:09,412 [myid:1] - INFO  [main:ZooKeeperServer@938] - minSessionTimeout set to 4000
2026-08-18 07:02:09,412 [myid:1] - INFO  [main:ZooKeeperServer@947] - maxSessionTimeout set to 40000
2026-08-18 07:02:09,413 [myid:1] - INFO  [main:ZooKeeperServer@166] - Created server with tickTime 2000 minSessionTimeout 4000 maxSessionTimeout 40000 datadir /datalog/version-2 snapdir /data/version-2
2026-08-18 07:02:09,426 [myid:1] - DEBUG [main:Log@181] - Logging to org.slf4j.impl.Log4jLoggerAdapter(org.eclipse.jetty.util.log) via org.eclipse.jetty.util.log.Slf4jLog
2026-08-18 07:02:09,435 [myid:1] - INFO  [main:Log@193] - Logging initialized @346ms to org.eclipse.jetty.util.log.Slf4jLog
2026-08-18 07:02:09,459 [myid:1] - DEBUG [main:ContainerLifeCycle@400] - Server@73f792cf{STOPPED}[9.4.17.v20190418] added {QueuedThreadPool[qtp2137589296]@7f690630{STOPPED,8<=0<=200,i=0,q=0}[org.eclipse.jetty.util.thread.TryExecutor$$Lambda$3/905544614@6be46e8f],AUTO}
2026-08-18 07:02:09,477 [myid:1] - DEBUG [main:ContainerLifeCycle@400] - HttpConnectionFactory@6d00a15d[HTTP/1.1] added {HttpConfiguration@51efea79{32768/8192,8192/8192,https://:0,[]},POJO}
2026-08-18 07:02:09,479 [myid:1] - DEBUG [main:ContainerLifeCycle@400] - ServerConnector@735b5592{null,[]}{0.0.0.0:0} added {Server@73f792cf{STOPPED}[9.4.17.v20190418],UNMANAGED}
2026-08-18 07:02:09,480 [myid:1] - DEBUG [main:ContainerLifeCycle@400] - ServerConnector@735b5592{null,[]}{0.0.0.0:0} added {QueuedThreadPool[qtp2137589296]@7f690630{STOPPED,8<=0<=200,i=0,q=0}[org.eclipse.jetty.util.thread.TryExecutor$$Lambda$3/905544614@6be46e8f],AUTO}
2026-08-18 07:02:09,480 [myid:1] - DEBUG [main:ContainerLifeCycle@400] - ServerConnector@735b5592{null,[]}{0.0.0.0:0} added {ScheduledExecutorScheduler@548a9f61{STOPPED},AUTO}
2026-08-18 07:02:09,481 [myid:1] - DEBUG [main:ContainerLifeCycle@400] - ServerConnector@735b5592{null,[]}{0.0.0.0:0} added {org.eclipse.jetty.io.ArrayByteBufferPool@1753acfe,POJO}
2026-08-18 07:02:09,481 [myid:1] - DEBUG [main:ContainerLifeCycle@400] - ServerConnector@735b5592{null,[http/1.1]}{0.0.0.0:0} added {HttpConnectionFactory@6d00a15d[HTTP/1.1],AUTO}
2026-08-18 07:02:09,482 [myid:1] - DEBUG [main:AbstractConnector@439] - ServerConnector@735b5592{HTTP/1.1,[http/1.1]}{0.0.0.0:0} added HttpConnectionFactory@6d00a15d[HTTP/1.1]
2026-08-18 07:02:09,486 [myid:1] - DEBUG [main:ContainerLifeCycle@400] - ServerConnector@735b5592{HTTP/1.1,[http/1.1]}{0.0.0.0:0} added {SelectorManager@ServerConnector@735b5592{HTTP/1.1,[http/1.1]}{0.0.0.0:0},MANAGED}
2026-08-18 07:02:09,486 [myid:1] - DEBUG [main:ContainerLifeCycle@400] - Server@73f792cf{STOPPED}[9.4.17.v20190418] added {ServerConnector@735b5592{HTTP/1.1,[http/1.1]}{0.0.0.0:8080},AUTO}
2026-08-18 07:02:09,499 [myid:1] - DEBUG [main:DecoratedObjectFactory@53] - Adding Decorator: org.eclipse.jetty.util.DeprecationWarning@1a968a59
2026-08-18 07:02:09,507 [myid:1] - DEBUG [main:ContainerLifeCycle@400] - o.e.j.s.ServletContextHandler@6e06451e{/,null,UNAVAILABLE} added {org.eclipse.jetty.server.session.SessionHandler1497973285==dftMaxIdleSec=-1,MANAGED}
2026-08-18 07:02:09,510 [myid:1] - DEBUG [main:ContainerLifeCycle@400] - org.eclipse.jetty.server.session.SessionHandler1497973285==dftMaxIdleSec=-1 added {ServletHandler@2d928643{STOPPED},MANAGED}
2026-08-18 07:02:09,511 [myid:1] - WARN  [main:ContextHandler@1588] - o.e.j.s.ServletContextHandler@6e06451e{/,null,UNAVAILABLE} contextPath ends with /*
2026-08-18 07:02:09,511 [myid:1] - WARN  [main:ContextHandler@1599] - Empty contextPath
2026-08-18 07:02:09,512 [myid:1] - DEBUG [main:ContainerLifeCycle@400] - Server@73f792cf{STOPPED}[9.4.17.v20190418] added {o.e.j.s.ServletContextHandler@6e06451e{/,null,UNAVAILABLE},MANAGED}
2026-08-18 07:02:09,519 [myid:1] - DEBUG [main:AbstractLifeCycle@185] - starting Server@73f792cf{STOPPED}[9.4.17.v20190418]
2026-08-18 07:02:09,520 [myid:1] - DEBUG [main:ContainerLifeCycle@400] - Server@73f792cf{STARTING}[9.4.17.v20190418] added {ErrorHandler@3108bc{STOPPED},AUTO}
2026-08-18 07:02:09,521 [myid:1] - INFO  [main:Server@370] - jetty-9.4.17.v20190418; built: 2019-04-18T19:45:35.259Z; git: aa1c656c315c011c01e7b21aabb04066635b9f67; jvm 1.8.0_232-b09
2026-08-18 07:02:09,530 [myid:1] - DEBUG [main:AbstractHandler@110] - starting Server@73f792cf{STARTING}[9.4.17.v20190418]
2026-08-18 07:02:09,531 [myid:1] - DEBUG [main:AbstractLifeCycle@185] - starting QueuedThreadPool[qtp2137589296]@7f690630{STOPPED,8<=0<=200,i=0,q=0}[org.eclipse.jetty.util.thread.TryExecutor$$Lambda$3/905544614@6be46e8f]
2026-08-18 07:02:09,532 [myid:1] - DEBUG [main:ReservedThreadExecutor@85] - ReservedThreadExecutor@5b87ed94{s=0/12,p=0}
2026-08-18 07:02:09,533 [myid:1] - DEBUG [main:ContainerLifeCycle@400] - QueuedThreadPool[qtp2137589296]@7f690630{STARTING,8<=0<=200,i=0,q=0}[ReservedThreadExecutor@5b87ed94{s=0/12,p=0}] added {ReservedThreadExecutor@5b87ed94{s=0/12,p=0},AUTO}
2026-08-18 07:02:09,533 [myid:1] - DEBUG [main:AbstractLifeCycle@185] - starting ReservedThreadExecutor@5b87ed94{s=0/12,p=0}
2026-08-18 07:02:09,542 [myid:1] - DEBUG [main:AbstractLifeCycle@177] - STARTED @457ms ReservedThreadExecutor@5b87ed94{s=0/12,p=0}
2026-08-18 07:02:09,542 [myid:1] - DEBUG [main:QueuedThreadPool@570] - Starting Thread[qtp2137589296-12,5,main]
2026-08-18 07:02:09,543 [myid:1] - DEBUG [main:QueuedThreadPool@570] - Starting Thread[qtp2137589296-13,5,main]
2026-08-18 07:02:09,543 [myid:1] - DEBUG [main:QueuedThreadPool@570] - Starting Thread[qtp2137589296-14,5,main]
2026-08-18 07:02:09,543 [myid:1] - DEBUG [main:QueuedThreadPool@570] - Starting Thread[qtp2137589296-15,5,main]
2026-08-18 07:02:09,543 [myid:1] - DEBUG [main:QueuedThreadPool@570] - Starting Thread[qtp2137589296-16,5,main]
2026-08-18 07:02:09,543 [myid:1] - DEBUG [main:QueuedThreadPool@570] - Starting Thread[qtp2137589296-17,5,main]
2026-08-18 07:02:09,544 [myid:1] - DEBUG [main:QueuedThreadPool@570] - Starting Thread[qtp2137589296-18,5,main]
2026-08-18 07:02:09,544 [myid:1] - DEBUG [main:QueuedThreadPool@570] - Starting Thread[qtp2137589296-19,5,main]
2026-08-18 07:02:09,544 [myid:1] - DEBUG [main:AbstractLifeCycle@177] - STARTED @461ms QueuedThreadPool[qtp2137589296]@7f690630{STARTED,8<=8<=200,i=7,q=0}[ReservedThreadExecutor@5b87ed94{s=0/12,p=0}]
2026-08-18 07:02:09,545 [myid:1] - DEBUG [main:AbstractLifeCycle@185] - starting o.e.j.s.ServletContextHandler@6e06451e{/,null,UNAVAILABLE}
2026-08-18 07:02:09,549 [myid:1] - DEBUG [main:PreEncodedHttpField@63] - HttpField encoders loaded: [org.eclipse.jetty.http.Http1FieldPreEncoder@3b084709]
2026-08-18 07:02:09,555 [myid:1] - DEBUG [main:AbstractHandler@110] - starting o.e.j.s.ServletContextHandler@6e06451e{/,null,STARTING}
2026-08-18 07:02:09,555 [myid:1] - DEBUG [main:AbstractLifeCycle@185] - starting org.eclipse.jetty.server.session.SessionHandler1497973285==dftMaxIdleSec=-1
2026-08-18 07:02:09,558 [myid:1] - DEBUG [main:ContainerLifeCycle@400] - org.eclipse.jetty.server.session.SessionHandler1497973285==dftMaxIdleSec=-1 added {org.eclipse.jetty.server.session.DefaultSessionCache@26aa12dd[evict=-1,removeUnloadable=false,saveOnCreate=false,saveOnInactiveEvict=false],AUTO}
2026-08-18 07:02:09,559 [myid:1] - DEBUG [main:ContainerLifeCycle@400] - org.eclipse.jetty.server.session.DefaultSessionCache@26aa12dd[evict=-1,removeUnloadable=false,saveOnCreate=false,saveOnInactiveEvict=false] added {org.eclipse.jetty.server.session.NullSessionDataStore@23faf8f2[passivating=false,graceSec=3600],AUTO}
2026-08-18 07:02:09,560 [myid:1] - DEBUG [main:AbstractLifeCycle@185] - starting DefaultSessionIdManager@64729b1e{STOPPED}[worker=null]
2026-08-18 07:02:09,561 [myid:1] - INFO  [main:DefaultSessionIdManager@365] - DefaultSessionIdManager workerName=node0
2026-08-18 07:02:09,561 [myid:1] - INFO  [main:DefaultSessionIdManager@370] - No SessionScavenger set, using defaults
2026-08-18 07:02:09,561 [myid:1] - DEBUG [main:ContainerLifeCycle@400] - DefaultSessionIdManager@64729b1e{STARTING}[worker=node0] added {HouseKeeper@6895a785{STOPPED}[interval=600000, ownscheduler=false],MANAGED}
2026-08-18 07:02:09,562 [myid:1] - DEBUG [main:AbstractLifeCycle@185] - starting HouseKeeper@6895a785{STOPPED}[interval=600000, ownscheduler=false]
2026-08-18 07:02:09,562 [myid:1] - DEBUG [main:AbstractLifeCycle@185] - starting ScheduledExecutorScheduler@184f6be2{STOPPED}
2026-08-18 07:02:09,562 [myid:1] - DEBUG [main:AbstractLifeCycle@177] - STARTED @479ms ScheduledExecutorScheduler@184f6be2{STARTED}
2026-08-18 07:02:09,563 [myid:1] - DEBUG [main:HouseKeeper@127] - Using own scheduler for scavenging
2026-08-18 07:02:09,563 [myid:1] - INFO  [main:HouseKeeper@149] - node0 Scavenging every 660000ms
2026-08-18 07:02:09,565 [myid:1] - DEBUG [main:AbstractLifeCycle@177] - STARTED @482ms HouseKeeper@6895a785{STARTED}[interval=660000, ownscheduler=true]
2026-08-18 07:02:09,565 [myid:1] - DEBUG [main:AbstractLifeCycle@177] - STARTED @482ms DefaultSessionIdManager@64729b1e{STARTED}[worker=node0]
2026-08-18 07:02:09,565 [myid:1] - DEBUG [main:ContainerLifeCycle@400] - Server@73f792cf{STARTING}[9.4.17.v20190418] added {DefaultSessionIdManager@64729b1e{STARTED}[worker=node0],MANAGED}
2026-08-18 07:02:09,565 [myid:1] - DEBUG [main:ContainerLifeCycle@400] - org.eclipse.jetty.server.session.SessionHandler1497973285==dftMaxIdleSec=-1 added {DefaultSessionIdManager@64729b1e{STARTED}[worker=node0],UNMANAGED}
2026-08-18 07:02:09,566 [myid:1] - DEBUG [main:AbstractLifeCycle@185] - starting ScheduledExecutorScheduler@167fdd33{STOPPED}
2026-08-18 07:02:09,566 [myid:1] - DEBUG [main:AbstractLifeCycle@177] - STARTED @483ms ScheduledExecutorScheduler@167fdd33{STARTED}
2026-08-18 07:02:09,566 [myid:1] - DEBUG [main:AbstractHandler@110] - starting org.eclipse.jetty.server.session.SessionHandler1497973285==dftMaxIdleSec=-1
2026-08-18 07:02:09,567 [myid:1] - DEBUG [main:AbstractLifeCycle@185] - starting ServletHandler@2d928643{STOPPED}
2026-08-18 07:02:09,568 [myid:1] - DEBUG [main:ServletHandler@1414] - Path=/commands/*[EMBEDDED:null] mapped to servlet=org.apache.zookeeper.server.admin.JettyAdminServer$CommandServlet-6fc6f14e[EMBEDDED:null]
2026-08-18 07:02:09,570 [myid:1] - DEBUG [main:PathMappings@250] - Added MappedResource[pathSpec=ServletPathSpec["/commands/*",pathDepth=2,group=PREFIX_GLOB],resource=org.apache.zookeeper.server.admin.JettyAdminServer$CommandServlet-6fc6f14e@2e579574==org.apache.zookeeper.server.admin.JettyAdminServer$CommandServlet,jsp=null,order=-1,inst=true,async=true] to PathMappings[size=1]
2026-08-18 07:02:09,570 [myid:1] - DEBUG [main:ServletHandler@1439] - filterNameMap={}
2026-08-18 07:02:09,570 [myid:1] - DEBUG [main:ServletHandler@1440] - pathFilters=null
2026-08-18 07:02:09,570 [myid:1] - DEBUG [main:ServletHandler@1441] - servletFilterMap=null
2026-08-18 07:02:09,570 [myid:1] - DEBUG [main:ServletHandler@1442] - servletPathMap=PathMappings[size=1]
2026-08-18 07:02:09,571 [myid:1] - DEBUG [main:ServletHandler@1443] - servletNameMap={org.apache.zookeeper.server.admin.JettyAdminServer$CommandServlet-6fc6f14e=org.apache.zookeeper.server.admin.JettyAdminServer$CommandServlet-6fc6f14e@2e579574==org.apache.zookeeper.server.admin.JettyAdminServer$CommandServlet,jsp=null,order=-1,inst=true,async=true}
2026-08-18 07:02:09,571 [myid:1] - DEBUG [main:ServletHandler@170] - Adding Default404Servlet to ServletHandler@2d928643{STARTING}
2026-08-18 07:02:09,571 [myid:1] - DEBUG [main:ServletHandler@1414] - Path=/commands/*[EMBEDDED:null] mapped to servlet=org.apache.zookeeper.server.admin.JettyAdminServer$CommandServlet-6fc6f14e[EMBEDDED:null]
2026-08-18 07:02:09,572 [myid:1] - DEBUG [main:PathMappings@250] - Added MappedResource[pathSpec=ServletPathSpec["/commands/*",pathDepth=2,group=PREFIX_GLOB],resource=org.apache.zookeeper.server.admin.JettyAdminServer$CommandServlet-6fc6f14e@2e579574==org.apache.zookeeper.server.admin.JettyAdminServer$CommandServlet,jsp=null,order=-1,inst=true,async=true] to PathMappings[size=1]
2026-08-18 07:02:09,572 [myid:1] - DEBUG [main:ServletHandler@1414] - Path=/[EMBEDDED:null] mapped to servlet=org.eclipse.jetty.servlet.ServletHandler$Default404Servlet-27a8c74e[EMBEDDED:null]
2026-08-18 07:02:09,572 [myid:1] - DEBUG [main:PathMappings@250] - Added MappedResource[pathSpec=ServletPathSpec["/",pathDepth=-1,group=DEFAULT],resource=org.eclipse.jetty.servlet.ServletHandler$Default404Servlet-27a8c74e@ad635675==org.eclipse.jetty.servlet.ServletHandler$Default404Servlet,jsp=null,order=-1,inst=false,async=true] to PathMappings[size=2]
2026-08-18 07:02:09,573 [myid:1] - DEBUG [main:ServletHandler@1439] - filterNameMap={}
2026-08-18 07:02:09,573 [myid:1] - DEBUG [main:ServletHandler@1440] - pathFilters=null
2026-08-18 07:02:09,573 [myid:1] - DEBUG [main:ServletHandler@1441] - servletFilterMap=null
2026-08-18 07:02:09,573 [myid:1] - DEBUG [main:ServletHandler@1442] - servletPathMap=PathMappings[size=2]
2026-08-18 07:02:09,573 [myid:1] - DEBUG [main:ServletHandler@1443] - servletNameMap={org.apache.zookeeper.server.admin.JettyAdminServer$CommandServlet-6fc6f14e=org.apache.zookeeper.server.admin.JettyAdminServer$CommandServlet-6fc6f14e@2e579574==org.apache.zookeeper.server.admin.JettyAdminServer$CommandServlet,jsp=null,order=-1,inst=true,async=true, org.eclipse.jetty.servlet.ServletHandler$Default404Servlet-27a8c74e=org.eclipse.jetty.servlet.ServletHandler$Default404Servlet-27a8c74e@ad635675==org.eclipse.jetty.servlet.ServletHandler$Default404Servlet,jsp=null,order=-1,inst=false,async=true}
2026-08-18 07:02:09,574 [myid:1] - DEBUG [main:AbstractHandler@110] - starting ServletHandler@2d928643{STARTING}
2026-08-18 07:02:09,574 [myid:1] - DEBUG [main:AbstractLifeCycle@177] - STARTED @491ms ServletHandler@2d928643{STARTED}
2026-08-18 07:02:09,575 [myid:1] - DEBUG [main:AbstractLifeCycle@185] - starting org.eclipse.jetty.server.session.DefaultSessionCache@26aa12dd[evict=-1,removeUnloadable=false,saveOnCreate=false,saveOnInactiveEvict=false]
2026-08-18 07:02:09,575 [myid:1] - DEBUG [main:AbstractLifeCycle@185] - starting org.eclipse.jetty.server.session.NullSessionDataStore@23faf8f2[passivating=false,graceSec=3600]
2026-08-18 07:02:09,575 [myid:1] - DEBUG [main:AbstractLifeCycle@177] - STARTED @492ms org.eclipse.jetty.server.session.NullSessionDataStore@23faf8f2[passivating=false,graceSec=3600]
2026-08-18 07:02:09,575 [myid:1] - DEBUG [main:AbstractLifeCycle@177] - STARTED @492ms org.eclipse.jetty.server.session.DefaultSessionCache@26aa12dd[evict=-1,removeUnloadable=false,saveOnCreate=false,saveOnInactiveEvict=false]
2026-08-18 07:02:09,576 [myid:1] - DEBUG [main:AbstractLifeCycle@177] - STARTED @493ms org.eclipse.jetty.server.session.SessionHandler1497973285==dftMaxIdleSec=-1
2026-08-18 07:02:09,579 [myid:1] - DEBUG [main:AbstractLifeCycle@185] - starting org.apache.zookeeper.server.admin.JettyAdminServer$CommandServlet-6fc6f14e@2e579574==org.apache.zookeeper.server.admin.JettyAdminServer$CommandServlet,jsp=null,order=-1,inst=true,async=true
2026-08-18 07:02:09,580 [myid:1] - DEBUG [main:AbstractLifeCycle@177] - STARTED @497ms org.apache.zookeeper.server.admin.JettyAdminServer$CommandServlet-6fc6f14e@2e579574==org.apache.zookeeper.server.admin.JettyAdminServer$CommandServlet,jsp=null,order=-1,inst=true,async=true
2026-08-18 07:02:09,581 [myid:1] - DEBUG [main:ServletHolder@670] - Servlet.init org.apache.zookeeper.server.admin.JettyAdminServer$CommandServlet@1563da5 for org.apache.zookeeper.server.admin.JettyAdminServer$CommandServlet-6fc6f14e
2026-08-18 07:02:09,581 [myid:1] - DEBUG [main:AbstractLifeCycle@185] - starting org.eclipse.jetty.servlet.ServletHandler$Default404Servlet-27a8c74e@ad635675==org.eclipse.jetty.servlet.ServletHandler$Default404Servlet,jsp=null,order=-1,inst=false,async=true
2026-08-18 07:02:09,581 [myid:1] - DEBUG [main:AbstractLifeCycle@177] - STARTED @498ms org.eclipse.jetty.servlet.ServletHandler$Default404Servlet-27a8c74e@ad635675==org.eclipse.jetty.servlet.ServletHandler$Default404Servlet,jsp=null,order=-1,inst=false,async=true
2026-08-18 07:02:09,582 [myid:1] - INFO  [main:ContextHandler@855] - Started o.e.j.s.ServletContextHandler@6e06451e{/,null,AVAILABLE}
2026-08-18 07:02:09,582 [myid:1] - DEBUG [main:AbstractLifeCycle@177] - STARTED @499ms o.e.j.s.ServletContextHandler@6e06451e{/,null,AVAILABLE}
2026-08-18 07:02:09,582 [myid:1] - DEBUG [main:AbstractLifeCycle@185] - starting ErrorHandler@3108bc{STOPPED}
2026-08-18 07:02:09,582 [myid:1] - DEBUG [main:AbstractHandler@110] - starting ErrorHandler@3108bc{STARTING}
2026-08-18 07:02:09,582 [myid:1] - DEBUG [main:AbstractLifeCycle@177] - STARTED @499ms ErrorHandler@3108bc{STARTED}
2026-08-18 07:02:09,582 [myid:1] - DEBUG [main:AbstractLifeCycle@185] - starting ServerConnector@735b5592{HTTP/1.1,[http/1.1]}{0.0.0.0:8080}
2026-08-18 07:02:09,587 [myid:1] - DEBUG [main:ContainerLifeCycle@400] - ServerConnector@735b5592{HTTP/1.1,[http/1.1]}{0.0.0.0:8080} added {sun.nio.ch.ServerSocketChannelImpl[/0:0:0:0:0:0:0:0:8080],POJO}
2026-08-18 07:02:09,588 [myid:1] - DEBUG [main:AbstractLifeCycle@185] - starting ScheduledExecutorScheduler@548a9f61{STOPPED}
2026-08-18 07:02:09,588 [myid:1] - DEBUG [main:AbstractLifeCycle@177] - STARTED @505ms ScheduledExecutorScheduler@548a9f61{STARTED}
2026-08-18 07:02:09,588 [myid:1] - DEBUG [main:AbstractLifeCycle@185] - starting HttpConnectionFactory@6d00a15d[HTTP/1.1]
2026-08-18 07:02:09,588 [myid:1] - DEBUG [main:AbstractLifeCycle@177] - STARTED @505ms HttpConnectionFactory@6d00a15d[HTTP/1.1]
2026-08-18 07:02:09,589 [myid:1] - DEBUG [main:AbstractLifeCycle@185] - starting SelectorManager@ServerConnector@735b5592{HTTP/1.1,[http/1.1]}{0.0.0.0:8080}
2026-08-18 07:02:09,600 [myid:1] - DEBUG [main:ContainerLifeCycle@400] - EatWhatYouKill@6f195bc3/SelectorProducer@2c039ac6/IDLE/p=false/QueuedThreadPool[qtp2137589296]@7f690630{STARTED,8<=8<=200,i=8,q=0}[ReservedThreadExecutor@5b87ed94{s=0/12,p=0}][pc=0,pic=0,pec=0,epc=0]@2026-08-18T07:02:09.597Z added {SelectorProducer@2c039ac6,POJO}
2026-08-18 07:02:09,601 [myid:1] - DEBUG [main:ContainerLifeCycle@400] - EatWhatYouKill@6f195bc3/SelectorProducer@2c039ac6/IDLE/p=false/QueuedThreadPool[qtp2137589296]@7f690630{STARTED,8<=8<=200,i=8,q=0}[ReservedThreadExecutor@5b87ed94{s=0/12,p=0}][pc=0,pic=0,pec=0,epc=0]@2026-08-18T07:02:09.601Z added {QueuedThreadPool[qtp2137589296]@7f690630{STARTED,8<=8<=200,i=8,q=0}[ReservedThreadExecutor@5b87ed94{s=0/12,p=0}],UNMANAGED}
2026-08-18 07:02:09,601 [myid:1] - DEBUG [main:EatWhatYouKill@90] - EatWhatYouKill@6f195bc3/SelectorProducer@2c039ac6/IDLE/p=false/QueuedThreadPool[qtp2137589296]@7f690630{STARTED,8<=8<=200,i=8,q=0}[ReservedThreadExecutor@5b87ed94{s=0/12,p=0}][pc=0,pic=0,pec=0,epc=0]@2026-08-18T07:02:09.601Z created
2026-08-18 07:02:09,602 [myid:1] - DEBUG [main:ContainerLifeCycle@400] - ManagedSelector@e874448{STOPPED} id=0 keys=-1 selected=-1 updates=0 added {EatWhatYouKill@6f195bc3/SelectorProducer@2c039ac6/IDLE/p=false/QueuedThreadPool[qtp2137589296]@7f690630{STARTED,8<=8<=200,i=8,q=0}[ReservedThreadExecutor@5b87ed94{s=0/12,p=0}][pc=0,pic=0,pec=0,epc=0]@2026-08-18T07:02:09.602Z,MANAGED}
2026-08-18 07:02:09,602 [myid:1] - DEBUG [main:ContainerLifeCycle@400] - SelectorManager@ServerConnector@735b5592{HTTP/1.1,[http/1.1]}{0.0.0.0:8080} added {ManagedSelector@e874448{STOPPED} id=0 keys=-1 selected=-1 updates=0,AUTO}
2026-08-18 07:02:09,603 [myid:1] - DEBUG [main:ContainerLifeCycle@400] - EatWhatYouKill@29b5cd00/SelectorProducer@60285225/IDLE/p=false/QueuedThreadPool[qtp2137589296]@7f690630{STARTED,8<=8<=200,i=8,q=0}[ReservedThreadExecutor@5b87ed94{s=0/12,p=0}][pc=0,pic=0,pec=0,epc=0]@2026-08-18T07:02:09.603Z added {SelectorProducer@60285225,POJO}
2026-08-18 07:02:09,604 [myid:1] - DEBUG [main:ContainerLifeCycle@400] - EatWhatYouKill@29b5cd00/SelectorProducer@60285225/IDLE/p=false/QueuedThreadPool[qtp2137589296]@7f690630{STARTED,8<=8<=200,i=8,q=0}[ReservedThreadExecutor@5b87ed94{s=0/12,p=0}][pc=0,pic=0,pec=0,epc=0]@2026-08-18T07:02:09.603Z added {QueuedThreadPool[qtp2137589296]@7f690630{STARTED,8<=8<=200,i=8,q=0}[ReservedThreadExecutor@5b87ed94{s=0/12,p=0}],UNMANAGED}
2026-08-18 07:02:09,604 [myid:1] - DEBUG [main:EatWhatYouKill@90] - EatWhatYouKill@29b5cd00/SelectorProducer@60285225/IDLE/p=false/QueuedThreadPool[qtp2137589296]@7f690630{STARTED,8<=8<=200,i=8,q=0}[ReservedThreadExecutor@5b87ed94{s=0/12,p=0}][pc=0,pic=0,pec=0,epc=0]@2026-08-18T07:02:09.604Z created
2026-08-18 07:02:09,604 [myid:1] - DEBUG [main:ContainerLifeCycle@400] - ManagedSelector@7113b13f{STOPPED} id=1 keys=-1 selected=-1 updates=0 added {EatWhatYouKill@29b5cd00/SelectorProducer@60285225/IDLE/p=false/QueuedThreadPool[qtp2137589296]@7f690630{STARTED,8<=8<=200,i=8,q=0}[ReservedThreadExecutor@5b87ed94{s=0/12,p=0}][pc=0,pic=0,pec=0,epc=0]@2026-08-18T07:02:09.604Z,MANAGED}
2026-08-18 07:02:09,605 [myid:1] - DEBUG [main:ContainerLifeCycle@400] - SelectorManager@ServerConnector@735b5592{HTTP/1.1,[http/1.1]}{0.0.0.0:8080} added {ManagedSelector@7113b13f{STOPPED} id=1 keys=-1 selected=-1 updates=0,AUTO}
2026-08-18 07:02:09,605 [myid:1] - DEBUG [main:ContainerLifeCycle@400] - EatWhatYouKill@45820e51/SelectorProducer@42d8062c/IDLE/p=false/QueuedThreadPool[qtp2137589296]@7f690630{STARTED,8<=8<=200,i=8,q=0}[ReservedThreadExecutor@5b87ed94{s=0/12,p=0}][pc=0,pic=0,pec=0,epc=0]@2026-08-18T07:02:09.605Z added {SelectorProducer@42d8062c,POJO}
2026-08-18 07:02:09,606 [myid:1] - DEBUG [main:ContainerLifeCycle@400] - EatWhatYouKill@45820e51/SelectorProducer@42d8062c/IDLE/p=false/QueuedThreadPool[qtp2137589296]@7f690630{STARTED,8<=8<=200,i=8,q=0}[ReservedThreadExecutor@5b87ed94{s=0/12,p=0}][pc=0,pic=0,pec=0,epc=0]@2026-08-18T07:02:09.606Z added {QueuedThreadPool[qtp2137589296]@7f690630{STARTED,8<=8<=200,i=8,q=0}[ReservedThreadExecutor@5b87ed94{s=0/12,p=0}],UNMANAGED}
2026-08-18 07:02:09,606 [myid:1] - DEBUG [main:EatWhatYouKill@90] - EatWhatYouKill@45820e51/SelectorProducer@42d8062c/IDLE/p=false/QueuedThreadPool[qtp2137589296]@7f690630{STARTED,8<=8<=200,i=8,q=0}[ReservedThreadExecutor@5b87ed94{s=0/12,p=0}][pc=0,pic=0,pec=0,epc=0]@2026-08-18T07:02:09.606Z created
2026-08-18 07:02:09,607 [myid:1] - DEBUG [main:ContainerLifeCycle@400] - ManagedSelector@6043cd28{STOPPED} id=2 keys=-1 selected=-1 updates=0 added {EatWhatYouKill@45820e51/SelectorProducer@42d8062c/IDLE/p=false/QueuedThreadPool[qtp2137589296]@7f690630{STARTED,8<=8<=200,i=8,q=0}[ReservedThreadExecutor@5b87ed94{s=0/12,p=0}][pc=0,pic=0,pec=0,epc=0]@2026-08-18T07:02:09.607Z,MANAGED}
2026-08-18 07:02:09,607 [myid:1] - DEBUG [main:ContainerLifeCycle@400] - SelectorManager@ServerConnector@735b5592{HTTP/1.1,[http/1.1]}{0.0.0.0:8080} added {ManagedSelector@6043cd28{STOPPED} id=2 keys=-1 selected=-1 updates=0,AUTO}
2026-08-18 07:02:09,608 [myid:1] - DEBUG [main:ContainerLifeCycle@400] - EatWhatYouKill@cb51256/SelectorProducer@59906517/IDLE/p=false/QueuedThreadPool[qtp2137589296]@7f690630{STARTED,8<=8<=200,i=8,q=0}[ReservedThreadExecutor@5b87ed94{s=0/12,p=0}][pc=0,pic=0,pec=0,epc=0]@2026-08-18T07:02:09.608Z added {SelectorProducer@59906517,POJO}
2026-08-18 07:02:09,608 [myid:1] - DEBUG [main:ContainerLifeCycle@400] - EatWhatYouKill@cb51256/SelectorProducer@59906517/IDLE/p=false/QueuedThreadPool[qtp2137589296]@7f690630{STARTED,8<=8<=200,i=8,q=0}[ReservedThreadExecutor@5b87ed94{s=0/12,p=0}][pc=0,pic=0,pec=0,epc=0]@2026-08-18T07:02:09.608Z added {QueuedThreadPool[qtp2137589296]@7f690630{STARTED,8<=8<=200,i=8,q=0}[ReservedThreadExecutor@5b87ed94{s=0/12,p=0}],UNMANAGED}
2026-08-18 07:02:09,609 [myid:1] - DEBUG [main:EatWhatYouKill@90] - EatWhatYouKill@cb51256/SelectorProducer@59906517/IDLE/p=false/QueuedThreadPool[qtp2137589296]@7f690630{STARTED,8<=8<=200,i=8,q=0}[ReservedThreadExecutor@5b87ed94{s=0/12,p=0}][pc=0,pic=0,pec=0,epc=0]@2026-08-18T07:02:09.608Z created
2026-08-18 07:02:09,610 [myid:1] - DEBUG [main:ContainerLifeCycle@400] - ManagedSelector@5bfbf16f{STOPPED} id=3 keys=-1 selected=-1 updates=0 added {EatWhatYouKill@cb51256/SelectorProducer@59906517/IDLE/p=false/QueuedThreadPool[qtp2137589296]@7f690630{STARTED,8<=8<=200,i=8,q=0}[ReservedThreadExecutor@5b87ed94{s=0/12,p=0}][pc=0,pic=0,pec=0,epc=0]@2026-08-18T07:02:09.61Z,MANAGED}
2026-08-18 07:02:09,610 [myid:1] - DEBUG [main:ContainerLifeCycle@400] - SelectorManager@ServerConnector@735b5592{HTTP/1.1,[http/1.1]}{0.0.0.0:8080} added {ManagedSelector@5bfbf16f{STOPPED} id=3 keys=-1 selected=-1 updates=0,AUTO}
2026-08-18 07:02:09,611 [myid:1] - DEBUG [main:ContainerLifeCycle@400] - EatWhatYouKill@25af5db5/SelectorProducer@12cdcf4/IDLE/p=false/QueuedThreadPool[qtp2137589296]@7f690630{STARTED,8<=8<=200,i=8,q=0}[ReservedThreadExecutor@5b87ed94{s=0/12,p=0}][pc=0,pic=0,pec=0,epc=0]@2026-08-18T07:02:09.611Z added {SelectorProducer@12cdcf4,POJO}
2026-08-18 07:02:09,611 [myid:1] - DEBUG [main:ContainerLifeCycle@400] - EatWhatYouKill@25af5db5/SelectorProducer@12cdcf4/IDLE/p=false/QueuedThreadPool[qtp2137589296]@7f690630{STARTED,8<=8<=200,i=8,q=0}[ReservedThreadExecutor@5b87ed94{s=0/12,p=0}][pc=0,pic=0,pec=0,epc=0]@2026-08-18T07:02:09.611Z added {QueuedThreadPool[qtp2137589296]@7f690630{STARTED,8<=8<=200,i=8,q=0}[ReservedThreadExecutor@5b87ed94{s=0/12,p=0}],UNMANAGED}
2026-08-18 07:02:09,612 [myid:1] - DEBUG [main:EatWhatYouKill@90] - EatWhatYouKill@25af5db5/SelectorProducer@12cdcf4/IDLE/p=false/QueuedThreadPool[qtp2137589296]@7f690630{STARTED,8<=8<=200,i=8,q=0}[ReservedThreadExecutor@5b87ed94{s=0/12,p=0}][pc=0,pic=0,pec=0,epc=0]@2026-08-18T07:02:09.612Z created
2026-08-18 07:02:09,613 [myid:1] - DEBUG [main:ContainerLifeCycle@400] - ManagedSelector@5bcea91b{STOPPED} id=4 keys=-1 selected=-1 updates=0 added {EatWhatYouKill@25af5db5/SelectorProducer@12cdcf4/IDLE/p=false/QueuedThreadPool[qtp2137589296]@7f690630{STARTED,8<=8<=200,i=8,q=0}[ReservedThreadExecutor@5b87ed94{s=0/12,p=0}][pc=0,pic=0,pec=0,epc=0]@2026-08-18T07:02:09.613Z,MANAGED}
2026-08-18 07:02:09,614 [myid:1] - DEBUG [main:ContainerLifeCycle@400] - SelectorManager@ServerConnector@735b5592{HTTP/1.1,[http/1.1]}{0.0.0.0:8080} added {ManagedSelector@5bcea91b{STOPPED} id=4 keys=-1 selected=-1 updates=0,AUTO}
2026-08-18 07:02:09,615 [myid:1] - DEBUG [main:ContainerLifeCycle@400] - EatWhatYouKill@5f3a4b84/SelectorProducer@27f723/IDLE/p=false/QueuedThreadPool[qtp2137589296]@7f690630{STARTED,8<=8<=200,i=8,q=0}[ReservedThreadExecutor@5b87ed94{s=0/12,p=0}][pc=0,pic=0,pec=0,epc=0]@2026-08-18T07:02:09.614Z added {SelectorProducer@27f723,POJO}
2026-08-18 07:02:09,615 [myid:1] - DEBUG [main:ContainerLifeCycle@400] - EatWhatYouKill@5f3a4b84/SelectorProducer@27f723/IDLE/p=false/QueuedThreadPool[qtp2137589296]@7f690630{STARTED,8<=8<=200,i=8,q=0}[ReservedThreadExecutor@5b87ed94{s=0/12,p=0}][pc=0,pic=0,pec=0,epc=0]@2026-08-18T07:02:09.615Z added {QueuedThreadPool[qtp2137589296]@7f690630{STARTED,8<=8<=200,i=8,q=0}[ReservedThreadExecutor@5b87ed94{s=0/12,p=0}],UNMANAGED}
2026-08-18 07:02:09,615 [myid:1] - DEBUG [main:EatWhatYouKill@90] - EatWhatYouKill@5f3a4b84/SelectorProducer@27f723/IDLE/p=false/QueuedThreadPool[qtp2137589296]@7f690630{STARTED,8<=8<=200,i=8,q=0}[ReservedThreadExecutor@5b87ed94{s=0/12,p=0}][pc=0,pic=0,pec=0,epc=0]@2026-08-18T07:02:09.615Z created
2026-08-18 07:02:09,616 [myid:1] - DEBUG [main:ContainerLifeCycle@400] - ManagedSelector@670b40af{STOPPED} id=5 keys=-1 selected=-1 updates=0 added {EatWhatYouKill@5f3a4b84/SelectorProducer@27f723/IDLE/p=false/QueuedThreadPool[qtp2137589296]@7f690630{STARTED,8<=8<=200,i=8,q=0}[ReservedThreadExecutor@5b87ed94{s=0/12,p=0}][pc=0,pic=0,pec=0,epc=0]@2026-08-18T07:02:09.616Z,MANAGED}
2026-08-18 07:02:09,616 [myid:1] - DEBUG [main:ContainerLifeCycle@400] - SelectorManager@ServerConnector@735b5592{HTTP/1.1,[http/1.1]}{0.0.0.0:8080} added {ManagedSelector@670b40af{STOPPED} id=5 keys=-1 selected=-1 updates=0,AUTO}
2026-08-18 07:02:09,617 [myid:1] - DEBUG [main:AbstractLifeCycle@185] - starting ManagedSelector@e874448{STOPPED} id=0 keys=-1 selected=-1 updates=0
2026-08-18 07:02:09,617 [myid:1] - DEBUG [main:AbstractLifeCycle@185] - starting EatWhatYouKill@6f195bc3/SelectorProducer@2c039ac6/IDLE/p=false/QueuedThreadPool[qtp2137589296]@7f690630{STARTED,8<=8<=200,i=8,q=0}[ReservedThreadExecutor@5b87ed94{s=0/12,p=0}][pc=0,pic=0,pec=0,epc=0]@2026-08-18T07:02:09.617Z
2026-08-18 07:02:09,617 [myid:1] - DEBUG [main:AbstractLifeCycle@177] - STARTED @534ms EatWhatYouKill@6f195bc3/SelectorProducer@2c039ac6/IDLE/p=false/QueuedThreadPool[qtp2137589296]@7f690630{STARTED,8<=8<=200,i=8,q=0}[ReservedThreadExecutor@5b87ed94{s=0/12,p=0}][pc=0,pic=0,pec=0,epc=0]@2026-08-18T07:02:09.617Z
2026-08-18 07:02:09,621 [myid:1] - DEBUG [main:QueuedThreadPool@467] - queue org.eclipse.jetty.io.ManagedSelector$$Lambda$29/2070529722@46daef40
2026-08-18 07:02:09,622 [myid:1] - DEBUG [qtp2137589296-12:QueuedThreadPool$2@742] - run org.eclipse.jetty.io.ManagedSelector$$Lambda$29/2070529722@46daef40
2026-08-18 07:02:09,622 [myid:1] - DEBUG [main:ManagedSelector@160] - Queued change org.eclipse.jetty.io.ManagedSelector$Start@12f41634 on ManagedSelector@e874448{STARTING} id=0 keys=0 selected=0 updates=0
2026-08-18 07:02:09,622 [myid:1] - DEBUG [qtp2137589296-12:EatWhatYouKill@138] - EatWhatYouKill@6f195bc3/SelectorProducer@2c039ac6/IDLE/p=false/QueuedThreadPool[qtp2137589296]@7f690630{STARTED,8<=8<=200,i=7,q=0}[ReservedThreadExecutor@5b87ed94{s=0/12,p=0}][pc=0,pic=0,pec=0,epc=0]@2026-08-18T07:02:09.622Z tryProduce false
2026-08-18 07:02:09,624 [myid:1] - DEBUG [qtp2137589296-12:ManagedSelector$SelectorProducer@416] - updateable 1
2026-08-18 07:02:09,624 [myid:1] - DEBUG [qtp2137589296-12:ManagedSelector$SelectorProducer@425] - update org.eclipse.jetty.io.ManagedSelector$Start@12f41634
2026-08-18 07:02:09,624 [myid:1] - DEBUG [qtp2137589296-12:ManagedSelector$SelectorProducer@445] - updates 0
2026-08-18 07:02:09,624 [myid:1] - DEBUG [qtp2137589296-12:ManagedSelector$SelectorProducer@463] - Selector sun.nio.ch.EPollSelectorImpl@36227b00 waiting with 0 keys
2026-08-18 07:02:09,624 [myid:1] - DEBUG [main:AbstractLifeCycle@177] - STARTED @541ms ManagedSelector@e874448{STARTED} id=0 keys=0 selected=0 updates=0
2026-08-18 07:02:09,625 [myid:1] - DEBUG [main:AbstractLifeCycle@185] - starting ManagedSelector@7113b13f{STOPPED} id=1 keys=-1 selected=-1 updates=0
2026-08-18 07:02:09,625 [myid:1] - DEBUG [main:AbstractLifeCycle@185] - starting EatWhatYouKill@29b5cd00/SelectorProducer@60285225/IDLE/p=false/QueuedThreadPool[qtp2137589296]@7f690630{STARTED,8<=8<=200,i=7,q=0}[ReservedThreadExecutor@5b87ed94{s=0/12,p=0}][pc=0,pic=0,pec=0,epc=0]@2026-08-18T07:02:09.625Z
2026-08-18 07:02:09,625 [myid:1] - DEBUG [main:AbstractLifeCycle@177] - STARTED @542ms EatWhatYouKill@29b5cd00/SelectorProducer@60285225/IDLE/p=false/QueuedThreadPool[qtp2137589296]@7f690630{STARTED,8<=8<=200,i=7,q=0}[ReservedThreadExecutor@5b87ed94{s=0/12,p=0}][pc=0,pic=0,pec=0,epc=0]@2026-08-18T07:02:09.625Z
2026-08-18 07:02:09,626 [myid:1] - DEBUG [main:QueuedThreadPool@467] - queue org.eclipse.jetty.io.ManagedSelector$$Lambda$29/2070529722@13c27452
2026-08-18 07:02:09,626 [myid:1] - DEBUG [qtp2137589296-13:QueuedThreadPool$2@742] - run org.eclipse.jetty.io.ManagedSelector$$Lambda$29/2070529722@13c27452
2026-08-18 07:02:09,626 [myid:1] - DEBUG [main:ManagedSelector@160] - Queued change org.eclipse.jetty.io.ManagedSelector$Start@262b2c86 on ManagedSelector@7113b13f{STARTING} id=1 keys=0 selected=0 updates=0
2026-08-18 07:02:09,626 [myid:1] - DEBUG [qtp2137589296-13:EatWhatYouKill@138] - EatWhatYouKill@29b5cd00/SelectorProducer@60285225/IDLE/p=false/QueuedThreadPool[qtp2137589296]@7f690630{STARTED,8<=8<=200,i=6,q=0}[ReservedThreadExecutor@5b87ed94{s=0/12,p=0}][pc=0,pic=0,pec=0,epc=0]@2026-08-18T07:02:09.626Z tryProduce false
2026-08-18 07:02:09,626 [myid:1] - DEBUG [qtp2137589296-13:ManagedSelector$SelectorProducer@416] - updateable 1
2026-08-18 07:02:09,627 [myid:1] - DEBUG [qtp2137589296-13:ManagedSelector$SelectorProducer@425] - update org.eclipse.jetty.io.ManagedSelector$Start@262b2c86
2026-08-18 07:02:09,627 [myid:1] - DEBUG [qtp2137589296-13:ManagedSelector$SelectorProducer@445] - updates 0
2026-08-18 07:02:09,627 [myid:1] - DEBUG [main:AbstractLifeCycle@177] - STARTED @544ms ManagedSelector@7113b13f{STARTED} id=1 keys=0 selected=0 updates=0
2026-08-18 07:02:09,627 [myid:1] - DEBUG [qtp2137589296-13:ManagedSelector$SelectorProducer@463] - Selector sun.nio.ch.EPollSelectorImpl@3e0e58e8 waiting with 0 keys
2026-08-18 07:02:09,627 [myid:1] - DEBUG [main:AbstractLifeCycle@185] - starting ManagedSelector@6043cd28{STOPPED} id=2 keys=-1 selected=-1 updates=0
2026-08-18 07:02:09,627 [myid:1] - DEBUG [main:AbstractLifeCycle@185] - starting EatWhatYouKill@45820e51/SelectorProducer@42d8062c/IDLE/p=false/QueuedThreadPool[qtp2137589296]@7f690630{STARTED,8<=8<=200,i=6,q=0}[ReservedThreadExecutor@5b87ed94{s=0/12,p=0}][pc=0,pic=0,pec=0,epc=0]@2026-08-18T07:02:09.627Z
2026-08-18 07:02:09,628 [myid:1] - DEBUG [main:AbstractLifeCycle@177] - STARTED @545ms EatWhatYouKill@45820e51/SelectorProducer@42d8062c/IDLE/p=false/QueuedThreadPool[qtp2137589296]@7f690630{STARTED,8<=8<=200,i=6,q=0}[ReservedThreadExecutor@5b87ed94{s=0/12,p=0}][pc=0,pic=0,pec=0,epc=0]@2026-08-18T07:02:09.628Z
2026-08-18 07:02:09,628 [myid:1] - DEBUG [main:QueuedThreadPool@467] - queue org.eclipse.jetty.io.ManagedSelector$$Lambda$29/2070529722@371a67ec
2026-08-18 07:02:09,628 [myid:1] - DEBUG [qtp2137589296-14:QueuedThreadPool$2@742] - run org.eclipse.jetty.io.ManagedSelector$$Lambda$29/2070529722@371a67ec
2026-08-18 07:02:09,628 [myid:1] - DEBUG [main:ManagedSelector@160] - Queued change org.eclipse.jetty.io.ManagedSelector$Start@5ed828d on ManagedSelector@6043cd28{STARTING} id=2 keys=0 selected=0 updates=0
2026-08-18 07:02:09,629 [myid:1] - DEBUG [qtp2137589296-14:EatWhatYouKill@138] - EatWhatYouKill@45820e51/SelectorProducer@42d8062c/IDLE/p=false/QueuedThreadPool[qtp2137589296]@7f690630{STARTED,8<=8<=200,i=5,q=0}[ReservedThreadExecutor@5b87ed94{s=0/12,p=0}][pc=0,pic=0,pec=0,epc=0]@2026-08-18T07:02:09.629Z tryProduce false
2026-08-18 07:02:09,629 [myid:1] - DEBUG [qtp2137589296-14:ManagedSelector$SelectorProducer@416] - updateable 1
2026-08-18 07:02:09,629 [myid:1] - DEBUG [qtp2137589296-14:ManagedSelector$SelectorProducer@425] - update org.eclipse.jetty.io.ManagedSelector$Start@5ed828d
2026-08-18 07:02:09,629 [myid:1] - DEBUG [qtp2137589296-14:ManagedSelector$SelectorProducer@445] - updates 0
2026-08-18 07:02:09,629 [myid:1] - DEBUG [qtp2137589296-14:ManagedSelector$SelectorProducer@463] - Selector sun.nio.ch.EPollSelectorImpl@5ca3757d waiting with 0 keys
2026-08-18 07:02:09,629 [myid:1] - DEBUG [main:AbstractLifeCycle@177] - STARTED @546ms ManagedSelector@6043cd28{STARTED} id=2 keys=0 selected=0 updates=0
2026-08-18 07:02:09,630 [myid:1] - DEBUG [main:AbstractLifeCycle@185] - starting ManagedSelector@5bfbf16f{STOPPED} id=3 keys=-1 selected=-1 updates=0
2026-08-18 07:02:09,630 [myid:1] - DEBUG [main:AbstractLifeCycle@185] - starting EatWhatYouKill@cb51256/SelectorProducer@59906517/IDLE/p=false/QueuedThreadPool[qtp2137589296]@7f690630{STARTED,8<=8<=200,i=5,q=0}[ReservedThreadExecutor@5b87ed94{s=0/12,p=0}][pc=0,pic=0,pec=0,epc=0]@2026-08-18T07:02:09.63Z
2026-08-18 07:02:09,630 [myid:1] - DEBUG [main:AbstractLifeCycle@177] - STARTED @547ms EatWhatYouKill@cb51256/SelectorProducer@59906517/IDLE/p=false/QueuedThreadPool[qtp2137589296]@7f690630{STARTED,8<=8<=200,i=5,q=0}[ReservedThreadExecutor@5b87ed94{s=0/12,p=0}][pc=0,pic=0,pec=0,epc=0]@2026-08-18T07:02:09.63Z
2026-08-18 07:02:09,631 [myid:1] - DEBUG [main:QueuedThreadPool@467] - queue org.eclipse.jetty.io.ManagedSelector$$Lambda$29/2070529722@50d0686
2026-08-18 07:02:09,631 [myid:1] - DEBUG [qtp2137589296-15:QueuedThreadPool$2@742] - run org.eclipse.jetty.io.ManagedSelector$$Lambda$29/2070529722@50d0686
2026-08-18 07:02:09,631 [myid:1] - DEBUG [main:ManagedSelector@160] - Queued change org.eclipse.jetty.io.ManagedSelector$Start@7a3d45bd on ManagedSelector@5bfbf16f{STARTING} id=3 keys=0 selected=0 updates=0
2026-08-18 07:02:09,631 [myid:1] - DEBUG [qtp2137589296-15:EatWhatYouKill@138] - EatWhatYouKill@cb51256/SelectorProducer@59906517/IDLE/p=false/QueuedThreadPool[qtp2137589296]@7f690630{STARTED,8<=8<=200,i=4,q=0}[ReservedThreadExecutor@5b87ed94{s=0/12,p=0}][pc=0,pic=0,pec=0,epc=0]@2026-08-18T07:02:09.631Z tryProduce false
2026-08-18 07:02:09,631 [myid:1] - DEBUG [qtp2137589296-15:ManagedSelector$SelectorProducer@416] - updateable 1
2026-08-18 07:02:09,631 [myid:1] - DEBUG [qtp2137589296-15:ManagedSelector$SelectorProducer@425] - update org.eclipse.jetty.io.ManagedSelector$Start@7a3d45bd
2026-08-18 07:02:09,632 [myid:1] - DEBUG [qtp2137589296-15:ManagedSelector$SelectorProducer@445] - updates 0
2026-08-18 07:02:09,632 [myid:1] - DEBUG [qtp2137589296-15:ManagedSelector$SelectorProducer@463] - Selector sun.nio.ch.EPollSelectorImpl@36a7279d waiting with 0 keys
2026-08-18 07:02:09,632 [myid:1] - DEBUG [main:AbstractLifeCycle@177] - STARTED @549ms ManagedSelector@5bfbf16f{STARTED} id=3 keys=0 selected=0 updates=0
2026-08-18 07:02:09,632 [myid:1] - DEBUG [main:AbstractLifeCycle@185] - starting ManagedSelector@5bcea91b{STOPPED} id=4 keys=-1 selected=-1 updates=0
2026-08-18 07:02:09,632 [myid:1] - DEBUG [main:AbstractLifeCycle@185] - starting EatWhatYouKill@25af5db5/SelectorProducer@12cdcf4/IDLE/p=false/QueuedThreadPool[qtp2137589296]@7f690630{STARTED,8<=8<=200,i=4,q=0}[ReservedThreadExecutor@5b87ed94{s=0/12,p=0}][pc=0,pic=0,pec=0,epc=0]@2026-08-18T07:02:09.632Z
2026-08-18 07:02:09,633 [myid:1] - DEBUG [main:AbstractLifeCycle@177] - STARTED @550ms EatWhatYouKill@25af5db5/SelectorProducer@12cdcf4/IDLE/p=false/QueuedThreadPool[qtp2137589296]@7f690630{STARTED,8<=8<=200,i=4,q=0}[ReservedThreadExecutor@5b87ed94{s=0/12,p=0}][pc=0,pic=0,pec=0,epc=0]@2026-08-18T07:02:09.633Z
2026-08-18 07:02:09,633 [myid:1] - DEBUG [main:QueuedThreadPool@467] - queue org.eclipse.jetty.io.ManagedSelector$$Lambda$29/2070529722@1e7c7811
2026-08-18 07:02:09,633 [myid:1] - DEBUG [qtp2137589296-16:QueuedThreadPool$2@742] - run org.eclipse.jetty.io.ManagedSelector$$Lambda$29/2070529722@1e7c7811
2026-08-18 07:02:09,633 [myid:1] - DEBUG [main:ManagedSelector@160] - Queued change org.eclipse.jetty.io.ManagedSelector$Start@77ec78b9 on ManagedSelector@5bcea91b{STARTING} id=4 keys=0 selected=0 updates=0
2026-08-18 07:02:09,634 [myid:1] - DEBUG [qtp2137589296-16:EatWhatYouKill@138] - EatWhatYouKill@25af5db5/SelectorProducer@12cdcf4/IDLE/p=false/QueuedThreadPool[qtp2137589296]@7f690630{STARTED,8<=8<=200,i=3,q=0}[ReservedThreadExecutor@5b87ed94{s=0/12,p=0}][pc=0,pic=0,pec=0,epc=0]@2026-08-18T07:02:09.634Z tryProduce false
2026-08-18 07:02:09,634 [myid:1] - DEBUG [qtp2137589296-16:ManagedSelector$SelectorProducer@416] - updateable 1
2026-08-18 07:02:09,634 [myid:1] - DEBUG [qtp2137589296-16:ManagedSelector$SelectorProducer@425] - update org.eclipse.jetty.io.ManagedSelector$Start@77ec78b9
2026-08-18 07:02:09,634 [myid:1] - DEBUG [qtp2137589296-16:ManagedSelector$SelectorProducer@445] - updates 0
2026-08-18 07:02:09,634 [myid:1] - DEBUG [main:AbstractLifeCycle@177] - STARTED @551ms ManagedSelector@5bcea91b{STARTED} id=4 keys=0 selected=0 updates=0
2026-08-18 07:02:09,634 [myid:1] - DEBUG [qtp2137589296-16:ManagedSelector$SelectorProducer@463] - Selector sun.nio.ch.EPollSelectorImpl@7a0fc609 waiting with 0 keys
2026-08-18 07:02:09,634 [myid:1] - DEBUG [main:AbstractLifeCycle@185] - starting ManagedSelector@670b40af{STOPPED} id=5 keys=-1 selected=-1 updates=0
2026-08-18 07:02:09,635 [myid:1] - DEBUG [main:AbstractLifeCycle@185] - starting EatWhatYouKill@5f3a4b84/SelectorProducer@27f723/IDLE/p=false/QueuedThreadPool[qtp2137589296]@7f690630{STARTED,8<=8<=200,i=3,q=0}[ReservedThreadExecutor@5b87ed94{s=0/12,p=0}][pc=0,pic=0,pec=0,epc=0]@2026-08-18T07:02:09.635Z
2026-08-18 07:02:09,635 [myid:1] - DEBUG [main:AbstractLifeCycle@177] - STARTED @552ms EatWhatYouKill@5f3a4b84/SelectorProducer@27f723/IDLE/p=false/QueuedThreadPool[qtp2137589296]@7f690630{STARTED,8<=8<=200,i=3,q=0}[ReservedThreadExecutor@5b87ed94{s=0/12,p=0}][pc=0,pic=0,pec=0,epc=0]@2026-08-18T07:02:09.635Z
2026-08-18 07:02:09,635 [myid:1] - DEBUG [main:QueuedThreadPool@467] - queue org.eclipse.jetty.io.ManagedSelector$$Lambda$29/2070529722@1a3869f4
2026-08-18 07:02:09,636 [myid:1] - DEBUG [main:ManagedSelector@160] - Queued change org.eclipse.jetty.io.ManagedSelector$Start@a38d7a3 on ManagedSelector@670b40af{STARTING} id=5 keys=0 selected=0 updates=0
2026-08-18 07:02:09,636 [myid:1] - DEBUG [qtp2137589296-17:QueuedThreadPool$2@742] - run org.eclipse.jetty.io.ManagedSelector$$Lambda$29/2070529722@1a3869f4
2026-08-18 07:02:09,636 [myid:1] - DEBUG [qtp2137589296-17:EatWhatYouKill@138] - EatWhatYouKill@5f3a4b84/SelectorProducer@27f723/IDLE/p=false/QueuedThreadPool[qtp2137589296]@7f690630{STARTED,8<=8<=200,i=2,q=0}[ReservedThreadExecutor@5b87ed94{s=0/12,p=0}][pc=0,pic=0,pec=0,epc=0]@2026-08-18T07:02:09.636Z tryProduce false
2026-08-18 07:02:09,636 [myid:1] - DEBUG [qtp2137589296-17:ManagedSelector$SelectorProducer@416] - updateable 1
2026-08-18 07:02:09,636 [myid:1] - DEBUG [qtp2137589296-17:ManagedSelector$SelectorProducer@425] - update org.eclipse.jetty.io.ManagedSelector$Start@a38d7a3
2026-08-18 07:02:09,637 [myid:1] - DEBUG [qtp2137589296-17:ManagedSelector$SelectorProducer@445] - updates 0
2026-08-18 07:02:09,637 [myid:1] - DEBUG [main:AbstractLifeCycle@177] - STARTED @554ms ManagedSelector@670b40af{STARTED} id=5 keys=0 selected=0 updates=0
2026-08-18 07:02:09,637 [myid:1] - DEBUG [qtp2137589296-17:ManagedSelector$SelectorProducer@463] - Selector sun.nio.ch.EPollSelectorImpl@7e1d0cc9 waiting with 0 keys
2026-08-18 07:02:09,637 [myid:1] - DEBUG [main:AbstractLifeCycle@177] - STARTED @554ms SelectorManager@ServerConnector@735b5592{HTTP/1.1,[http/1.1]}{0.0.0.0:8080}
2026-08-18 07:02:09,638 [myid:1] - DEBUG [main:ContainerLifeCycle@400] - ServerConnector@735b5592{HTTP/1.1,[http/1.1]}{0.0.0.0:8080} added {acceptor-0@3aeaafa6,POJO}
2026-08-18 07:02:09,638 [myid:1] - DEBUG [main:QueuedThreadPool@467] - queue acceptor-0@3aeaafa6
2026-08-18 07:02:09,639 [myid:1] - INFO  [main:AbstractConnector@292] - Started ServerConnector@735b5592{HTTP/1.1,[http/1.1]}{0.0.0.0:8080}
2026-08-18 07:02:09,639 [myid:1] - DEBUG [main:AbstractLifeCycle@177] - STARTED @556ms ServerConnector@735b5592{HTTP/1.1,[http/1.1]}{0.0.0.0:8080}
2026-08-18 07:02:09,639 [myid:1] - INFO  [main:Server@410] - Started @556ms
2026-08-18 07:02:09,639 [myid:1] - DEBUG [qtp2137589296-18:QueuedThreadPool$2@742] - run acceptor-0@3aeaafa6
2026-08-18 07:02:09,639 [myid:1] - DEBUG [main:AbstractLifeCycle@177] - STARTED @556ms Server@73f792cf{STARTED}[9.4.17.v20190418]
2026-08-18 07:02:09,639 [myid:1] - INFO  [main:JettyAdminServer@112] - Started AdminServer on address 0.0.0.0, port 8080 and command URL /commands
2026-08-18 07:02:09,644 [myid:1] - INFO  [main:ServerCnxnFactory@135] - Using org.apache.zookeeper.server.NIOServerCnxnFactory as server connection factory
2026-08-18 07:02:09,647 [myid:1] - INFO  [main:NIOServerCnxnFactory@673] - Configuring NIO connection handler with 10s sessionless connection timeout, 2 selector thread(s), 24 worker threads, and 64 kB direct buffers.
2026-08-18 07:02:09,649 [myid:1] - INFO  [main:NIOServerCnxnFactory@686] - binding to port /0.0.0.0:2181
2026-08-18 07:02:09,660 [myid:1] - INFO  [main:ZKDatabase@117] - zookeeper.snapshotSizeFactor = 0.33
2026-08-18 07:02:09,662 [myid:1] - INFO  [main:FileTxnSnapLog@372] - Snapshotting: 0x0 to /data/version-2/snapshot.0
2026-08-18 07:02:09,665 [myid:1] - INFO  [main:FileTxnSnapLog@372] - Snapshotting: 0x0 to /data/version-2/snapshot.0
2026-08-18 07:02:09,678 [myid:1] - INFO  [main:ContainerManager@64] - Using checkIntervalMs=60000 maxPerMinute=10000
2026-08-18 07:03:43,346 [myid:1] - DEBUG [NIOServerCxnFactory.AcceptThread:/0.0.0.0:2181:NIOServerCnxnFactory$AcceptThread@296] - Accepted socket connection from /172.18.0.2:36978
2026-08-18 07:03:43,352 [myid:1] - DEBUG [NIOWorkerThread-1:ZooKeeperServer@1001] - Session establishment request from client /172.18.0.2:36978 client's lastZxid is 0x0
2026-08-18 07:03:43,352 [myid:1] - DEBUG [NIOWorkerThread-1:SessionTrackerImpl@274] - Adding session 0x10013915d9b0000
2026-08-18 07:03:43,353 [myid:1] - TRACE [NIOWorkerThread-1:ZooTrace@71] - SessionTrackerImpl --- Adding session 0x10013915d9b0000 15000
2026-08-18 07:03:43,354 [myid:1] - DEBUG [NIOWorkerThread-1:ZooKeeperServer@1052] - Client attempting to establish new session: session = 0x10013915d9b0000, zxid = 0x0, timeout = 15000, address = /172.18.0.2:36978
2026-08-18 07:03:43,354 [myid:1] - TRACE [ProcessThread(sid:0 cport:2181)::ZooTrace@88] - :Psessionid:0x10013915d9b0000 type:createSession cxid:0x0 zxid:0xfffffffffffffffe txntype:unknown reqpath:n/a
2026-08-18 07:03:43,355 [myid:1] - TRACE [ProcessThread(sid:0 cport:2181)::ZooTrace@71] - SessionTrackerImpl --- Existing session 0x10013915d9b0000 15000
2026-08-18 07:03:43,355 [myid:1] - INFO  [SyncThread:0:FileTxnLog@216] - Creating new log file: log.1
2026-08-18 07:03:43,359 [myid:1] - DEBUG [SyncThread:0:FinalRequestProcessor@99] - Processing request:: sessionid:0x10013915d9b0000 type:createSession cxid:0x0 zxid:0x1 txntype:-10 reqpath:n/a
2026-08-18 07:03:43,359 [myid:1] - TRACE [SyncThread:0:ZooTrace@88] - :Esessionid:0x10013915d9b0000 type:createSession cxid:0x0 zxid:0x1 txntype:-10 reqpath:n/a
2026-08-18 07:03:43,361 [myid:1] - TRACE [SyncThread:0:ZooTrace@71] - SessionTrackerImpl --- Existing session 0x10013915d9b0000 15000
2026-08-18 07:03:43,362 [myid:1] - DEBUG [SyncThread:0:FinalRequestProcessor@186] - sessionid:0x10013915d9b0000 type:createSession cxid:0x0 zxid:0x1 txntype:-10 reqpath:n/a
2026-08-18 07:03:43,363 [myid:1] - TRACE [SyncThread:0:NIOServerCnxn@156] - Add a buffer to outgoingBuffers, sk sun.nio.ch.SelectionKeyImpl@af9d3d7 is valid: true
2026-08-18 07:03:43,363 [myid:1] - DEBUG [SyncThread:0:ZooKeeperServer@754] - Established session 0x10013915d9b0000 with negotiated timeout 15000 for client /172.18.0.2:36978
2026-08-18 07:03:43,365 [myid:1] - TRACE [ProcessThread(sid:0 cport:2181)::ZooTrace@88] - :Psessionid:0x10013915d9b0000 type:exists cxid:0x1 zxid:0xfffffffffffffffe txntype:unknown reqpath:/parent
2026-08-18 07:03:43,365 [myid:1] - DEBUG [ProcessThread(sid:0 cport:2181)::SessionTrackerImpl@296] - Checking session 0x10013915d9b0000
2026-08-18 07:03:43,365 [myid:1] - DEBUG [SyncThread:0:FinalRequestProcessor@99] - Processing request:: sessionid:0x10013915d9b0000 type:exists cxid:0x1 zxid:0xfffffffffffffffe txntype:unknown reqpath:/parent
2026-08-18 07:03:43,365 [myid:1] - TRACE [SyncThread:0:ZooTrace@88] - :Esessionid:0x10013915d9b0000 type:exists cxid:0x1 zxid:0xfffffffffffffffe txntype:unknown reqpath:/parent
2026-08-18 07:03:43,366 [myid:1] - DEBUG [SyncThread:0:FinalRequestProcessor@186] - sessionid:0x10013915d9b0000 type:exists cxid:0x1 zxid:0xfffffffffffffffe txntype:unknown reqpath:/parent
2026-08-18 07:03:43,368 [myid:1] - TRACE [SyncThread:0:NIOServerCnxn@156] - Add a buffer to outgoingBuffers, sk sun.nio.ch.SelectionKeyImpl@af9d3d7 is valid: true
2026-08-18 07:03:43,369 [myid:1] - TRACE [ProcessThread(sid:0 cport:2181)::ZooTrace@88] - :Psessionid:0x10013915d9b0000 type:create cxid:0x2 zxid:0xfffffffffffffffe txntype:unknown reqpath:/parent
2026-08-18 07:03:43,370 [myid:1] - DEBUG [ProcessThread(sid:0 cport:2181)::SessionTrackerImpl@296] - Checking session 0x10013915d9b0000
2026-08-18 07:03:43,371 [myid:1] - DEBUG [ProcessThread(sid:0 cport:2181)::PrepRequestProcessor@963] - Processing ACL: 31,s{'world,'anyone}

2026-08-18 07:03:43,371 [myid:1] - DEBUG [ProcessThread(sid:0 cport:2181)::PrepRequestProcessor@298] - Permission requested: 4 
2026-08-18 07:03:43,371 [myid:1] - DEBUG [ProcessThread(sid:0 cport:2181)::PrepRequestProcessor@299] - ACLs for node: [31,s{'world,'anyone}
]
2026-08-18 07:03:43,371 [myid:1] - DEBUG [ProcessThread(sid:0 cport:2181)::PrepRequestProcessor@300] - Client credentials: ['ip,'172.18.0.2
]
2026-08-18 07:03:43,373 [myid:1] - DEBUG [SyncThread:0:FinalRequestProcessor@99] - Processing request:: sessionid:0x10013915d9b0000 type:create cxid:0x2 zxid:0x2 txntype:1 reqpath:n/a
2026-08-18 07:03:43,373 [myid:1] - TRACE [SyncThread:0:ZooTrace@88] - :Esessionid:0x10013915d9b0000 type:create cxid:0x2 zxid:0x2 txntype:1 reqpath:n/a
2026-08-18 07:03:43,374 [myid:1] - DEBUG [SyncThread:0:FinalRequestProcessor@186] - sessionid:0x10013915d9b0000 type:create cxid:0x2 zxid:0x2 txntype:1 reqpath:n/a
2026-08-18 07:03:43,374 [myid:1] - TRACE [SyncThread:0:NIOServerCnxn@156] - Add a buffer to outgoingBuffers, sk sun.nio.ch.SelectionKeyImpl@af9d3d7 is valid: true
2026-08-18 07:03:43,376 [myid:1] - INFO  [NIOWorkerThread-7:ZooKeeperServer@1095] - got auth packet /172.18.0.2:36978
2026-08-18 07:03:43,377 [myid:1] - DEBUG [NIOWorkerThread-7:ZooKeeperServer@1111] - Authentication succeeded for scheme: digest
2026-08-18 07:03:43,377 [myid:1] - INFO  [NIOWorkerThread-7:ZooKeeperServer@1113] - auth success /172.18.0.2:36978
2026-08-18 07:03:43,377 [myid:1] - TRACE [NIOWorkerThread-7:NIOServerCnxn@156] - Add a buffer to outgoingBuffers, sk sun.nio.ch.SelectionKeyImpl@af9d3d7 is valid: true
2026-08-18 07:03:43,386 [myid:1] - TRACE [ProcessThread(sid:0 cport:2181)::ZooTrace@88] - :Psessionid:0x10013915d9b0000 type:multi cxid:0x3 zxid:0xfffffffffffffffe txntype:unknown reqpath: 
2026-08-18 07:03:43,393 [myid:1] - DEBUG [ProcessThread(sid:0 cport:2181)::SessionTrackerImpl@296] - Checking session 0x10013915d9b0000
2026-08-18 07:03:43,394 [myid:1] - DEBUG [ProcessThread(sid:0 cport:2181)::PrepRequestProcessor@963] - Processing ACL: 31,s{'auth,}

2026-08-18 07:03:43,394 [myid:1] - DEBUG [ProcessThread(sid:0 cport:2181)::PrepRequestProcessor@298] - Permission requested: 4 
2026-08-18 07:03:43,394 [myid:1] - DEBUG [ProcessThread(sid:0 cport:2181)::PrepRequestProcessor@299] - ACLs for node: [31,s{'world,'anyone}
]
2026-08-18 07:03:43,394 [myid:1] - DEBUG [ProcessThread(sid:0 cport:2181)::PrepRequestProcessor@300] - Client credentials: ['ip,'172.18.0.2
, 'digest,'pat:KDzjoQ5VTKQfcjheJHwntPTKiXc=
]
2026-08-18 07:03:43,395 [myid:1] - DEBUG [ProcessThread(sid:0 cport:2181)::SessionTrackerImpl@296] - Checking session 0x10013915d9b0000
2026-08-18 07:03:43,395 [myid:1] - DEBUG [ProcessThread(sid:0 cport:2181)::PrepRequestProcessor@963] - Processing ACL: 31,s{'auth,}

2026-08-18 07:03:43,395 [myid:1] - DEBUG [ProcessThread(sid:0 cport:2181)::PrepRequestProcessor@298] - Permission requested: 4 
2026-08-18 07:03:43,395 [myid:1] - DEBUG [ProcessThread(sid:0 cport:2181)::PrepRequestProcessor@299] - ACLs for node: [31,s{'world,'anyone}
]
2026-08-18 07:03:43,395 [myid:1] - DEBUG [ProcessThread(sid:0 cport:2181)::PrepRequestProcessor@300] - Client credentials: ['ip,'172.18.0.2
, 'digest,'pat:KDzjoQ5VTKQfcjheJHwntPTKiXc=
]
2026-08-18 07:03:43,395 [myid:1] - DEBUG [ProcessThread(sid:0 cport:2181)::SessionTrackerImpl@296] - Checking session 0x10013915d9b0000
2026-08-18 07:03:43,395 [myid:1] - DEBUG [ProcessThread(sid:0 cport:2181)::PrepRequestProcessor@963] - Processing ACL: 31,s{'auth,}

2026-08-18 07:03:43,395 [myid:1] - DEBUG [ProcessThread(sid:0 cport:2181)::PrepRequestProcessor@298] - Permission requested: 4 
2026-08-18 07:03:43,395 [myid:1] - DEBUG [ProcessThread(sid:0 cport:2181)::PrepRequestProcessor@299] - ACLs for node: [31,s{'world,'anyone}
]
2026-08-18 07:03:43,396 [myid:1] - DEBUG [ProcessThread(sid:0 cport:2181)::PrepRequestProcessor@300] - Client credentials: ['ip,'172.18.0.2
, 'digest,'pat:KDzjoQ5VTKQfcjheJHwntPTKiXc=
]
2026-08-18 07:03:43,396 [myid:1] - DEBUG [ProcessThread(sid:0 cport:2181)::SessionTrackerImpl@296] - Checking session 0x10013915d9b0000
2026-08-18 07:03:43,396 [myid:1] - DEBUG [ProcessThread(sid:0 cport:2181)::PrepRequestProcessor@963] - Processing ACL: 31,s{'auth,}

2026-08-18 07:03:43,396 [myid:1] - DEBUG [ProcessThread(sid:0 cport:2181)::PrepRequestProcessor@298] - Permission requested: 4 
2026-08-18 07:03:43,396 [myid:1] - DEBUG [ProcessThread(sid:0 cport:2181)::PrepRequestProcessor@299] - ACLs for node: [31,s{'world,'anyone}
]
2026-08-18 07:03:43,396 [myid:1] - DEBUG [ProcessThread(sid:0 cport:2181)::PrepRequestProcessor@300] - Client credentials: ['ip,'172.18.0.2
, 'digest,'pat:KDzjoQ5VTKQfcjheJHwntPTKiXc=
]
2026-08-18 07:03:43,396 [myid:1] - DEBUG [ProcessThread(sid:0 cport:2181)::SessionTrackerImpl@296] - Checking session 0x10013915d9b0000
2026-08-18 07:03:43,396 [myid:1] - DEBUG [ProcessThread(sid:0 cport:2181)::PrepRequestProcessor@963] - Processing ACL: 31,s{'auth,}

2026-08-18 07:03:43,396 [myid:1] - DEBUG [ProcessThread(sid:0 cport:2181)::PrepRequestProcessor@298] - Permission requested: 4 
2026-08-18 07:03:43,396 [myid:1] - DEBUG [ProcessThread(sid:0 cport:2181)::PrepRequestProcessor@299] - ACLs for node: [31,s{'world,'anyone}
]
2026-08-18 07:03:43,396 [myid:1] - DEBUG [ProcessThread(sid:0 cport:2181)::PrepRequestProcessor@300] - Client credentials: ['ip,'172.18.0.2
, 'digest,'pat:KDzjoQ5VTKQfcjheJHwntPTKiXc=
]
2026-08-18 07:03:43,397 [myid:1] - DEBUG [ProcessThread(sid:0 cport:2181)::SessionTrackerImpl@296] - Checking session 0x10013915d9b0000
2026-08-18 07:03:43,397 [myid:1] - DEBUG [ProcessThread(sid:0 cport:2181)::PrepRequestProcessor@963] - Processing ACL: 31,s{'auth,}

2026-08-18 07:03:43,397 [myid:1] - DEBUG [ProcessThread(sid:0 cport:2181)::PrepRequestProcessor@298] - Permission requested: 4 
2026-08-18 07:03:43,397 [myid:1] - DEBUG [ProcessThread(sid:0 cport:2181)::PrepRequestProcessor@299] - ACLs for node: [31,s{'world,'anyone}
]
2026-08-18 07:03:43,397 [myid:1] - DEBUG [ProcessThread(sid:0 cport:2181)::PrepRequestProcessor@300] - Client credentials: ['ip,'172.18.0.2
, 'digest,'pat:KDzjoQ5VTKQfcjheJHwntPTKiXc=
]
2026-08-18 07:03:43,397 [myid:1] - DEBUG [ProcessThread(sid:0 cport:2181)::SessionTrackerImpl@296] - Checking session 0x10013915d9b0000
2026-08-18 07:03:43,397 [myid:1] - DEBUG [ProcessThread(sid:0 cport:2181)::PrepRequestProcessor@963] - Processing ACL: 31,s{'auth,}

2026-08-18 07:03:43,397 [myid:1] - DEBUG [ProcessThread(sid:0 cport:2181)::PrepRequestProcessor@298] - Permission requested: 4 
2026-08-18 07:03:43,397 [myid:1] - DEBUG [ProcessThread(sid:0 cport:2181)::PrepRequestProcessor@299] - ACLs for node: [31,s{'world,'anyone}
]
2026-08-18 07:03:43,397 [myid:1] - DEBUG [ProcessThread(sid:0 cport:2181)::PrepRequestProcessor@300] - Client credentials: ['ip,'172.18.0.2
, 'digest,'pat:KDzjoQ5VTKQfcjheJHwntPTKiXc=
]
2026-08-18 07:03:43,397 [myid:1] - DEBUG [ProcessThread(sid:0 cport:2181)::SessionTrackerImpl@296] - Checking session 0x10013915d9b0000
2026-08-18 07:03:43,397 [myid:1] - DEBUG [ProcessThread(sid:0 cport:2181)::PrepRequestProcessor@963] - Processing ACL: 31,s{'auth,}

2026-08-18 07:03:43,397 [myid:1] - DEBUG [ProcessThread(sid:0 cport:2181)::PrepRequestProcessor@298] - Permission requested: 4 
2026-08-18 07:03:43,398 [myid:1] - DEBUG [ProcessThread(sid:0 cport:2181)::PrepRequestProcessor@299] - ACLs for node: [31,s{'world,'anyone}
]
2026-08-18 07:03:43,398 [myid:1] - DEBUG [ProcessThread(sid:0 cport:2181)::PrepRequestProcessor@300] - Client credentials: ['ip,'172.18.0.2
, 'digest,'pat:KDzjoQ5VTKQfcjheJHwntPTKiXc=
]
2026-08-18 07:03:43,398 [myid:1] - DEBUG [ProcessThread(sid:0 cport:2181)::SessionTrackerImpl@296] - Checking session 0x10013915d9b0000
2026-08-18 07:03:43,398 [myid:1] - DEBUG [ProcessThread(sid:0 cport:2181)::PrepRequestProcessor@963] - Processing ACL: 31,s{'auth,}

2026-08-18 07:03:43,398 [myid:1] - DEBUG [ProcessThread(sid:0 cport:2181)::PrepRequestProcessor@298] - Permission requested: 4 
2026-08-18 07:03:43,398 [myid:1] - DEBUG [ProcessThread(sid:0 cport:2181)::PrepRequestProcessor@299] - ACLs for node: [31,s{'world,'anyone}
]
2026-08-18 07:03:43,398 [myid:1] - DEBUG [ProcessThread(sid:0 cport:2181)::PrepRequestProcessor@300] - Client credentials: ['ip,'172.18.0.2
, 'digest,'pat:KDzjoQ5VTKQfcjheJHwntPTKiXc=
]
2026-08-18 07:03:43,398 [myid:1] - DEBUG [ProcessThread(sid:0 cport:2181)::SessionTrackerImpl@296] - Checking session 0x10013915d9b0000
2026-08-18 07:03:43,398 [myid:1] - DEBUG [ProcessThread(sid:0 cport:2181)::PrepRequestProcessor@963] - Processing ACL: 31,s{'auth,}

2026-08-18 07:03:43,398 [myid:1] - DEBUG [ProcessThread(sid:0 cport:2181)::PrepRequestProcessor@298] - Permission requested: 4 
2026-08-18 07:03:43,398 [myid:1] - DEBUG [ProcessThread(sid:0 cport:2181)::PrepRequestProcessor@299] - ACLs for node: [31,s{'world,'anyone}
]
2026-08-18 07:03:43,398 [myid:1] - DEBUG [ProcessThread(sid:0 cport:2181)::PrepRequestProcessor@300] - Client credentials: ['ip,'172.18.0.2
, 'digest,'pat:KDzjoQ5VTKQfcjheJHwntPTKiXc=
]
2026-08-18 07:03:43,399 [myid:1] - DEBUG [ProcessThread(sid:0 cport:2181)::SessionTrackerImpl@296] - Checking session 0x10013915d9b0000
2026-08-18 07:03:43,399 [myid:1] - DEBUG [ProcessThread(sid:0 cport:2181)::PrepRequestProcessor@963] - Processing ACL: 31,s{'auth,}

2026-08-18 07:03:43,399 [myid:1] - DEBUG [ProcessThread(sid:0 cport:2181)::PrepRequestProcessor@298] - Permission requested: 4 
2026-08-18 07:03:43,399 [myid:1] - DEBUG [ProcessThread(sid:0 cport:2181)::PrepRequestProcessor@299] - ACLs for node: [31,s{'world,'anyone}
]
2026-08-18 07:03:43,399 [myid:1] - DEBUG [ProcessThread(sid:0 cport:2181)::PrepRequestProcessor@300] - Client credentials: ['ip,'172.18.0.2
, 'digest,'pat:KDzjoQ5VTKQfcjheJHwntPTKiXc=
]
2026-08-18 07:03:43,399 [myid:1] - DEBUG [ProcessThread(sid:0 cport:2181)::SessionTrackerImpl@296] - Checking session 0x10013915d9b0000
2026-08-18 07:03:43,399 [myid:1] - DEBUG [ProcessThread(sid:0 cport:2181)::PrepRequestProcessor@963] - Processing ACL: 31,s{'auth,}

2026-08-18 07:03:43,399 [myid:1] - DEBUG [ProcessThread(sid:0 cport:2181)::PrepRequestProcessor@298] - Permission requested: 4 
2026-08-18 07:03:43,399 [myid:1] - DEBUG [ProcessThread(sid:0 cport:2181)::PrepRequestProcessor@299] - ACLs for node: [31,s{'world,'anyone}
]
2026-08-18 07:03:43,399 [myid:1] - DEBUG [ProcessThread(sid:0 cport:2181)::PrepRequestProcessor@300] - Client credentials: ['ip,'172.18.0.2
, 'digest,'pat:KDzjoQ5VTKQfcjheJHwntPTKiXc=
]
2026-08-18 07:03:43,399 [myid:1] - DEBUG [ProcessThread(sid:0 cport:2181)::SessionTrackerImpl@296] - Checking session 0x10013915d9b0000
2026-08-18 07:03:43,400 [myid:1] - DEBUG [ProcessThread(sid:0 cport:2181)::PrepRequestProcessor@963] - Processing ACL: 31,s{'auth,}

2026-08-18 07:03:43,400 [myid:1] - DEBUG [ProcessThread(sid:0 cport:2181)::PrepRequestProcessor@298] - Permission requested: 4 
2026-08-18 07:03:43,400 [myid:1] - DEBUG [ProcessThread(sid:0 cport:2181)::PrepRequestProcessor@299] - ACLs for node: [31,s{'world,'anyone}
]
2026-08-18 07:03:43,400 [myid:1] - DEBUG [ProcessThread(sid:0 cport:2181)::PrepRequestProcessor@300] - Client credentials: ['ip,'172.18.0.2
, 'digest,'pat:KDzjoQ5VTKQfcjheJHwntPTKiXc=
]
2026-08-18 07:03:43,400 [myid:1] - DEBUG [ProcessThread(sid:0 cport:2181)::SessionTrackerImpl@296] - Checking session 0x10013915d9b0000
2026-08-18 07:03:43,400 [myid:1] - DEBUG [ProcessThread(sid:0 cport:2181)::PrepRequestProcessor@963] - Processing ACL: 31,s{'auth,}

2026-08-18 07:03:43,400 [myid:1] - DEBUG [ProcessThread(sid:0 cport:2181)::PrepRequestProcessor@298] - Permission requested: 4 
2026-08-18 07:03:43,400 [myid:1] - DEBUG [ProcessThread(sid:0 cport:2181)::PrepRequestProcessor@299] - ACLs for node: [31,s{'world,'anyone}
]
2026-08-18 07:03:43,400 [myid:1] - DEBUG [ProcessThread(sid:0 cport:2181)::PrepRequestProcessor@300] - Client credentials: ['ip,'172.18.0.2
, 'digest,'pat:KDzjoQ5VTKQfcjheJHwntPTKiXc=
]
2026-08-18 07:03:43,400 [myid:1] - DEBUG [ProcessThread(sid:0 cport:2181)::SessionTrackerImpl@296] - Checking session 0x10013915d9b0000
2026-08-18 07:03:43,400 [myid:1] - DEBUG [ProcessThread(sid:0 cport:2181)::PrepRequestProcessor@963] - Processing ACL: 31,s{'auth,}

2026-08-18 07:03:43,401 [myid:1] - DEBUG [ProcessThread(sid:0 cport:2181)::PrepRequestProcessor@298] - Permission requested: 4 
2026-08-18 07:03:43,401 [myid:1] - DEBUG [ProcessThread(sid:0 cport:2181)::PrepRequestProcessor@299] - ACLs for node: [31,s{'world,'anyone}
]
2026-08-18 07:03:43,401 [myid:1] - DEBUG [ProcessThread(sid:0 cport:2181)::PrepRequestProcessor@300] - Client credentials: ['ip,'172.18.0.2
, 'digest,'pat:KDzjoQ5VTKQfcjheJHwntPTKiXc=
]
2026-08-18 07:03:43,401 [myid:1] - DEBUG [ProcessThread(sid:0 cport:2181)::SessionTrackerImpl@296] - Checking session 0x10013915d9b0000
2026-08-18 07:03:43,401 [myid:1] - DEBUG [ProcessThread(sid:0 cport:2181)::PrepRequestProcessor@963] - Processing ACL: 31,s{'auth,}

2026-08-18 07:03:43,401 [myid:1] - DEBUG [ProcessThread(sid:0 cport:2181)::PrepRequestProcessor@298] - Permission requested: 4 
2026-08-18 07:03:43,401 [myid:1] - DEBUG [ProcessThread(sid:0 cport:2181)::PrepRequestProcessor@299] - ACLs for node: [31,s{'world,'anyone}
]
2026-08-18 07:03:43,401 [myid:1] - DEBUG [ProcessThread(sid:0 cport:2181)::PrepRequestProcessor@300] - Client credentials: ['ip,'172.18.0.2
, 'digest,'pat:KDzjoQ5VTKQfcjheJHwntPTKiXc=
]
2026-08-18 07:03:43,401 [myid:1] - DEBUG [ProcessThread(sid:0 cport:2181)::SessionTrackerImpl@296] - Checking session 0x10013915d9b0000
2026-08-18 07:03:43,402 [myid:1] - DEBUG [ProcessThread(sid:0 cport:2181)::PrepRequestProcessor@963] - Processing ACL: 31,s{'auth,}

2026-08-18 07:03:43,402 [myid:1] - DEBUG [ProcessThread(sid:0 cport:2181)::PrepRequestProcessor@298] - Permission requested: 4 
2026-08-18 07:03:43,402 [myid:1] - DEBUG [ProcessThread(sid:0 cport:2181)::PrepRequestProcessor@299] - ACLs for node: [31,s{'world,'anyone}
]
2026-08-18 07:03:43,402 [myid:1] - DEBUG [ProcessThread(sid:0 cport:2181)::PrepRequestProcessor@300] - Client credentials: ['ip,'172.18.0.2
, 'digest,'pat:KDzjoQ5VTKQfcjheJHwntPTKiXc=
]
2026-08-18 07:03:43,402 [myid:1] - DEBUG [ProcessThread(sid:0 cport:2181)::SessionTrackerImpl@296] - Checking session 0x10013915d9b0000
2026-08-18 07:03:43,402 [myid:1] - DEBUG [ProcessThread(sid:0 cport:2181)::PrepRequestProcessor@963] - Processing ACL: 31,s{'auth,}

2026-08-18 07:03:43,402 [myid:1] - DEBUG [ProcessThread(sid:0 cport:2181)::PrepRequestProcessor@298] - Permission requested: 4 
2026-08-18 07:03:43,402 [myid:1] - DEBUG [ProcessThread(sid:0 cport:2181)::PrepRequestProcessor@299] - ACLs for node: [31,s{'world,'anyone}
]
2026-08-18 07:03:43,402 [myid:1] - DEBUG [ProcessThread(sid:0 cport:2181)::PrepRequestProcessor@300] - Client credentials: ['ip,'172.18.0.2
, 'digest,'pat:KDzjoQ5VTKQfcjheJHwntPTKiXc=
]
2026-08-18 07:03:43,402 [myid:1] - DEBUG [ProcessThread(sid:0 cport:2181)::SessionTrackerImpl@296] - Checking session 0x10013915d9b0000
2026-08-18 07:03:43,403 [myid:1] - DEBUG [ProcessThread(sid:0 cport:2181)::PrepRequestProcessor@963] - Processing ACL: 31,s{'auth,}

2026-08-18 07:03:43,403 [myid:1] - DEBUG [ProcessThread(sid:0 cport:2181)::PrepRequestProcessor@298] - Permission requested: 4 
2026-08-18 07:03:43,403 [myid:1] - DEBUG [ProcessThread(sid:0 cport:2181)::PrepRequestProcessor@299] - ACLs for node: [31,s{'world,'anyone}
]
2026-08-18 07:03:43,403 [myid:1] - DEBUG [ProcessThread(sid:0 cport:2181)::PrepRequestProcessor@300] - Client credentials: ['ip,'172.18.0.2
, 'digest,'pat:KDzjoQ5VTKQfcjheJHwntPTKiXc=
]
2026-08-18 07:03:43,403 [myid:1] - DEBUG [ProcessThread(sid:0 cport:2181)::SessionTrackerImpl@296] - Checking session 0x10013915d9b0000
2026-08-18 07:03:43,403 [myid:1] - DEBUG [ProcessThread(sid:0 cport:2181)::PrepRequestProcessor@963] - Processing ACL: 31,s{'auth,}

2026-08-18 07:03:43,403 [myid:1] - DEBUG [ProcessThread(sid:0 cport:2181)::PrepRequestProcessor@298] - Permission requested: 4 
2026-08-18 07:03:43,408 [myid:1] - DEBUG [ProcessThread(sid:0 cport:2181)::PrepRequestProcessor@299] - ACLs for node: [31,s{'world,'anyone}
]
2026-08-18 07:03:43,408 [myid:1] - DEBUG [ProcessThread(sid:0 cport:2181)::PrepRequestProcessor@300] - Client credentials: ['ip,'172.18.0.2
, 'digest,'pat:KDzjoQ5VTKQfcjheJHwntPTKiXc=
]
2026-08-18 07:03:43,409 [myid:1] - DEBUG [ProcessThread(sid:0 cport:2181)::SessionTrackerImpl@296] - Checking session 0x10013915d9b0000
2026-08-18 07:03:43,409 [myid:1] - DEBUG [ProcessThread(sid:0 cport:2181)::PrepRequestProcessor@963] - Processing ACL: 31,s{'auth,}

2026-08-18 07:03:43,409 [myid:1] - DEBUG [ProcessThread(sid:0 cport:2181)::PrepRequestProcessor@298] - Permission requested: 4 
2026-08-18 07:03:43,409 [myid:1] - DEBUG [ProcessThread(sid:0 cport:2181)::PrepRequestProcessor@299] - ACLs for node: [31,s{'world,'anyone}
]
2026-08-18 07:03:43,409 [myid:1] - DEBUG [ProcessThread(sid:0 cport:2181)::PrepRequestProcessor@300] - Client credentials: ['ip,'172.18.0.2
, 'digest,'pat:KDzjoQ5VTKQfcjheJHwntPTKiXc=
]
2026-08-18 07:03:43,409 [myid:1] - DEBUG [ProcessThread(sid:0 cport:2181)::SessionTrackerImpl@296] - Checking session 0x10013915d9b0000
2026-08-18 07:03:43,409 [myid:1] - DEBUG [ProcessThread(sid:0 cport:2181)::PrepRequestProcessor@963] - Processing ACL: 31,s{'auth,}

2026-08-18 07:03:43,409 [myid:1] - DEBUG [ProcessThread(sid:0 cport:2181)::PrepRequestProcessor@298] - Permission requested: 4 
2026-08-18 07:03:43,409 [myid:1] - DEBUG [ProcessThread(sid:0 cport:2181)::PrepRequestProcessor@299] - ACLs for node: [31,s{'world,'anyone}
]
2026-08-18 07:03:43,409 [myid:1] - DEBUG [ProcessThread(sid:0 cport:2181)::PrepRequestProcessor@300] - Client credentials: ['ip,'172.18.0.2
, 'digest,'pat:KDzjoQ5VTKQfcjheJHwntPTKiXc=
]
2026-08-18 07:03:43,409 [myid:1] - DEBUG [ProcessThread(sid:0 cport:2181)::SessionTrackerImpl@296] - Checking session 0x10013915d9b0000
2026-08-18 07:03:43,409 [myid:1] - DEBUG [ProcessThread(sid:0 cport:2181)::PrepRequestProcessor@963] - Processing ACL: 31,s{'auth,}

2026-08-18 07:03:43,409 [myid:1] - DEBUG [ProcessThread(sid:0 cport:2181)::PrepRequestProcessor@298] - Permission requested: 4 
2026-08-18 07:03:43,410 [myid:1] - DEBUG [ProcessThread(sid:0 cport:2181)::PrepRequestProcessor@299] - ACLs for node: [31,s{'world,'anyone}
]
2026-08-18 07:03:43,410 [myid:1] - DEBUG [ProcessThread(sid:0 cport:2181)::PrepRequestProcessor@300] - Client credentials: ['ip,'172.18.0.2
, 'digest,'pat:KDzjoQ5VTKQfcjheJHwntPTKiXc=
]
2026-08-18 07:03:43,410 [myid:1] - DEBUG [ProcessThread(sid:0 cport:2181)::SessionTrackerImpl@296] - Checking session 0x10013915d9b0000
2026-08-18 07:03:43,410 [myid:1] - DEBUG [ProcessThread(sid:0 cport:2181)::PrepRequestProcessor@963] - Processing ACL: 31,s{'auth,}

2026-08-18 07:03:43,410 [myid:1] - DEBUG [ProcessThread(sid:0 cport:2181)::PrepRequestProcessor@298] - Permission requested: 4 
2026-08-18 07:03:43,410 [myid:1] - DEBUG [ProcessThread(sid:0 cport:2181)::PrepRequestProcessor@299] - ACLs for node: [31,s{'world,'anyone}
]
2026-08-18 07:03:43,410 [myid:1] - DEBUG [ProcessThread(sid:0 cport:2181)::PrepRequestProcessor@300] - Client credentials: ['ip,'172.18.0.2
, 'digest,'pat:KDzjoQ5VTKQfcjheJHwntPTKiXc=
]
2026-08-18 07:03:43,410 [myid:1] - DEBUG [ProcessThread(sid:0 cport:2181)::SessionTrackerImpl@296] - Checking session 0x10013915d9b0000
2026-08-18 07:03:43,410 [myid:1] - DEBUG [ProcessThread(sid:0 cport:2181)::PrepRequestProcessor@963] - Processing ACL: 31,s{'auth,}

2026-08-18 07:03:43,410 [myid:1] - DEBUG [ProcessThread(sid:0 cport:2181)::PrepRequestProcessor@298] - Permission requested: 4 
2026-08-18 07:03:43,410 [myid:1] - DEBUG [ProcessThread(sid:0 cport:2181)::PrepRequestProcessor@299] - ACLs for node: [31,s{'world,'anyone}
]
2026-08-18 07:03:43,410 [myid:1] - DEBUG [ProcessThread(sid:0 cport:2181)::PrepRequestProcessor@300] - Client credentials: ['ip,'172.18.0.2
, 'digest,'pat:KDzjoQ5VTKQfcjheJHwntPTKiXc=
]
2026-08-18 07:03:43,410 [myid:1] - DEBUG [ProcessThread(sid:0 cport:2181)::SessionTrackerImpl@296] - Checking session 0x10013915d9b0000
2026-08-18 07:03:43,411 [myid:1] - DEBUG [ProcessThread(sid:0 cport:2181)::PrepRequestProcessor@963] - Processing ACL: 31,s{'auth,}

2026-08-18 07:03:43,411 [myid:1] - DEBUG [ProcessThread(sid:0 cport:2181)::PrepRequestProcessor@298] - Permission requested: 4 
2026-08-18 07:03:43,411 [myid:1] - DEBUG [ProcessThread(sid:0 cport:2181)::PrepRequestProcessor@299] - ACLs for node: [31,s{'world,'anyone}
]
2026-08-18 07:03:43,411 [myid:1] - DEBUG [ProcessThread(sid:0 cport:2181)::PrepRequestProcessor@300] - Client credentials: ['ip,'172.18.0.2
, 'digest,'pat:KDzjoQ5VTKQfcjheJHwntPTKiXc=
]
2026-08-18 07:03:43,411 [myid:1] - DEBUG [ProcessThread(sid:0 cport:2181)::SessionTrackerImpl@296] - Checking session 0x10013915d9b0000
2026-08-18 07:03:43,411 [myid:1] - DEBUG [ProcessThread(sid:0 cport:2181)::PrepRequestProcessor@963] - Processing ACL: 31,s{'auth,}

2026-08-18 07:03:43,411 [myid:1] - DEBUG [ProcessThread(sid:0 cport:2181)::PrepRequestProcessor@298] - Permission requested: 4 
2026-08-18 07:03:43,411 [myid:1] - DEBUG [ProcessThread(sid:0 cport:2181)::PrepRequestProcessor@299] - ACLs for node: [31,s{'world,'anyone}
]
2026-08-18 07:03:43,411 [myid:1] - DEBUG [ProcessThread(sid:0 cport:2181)::PrepRequestProcessor@300] - Client credentials: ['ip,'172.18.0.2
, 'digest,'pat:KDzjoQ5VTKQfcjheJHwntPTKiXc=
]
2026-08-18 07:03:43,411 [myid:1] - DEBUG [ProcessThread(sid:0 cport:2181)::SessionTrackerImpl@296] - Checking session 0x10013915d9b0000
2026-08-18 07:03:43,411 [myid:1] - DEBUG [ProcessThread(sid:0 cport:2181)::PrepRequestProcessor@963] - Processing ACL: 31,s{'auth,}

2026-08-18 07:03:43,411 [myid:1] - DEBUG [ProcessThread(sid:0 cport:2181)::PrepRequestProcessor@298] - Permission requested: 4 
2026-08-18 07:03:43,411 [myid:1] - DEBUG [ProcessThread(sid:0 cport:2181)::PrepRequestProcessor@299] - ACLs for node: [31,s{'world,'anyone}
]
2026-08-18 07:03:43,412 [myid:1] - DEBUG [ProcessThread(sid:0 cport:2181)::PrepRequestProcessor@300] - Client credentials: ['ip,'172.18.0.2
, 'digest,'pat:KDzjoQ5VTKQfcjheJHwntPTKiXc=
]
2026-08-18 07:03:43,412 [myid:1] - DEBUG [ProcessThread(sid:0 cport:2181)::SessionTrackerImpl@296] - Checking session 0x10013915d9b0000
2026-08-18 07:03:43,412 [myid:1] - DEBUG [ProcessThread(sid:0 cport:2181)::PrepRequestProcessor@963] - Processing ACL: 31,s{'auth,}

2026-08-18 07:03:43,412 [myid:1] - DEBUG [ProcessThread(sid:0 cport:2181)::PrepRequestProcessor@298] - Permission requested: 4 
2026-08-18 07:03:43,412 [myid:1] - DEBUG [ProcessThread(sid:0 cport:2181)::PrepRequestProcessor@299] - ACLs for node: [31,s{'world,'anyone}
]
2026-08-18 07:03:43,412 [myid:1] - DEBUG [ProcessThread(sid:0 cport:2181)::PrepRequestProcessor@300] - Client credentials: ['ip,'172.18.0.2
, 'digest,'pat:KDzjoQ5VTKQfcjheJHwntPTKiXc=
]
2026-08-18 07:03:43,412 [myid:1] - DEBUG [ProcessThread(sid:0 cport:2181)::SessionTrackerImpl@296] - Checking session 0x10013915d9b0000
2026-08-18 07:03:43,412 [myid:1] - DEBUG [ProcessThread(sid:0 cport:2181)::PrepRequestProcessor@963] - Processing ACL: 31,s{'auth,}

2026-08-18 07:03:43,412 [myid:1] - DEBUG [ProcessThread(sid:0 cport:2181)::PrepRequestProcessor@298] - Permission requested: 4 
2026-08-18 07:03:43,412 [myid:1] - DEBUG [ProcessThread(sid:0 cport:2181)::PrepRequestProcessor@299] - ACLs for node: [31,s{'world,'anyone}
]
2026-08-18 07:03:43,412 [myid:1] - DEBUG [ProcessThread(sid:0 cport:2181)::PrepRequestProcessor@300] - Client credentials: ['ip,'172.18.0.2
, 'digest,'pat:KDzjoQ5VTKQfcjheJHwntPTKiXc=
]
2026-08-18 07:03:43,412 [myid:1] - DEBUG [ProcessThread(sid:0 cport:2181)::SessionTrackerImpl@296] - Checking session 0x10013915d9b0000
2026-08-18 07:03:43,413 [myid:1] - DEBUG [ProcessThread(sid:0 cport:2181)::PrepRequestProcessor@963] - Processing ACL: 31,s{'auth,}

2026-08-18 07:03:43,413 [myid:1] - DEBUG [ProcessThread(sid:0 cport:2181)::PrepRequestProcessor@298] - Permission requested: 4 
2026-08-18 07:03:43,413 [myid:1] - DEBUG [ProcessThread(sid:0 cport:2181)::PrepRequestProcessor@299] - ACLs for node: [31,s{'world,'anyone}
]
2026-08-18 07:03:43,413 [myid:1] - DEBUG [ProcessThread(sid:0 cport:2181)::PrepRequestProcessor@300] - Client credentials: ['ip,'172.18.0.2
, 'digest,'pat:KDzjoQ5VTKQfcjheJHwntPTKiXc=
]
2026-08-18 07:03:43,413 [myid:1] - DEBUG [ProcessThread(sid:0 cport:2181)::SessionTrackerImpl@296] - Checking session 0x10013915d9b0000
2026-08-18 07:03:43,413 [myid:1] - DEBUG [ProcessThread(sid:0 cport:2181)::PrepRequestProcessor@963] - Processing ACL: 31,s{'auth,}

2026-08-18 07:03:43,413 [myid:1] - DEBUG [ProcessThread(sid:0 cport:2181)::PrepRequestProcessor@298] - Permission requested: 4 
2026-08-18 07:03:43,413 [myid:1] - DEBUG [ProcessThread(sid:0 cport:2181)::PrepRequestProcessor@299] - ACLs for node: [31,s{'world,'anyone}
]
2026-08-18 07:03:43,413 [myid:1] - DEBUG [ProcessThread(sid:0 cport:2181)::PrepRequestProcessor@300] - Client credentials: ['ip,'172.18.0.2
, 'digest,'pat:KDzjoQ5VTKQfcjheJHwntPTKiXc=
]
2026-08-18 07:03:43,413 [myid:1] - DEBUG [ProcessThread(sid:0 cport:2181)::SessionTrackerImpl@296] - Checking session 0x10013915d9b0000
2026-08-18 07:03:43,413 [myid:1] - DEBUG [ProcessThread(sid:0 cport:2181)::PrepRequestProcessor@963] - Processing ACL: 31,s{'auth,}

2026-08-18 07:03:43,413 [myid:1] - DEBUG [ProcessThread(sid:0 cport:2181)::PrepRequestProcessor@298] - Permission requested: 4 
2026-08-18 07:03:43,413 [myid:1] - DEBUG [ProcessThread(sid:0 cport:2181)::PrepRequestProcessor@299] - ACLs for node: [31,s{'world,'anyone}
]
2026-08-18 07:03:43,413 [myid:1] - DEBUG [ProcessThread(sid:0 cport:2181)::PrepRequestProcessor@300] - Client credentials: ['ip,'172.18.0.2
, 'digest,'pat:KDzjoQ5VTKQfcjheJHwntPTKiXc=
]
2026-08-18 07:03:43,414 [myid:1] - DEBUG [ProcessThread(sid:0 cport:2181)::SessionTrackerImpl@296] - Checking session 0x10013915d9b0000
2026-08-18 07:03:43,414 [myid:1] - DEBUG [ProcessThread(sid:0 cport:2181)::PrepRequestProcessor@963] - Processing ACL: 31,s{'auth,}

2026-08-18 07:03:43,414 [myid:1] - DEBUG [ProcessThread(sid:0 cport:2181)::PrepRequestProcessor@298] - Permission requested: 4 
2026-08-18 07:03:43,414 [myid:1] - DEBUG [ProcessThread(sid:0 cport:2181)::PrepRequestProcessor@299] - ACLs for node: [31,s{'world,'anyone}
]
2026-08-18 07:03:43,414 [myid:1] - DEBUG [ProcessThread(sid:0 cport:2181)::PrepRequestProcessor@300] - Client credentials: ['ip,'172.18.0.2
, 'digest,'pat:KDzjoQ5VTKQfcjheJHwntPTKiXc=
]
2026-08-18 07:03:43,414 [myid:1] - DEBUG [ProcessThread(sid:0 cport:2181)::SessionTrackerImpl@296] - Checking session 0x10013915d9b0000
2026-08-18 07:03:43,414 [myid:1] - DEBUG [ProcessThread(sid:0 cport:2181)::PrepRequestProcessor@963] - Processing ACL: 31,s{'auth,}

2026-08-18 07:03:43,414 [myid:1] - DEBUG [ProcessThread(sid:0 cport:2181)::PrepRequestProcessor@298] - Permission requested: 4 
2026-08-18 07:03:43,414 [myid:1] - DEBUG [ProcessThread(sid:0 cport:2181)::PrepRequestProcessor@299] - ACLs for node: [31,s{'world,'anyone}
]
2026-08-18 07:03:43,414 [myid:1] - DEBUG [ProcessThread(sid:0 cport:2181)::PrepRequestProcessor@300] - Client credentials: ['ip,'172.18.0.2
, 'digest,'pat:KDzjoQ5VTKQfcjheJHwntPTKiXc=
]
2026-08-18 07:03:43,414 [myid:1] - DEBUG [ProcessThread(sid:0 cport:2181)::SessionTrackerImpl@296] - Checking session 0x10013915d9b0000
2026-08-18 07:03:43,414 [myid:1] - DEBUG [ProcessThread(sid:0 cport:2181)::PrepRequestProcessor@963] - Processing ACL: 31,s{'auth,}

2026-08-18 07:03:43,414 [myid:1] - DEBUG [ProcessThread(sid:0 cport:2181)::PrepRequestProcessor@298] - Permission requested: 4 
2026-08-18 07:03:43,415 [myid:1] - DEBUG [ProcessThread(sid:0 cport:2181)::PrepRequestProcessor@299] - ACLs for node: [31,s{'world,'anyone}
]
2026-08-18 07:03:43,415 [myid:1] - DEBUG [ProcessThread(sid:0 cport:2181)::PrepRequestProcessor@300] - Client credentials: ['ip,'172.18.0.2
, 'digest,'pat:KDzjoQ5VTKQfcjheJHwntPTKiXc=
]
2026-08-18 07:03:43,415 [myid:1] - DEBUG [ProcessThread(sid:0 cport:2181)::SessionTrackerImpl@296] - Checking session 0x10013915d9b0000
2026-08-18 07:03:43,415 [myid:1] - DEBUG [ProcessThread(sid:0 cport:2181)::PrepRequestProcessor@963] - Processing ACL: 31,s{'auth,}

2026-08-18 07:03:43,415 [myid:1] - DEBUG [ProcessThread(sid:0 cport:2181)::PrepRequestProcessor@298] - Permission requested: 4 
2026-08-18 07:03:43,415 [myid:1] - DEBUG [ProcessThread(sid:0 cport:2181)::PrepRequestProcessor@299] - ACLs for node: [31,s{'world,'anyone}
]
2026-08-18 07:03:43,415 [myid:1] - DEBUG [ProcessThread(sid:0 cport:2181)::PrepRequestProcessor@300] - Client credentials: ['ip,'172.18.0.2
, 'digest,'pat:KDzjoQ5VTKQfcjheJHwntPTKiXc=
]
2026-08-18 07:03:43,415 [myid:1] - DEBUG [ProcessThread(sid:0 cport:2181)::SessionTrackerImpl@296] - Checking session 0x10013915d9b0000
2026-08-18 07:03:43,415 [myid:1] - DEBUG [ProcessThread(sid:0 cport:2181)::PrepRequestProcessor@963] - Processing ACL: 31,s{'auth,}

2026-08-18 07:03:43,415 [myid:1] - DEBUG [ProcessThread(sid:0 cport:2181)::PrepRequestProcessor@298] - Permission requested: 4 
2026-08-18 07:03:43,415 [myid:1] - DEBUG [ProcessThread(sid:0 cport:2181)::PrepRequestProcessor@299] - ACLs for node: [31,s{'world,'anyone}
]
2026-08-18 07:03:43,415 [myid:1] - DEBUG [ProcessThread(sid:0 cport:2181)::PrepRequestProcessor@300] - Client credentials: ['ip,'172.18.0.2
, 'digest,'pat:KDzjoQ5VTKQfcjheJHwntPTKiXc=
]
2026-08-18 07:03:43,415 [myid:1] - DEBUG [ProcessThread(sid:0 cport:2181)::SessionTrackerImpl@296] - Checking session 0x10013915d9b0000
2026-08-18 07:03:43,415 [myid:1] - DEBUG [ProcessThread(sid:0 cport:2181)::PrepRequestProcessor@963] - Processing ACL: 31,s{'auth,}

2026-08-18 07:03:43,415 [myid:1] - DEBUG [ProcessThread(sid:0 cport:2181)::PrepRequestProcessor@298] - Permission requested: 4 
2026-08-18 07:03:43,415 [myid:1] - DEBUG [ProcessThread(sid:0 cport:2181)::PrepRequestProcessor@299] - ACLs for node: [31,s{'world,'anyone}
]
2026-08-18 07:03:43,416 [myid:1] - DEBUG [ProcessThread(sid:0 cport:2181)::PrepRequestProcessor@300] - Client credentials: ['ip,'172.18.0.2
, 'digest,'pat:KDzjoQ5VTKQfcjheJHwntPTKiXc=
]
2026-08-18 07:03:43,416 [myid:1] - DEBUG [ProcessThread(sid:0 cport:2181)::SessionTrackerImpl@296] - Checking session 0x10013915d9b0000
2026-08-18 07:03:43,416 [myid:1] - DEBUG [ProcessThread(sid:0 cport:2181)::PrepRequestProcessor@963] - Processing ACL: 31,s{'auth,}

2026-08-18 07:03:43,416 [myid:1] - DEBUG [ProcessThread(sid:0 cport:2181)::PrepRequestProcessor@298] - Permission requested: 4 
2026-08-18 07:03:43,416 [myid:1] - DEBUG [ProcessThread(sid:0 cport:2181)::PrepRequestProcessor@299] - ACLs for node: [31,s{'world,'anyone}
]
2026-08-18 07:03:43,416 [myid:1] - DEBUG [ProcessThread(sid:0 cport:2181)::PrepRequestProcessor@300] - Client credentials: ['ip,'172.18.0.2
, 'digest,'pat:KDzjoQ5VTKQfcjheJHwntPTKiXc=
]
2026-08-18 07:03:43,416 [myid:1] - DEBUG [ProcessThread(sid:0 cport:2181)::SessionTrackerImpl@296] - Checking session 0x10013915d9b0000
2026-08-18 07:03:43,416 [myid:1] - DEBUG [ProcessThread(sid:0 cport:2181)::PrepRequestProcessor@963] - Processing ACL: 31,s{'auth,}

2026-08-18 07:03:43,416 [myid:1] - DEBUG [ProcessThread(sid:0 cport:2181)::PrepRequestProcessor@298] - Permission requested: 4 
2026-08-18 07:03:43,416 [myid:1] - DEBUG [ProcessThread(sid:0 cport:2181)::PrepRequestProcessor@299] - ACLs for node: [31,s{'world,'anyone}
]
2026-08-18 07:03:43,416 [myid:1] - DEBUG [ProcessThread(sid:0 cport:2181)::PrepRequestProcessor@300] - Client credentials: ['ip,'172.18.0.2
, 'digest,'pat:KDzjoQ5VTKQfcjheJHwntPTKiXc=
]
2026-08-18 07:03:43,416 [myid:1] - DEBUG [ProcessThread(sid:0 cport:2181)::SessionTrackerImpl@296] - Checking session 0x10013915d9b0000
2026-08-18 07:03:43,416 [myid:1] - DEBUG [ProcessThread(sid:0 cport:2181)::PrepRequestProcessor@963] - Processing ACL: 31,s{'auth,}

2026-08-18 07:03:43,416 [myid:1] - DEBUG [ProcessThread(sid:0 cport:2181)::PrepRequestProcessor@298] - Permission requested: 4 
2026-08-18 07:03:43,416 [myid:1] - DEBUG [ProcessThread(sid:0 cport:2181)::PrepRequestProcessor@299] - ACLs for node: [31,s{'world,'anyone}
]
2026-08-18 07:03:43,416 [myid:1] - DEBUG [ProcessThread(sid:0 cport:2181)::PrepRequestProcessor@300] - Client credentials: ['ip,'172.18.0.2
, 'digest,'pat:KDzjoQ5VTKQfcjheJHwntPTKiXc=
]
2026-08-18 07:03:43,417 [myid:1] - DEBUG [ProcessThread(sid:0 cport:2181)::SessionTrackerImpl@296] - Checking session 0x10013915d9b0000
2026-08-18 07:03:43,417 [myid:1] - DEBUG [ProcessThread(sid:0 cport:2181)::PrepRequestProcessor@963] - Processing ACL: 31,s{'auth,}

2026-08-18 07:03:43,417 [myid:1] - DEBUG [ProcessThread(sid:0 cport:2181)::PrepRequestProcessor@298] - Permission requested: 4 
2026-08-18 07:03:43,417 [myid:1] - DEBUG [ProcessThread(sid:0 cport:2181)::PrepRequestProcessor@299] - ACLs for node: [31,s{'world,'anyone}
]
2026-08-18 07:03:43,417 [myid:1] - DEBUG [ProcessThread(sid:0 cport:2181)::PrepRequestProcessor@300] - Client credentials: ['ip,'172.18.0.2
, 'digest,'pat:KDzjoQ5VTKQfcjheJHwntPTKiXc=
]
2026-08-18 07:03:43,417 [myid:1] - DEBUG [ProcessThread(sid:0 cport:2181)::SessionTrackerImpl@296] - Checking session 0x10013915d9b0000
2026-08-18 07:03:43,417 [myid:1] - DEBUG [ProcessThread(sid:0 cport:2181)::PrepRequestProcessor@963] - Processing ACL: 31,s{'auth,}

2026-08-18 07:03:43,417 [myid:1] - DEBUG [ProcessThread(sid:0 cport:2181)::PrepRequestProcessor@298] - Permission requested: 4 
2026-08-18 07:03:43,417 [myid:1] - DEBUG [ProcessThread(sid:0 cport:2181)::PrepRequestProcessor@299] - ACLs for node: [31,s{'world,'anyone}
]
2026-08-18 07:03:43,417 [myid:1] - DEBUG [ProcessThread(sid:0 cport:2181)::PrepRequestProcessor@300] - Client credentials: ['ip,'172.18.0.2
, 'digest,'pat:KDzjoQ5VTKQfcjheJHwntPTKiXc=
]
2026-08-18 07:03:43,417 [myid:1] - DEBUG [ProcessThread(sid:0 cport:2181)::SessionTrackerImpl@296] - Checking session 0x10013915d9b0000
2026-08-18 07:03:43,417 [myid:1] - DEBUG [ProcessThread(sid:0 cport:2181)::PrepRequestProcessor@963] - Processing ACL: 31,s{'auth,}

2026-08-18 07:03:43,417 [myid:1] - DEBUG [ProcessThread(sid:0 cport:2181)::PrepRequestProcessor@298] - Permission requested: 4 
2026-08-18 07:03:43,417 [myid:1] - DEBUG [ProcessThread(sid:0 cport:2181)::PrepRequestProcessor@299] - ACLs for node: [31,s{'world,'anyone}
]
2026-08-18 07:03:43,417 [myid:1] - DEBUG [ProcessThread(sid:0 cport:2181)::PrepRequestProcessor@300] - Client credentials: ['ip,'172.18.0.2
, 'digest,'pat:KDzjoQ5VTKQfcjheJHwntPTKiXc=
]
2026-08-18 07:03:43,417 [myid:1] - DEBUG [ProcessThread(sid:0 cport:2181)::SessionTrackerImpl@296] - Checking session 0x10013915d9b0000
2026-08-18 07:03:43,418 [myid:1] - DEBUG [ProcessThread(sid:0 cport:2181)::PrepRequestProcessor@963] - Processing ACL: 31,s{'auth,}

2026-08-18 07:03:43,418 [myid:1] - DEBUG [ProcessThread(sid:0 cport:2181)::PrepRequestProcessor@298] - Permission requested: 4 
2026-08-18 07:03:43,418 [myid:1] - DEBUG [ProcessThread(sid:0 cport:2181)::PrepRequestProcessor@299] - ACLs for node: [31,s{'world,'anyone}
]
2026-08-18 07:03:43,418 [myid:1] - DEBUG [ProcessThread(sid:0 cport:2181)::PrepRequestProcessor@300] - Client credentials: ['ip,'172.18.0.2
, 'digest,'pat:KDzjoQ5VTKQfcjheJHwntPTKiXc=
]
2026-08-18 07:03:43,418 [myid:1] - DEBUG [ProcessThread(sid:0 cport:2181)::SessionTrackerImpl@296] - Checking session 0x10013915d9b0000
2026-08-18 07:03:43,418 [myid:1] - DEBUG [ProcessThread(sid:0 cport:2181)::PrepRequestProcessor@963] - Processing ACL: 31,s{'auth,}

2026-08-18 07:03:43,418 [myid:1] - DEBUG [ProcessThread(sid:0 cport:2181)::PrepRequestProcessor@298] - Permission requested: 4 
2026-08-18 07:03:43,418 [myid:1] - DEBUG [ProcessThread(sid:0 cport:2181)::PrepRequestProcessor@299] - ACLs for node: [31,s{'world,'anyone}
]
2026-08-18 07:03:43,418 [myid:1] - DEBUG [ProcessThread(sid:0 cport:2181)::PrepRequestProcessor@300] - Client credentials: ['ip,'172.18.0.2
, 'digest,'pat:KDzjoQ5VTKQfcjheJHwntPTKiXc=
]
2026-08-18 07:03:43,418 [myid:1] - DEBUG [ProcessThread(sid:0 cport:2181)::SessionTrackerImpl@296] - Checking session 0x10013915d9b0000
2026-08-18 07:03:43,418 [myid:1] - DEBUG [ProcessThread(sid:0 cport:2181)::PrepRequestProcessor@963] - Processing ACL: 31,s{'auth,}

2026-08-18 07:03:43,418 [myid:1] - DEBUG [ProcessThread(sid:0 cport:2181)::PrepRequestProcessor@298] - Permission requested: 4 
2026-08-18 07:03:43,418 [myid:1] - DEBUG [ProcessThread(sid:0 cport:2181)::PrepRequestProcessor@299] - ACLs for node: [31,s{'world,'anyone}
]
2026-08-18 07:03:43,418 [myid:1] - DEBUG [ProcessThread(sid:0 cport:2181)::PrepRequestProcessor@300] - Client credentials: ['ip,'172.18.0.2
, 'digest,'pat:KDzjoQ5VTKQfcjheJHwntPTKiXc=
]
2026-08-18 07:03:43,418 [myid:1] - DEBUG [ProcessThread(sid:0 cport:2181)::SessionTrackerImpl@296] - Checking session 0x10013915d9b0000
2026-08-18 07:03:43,418 [myid:1] - DEBUG [ProcessThread(sid:0 cport:2181)::PrepRequestProcessor@963] - Processing ACL: 31,s{'auth,}

2026-08-18 07:03:43,419 [myid:1] - DEBUG [ProcessThread(sid:0 cport:2181)::PrepRequestProcessor@298] - Permission requested: 4 
2026-08-18 07:03:43,419 [myid:1] - DEBUG [ProcessThread(sid:0 cport:2181)::PrepRequestProcessor@299] - ACLs for node: [31,s{'world,'anyone}
]
2026-08-18 07:03:43,419 [myid:1] - DEBUG [ProcessThread(sid:0 cport:2181)::PrepRequestProcessor@300] - Client credentials: ['ip,'172.18.0.2
, 'digest,'pat:KDzjoQ5VTKQfcjheJHwntPTKiXc=
]
2026-08-18 07:03:43,419 [myid:1] - DEBUG [ProcessThread(sid:0 cport:2181)::SessionTrackerImpl@296] - Checking session 0x10013915d9b0000
2026-08-18 07:03:43,419 [myid:1] - DEBUG [ProcessThread(sid:0 cport:2181)::PrepRequestProcessor@963] - Processing ACL: 31,s{'auth,}

2026-08-18 07:03:43,419 [myid:1] - DEBUG [ProcessThread(sid:0 cport:2181)::PrepRequestProcessor@298] - Permission requested: 4 
2026-08-18 07:03:43,419 [myid:1] - DEBUG [ProcessThread(sid:0 cport:2181)::PrepRequestProcessor@299] - ACLs for node: [31,s{'world,'anyone}
]
2026-08-18 07:03:43,419 [myid:1] - DEBUG [ProcessThread(sid:0 cport:2181)::PrepRequestProcessor@300] - Client credentials: ['ip,'172.18.0.2
, 'digest,'pat:KDzjoQ5VTKQfcjheJHwntPTKiXc=
]
2026-08-18 07:03:43,419 [myid:1] - DEBUG [ProcessThread(sid:0 cport:2181)::SessionTrackerImpl@296] - Checking session 0x10013915d9b0000
2026-08-18 07:03:43,419 [myid:1] - DEBUG [ProcessThread(sid:0 cport:2181)::PrepRequestProcessor@963] - Processing ACL: 31,s{'auth,}

2026-08-18 07:03:43,419 [myid:1] - DEBUG [ProcessThread(sid:0 cport:2181)::PrepRequestProcessor@298] - Permission requested: 4 
2026-08-18 07:03:43,419 [myid:1] - DEBUG [ProcessThread(sid:0 cport:2181)::PrepRequestProcessor@299] - ACLs for node: [31,s{'world,'anyone}
]
2026-08-18 07:03:43,419 [myid:1] - DEBUG [ProcessThread(sid:0 cport:2181)::PrepRequestProcessor@300] - Client credentials: ['ip,'172.18.0.2
, 'digest,'pat:KDzjoQ5VTKQfcjheJHwntPTKiXc=
]
2026-08-18 07:03:43,419 [myid:1] - DEBUG [ProcessThread(sid:0 cport:2181)::SessionTrackerImpl@296] - Checking session 0x10013915d9b0000
2026-08-18 07:03:43,419 [myid:1] - DEBUG [ProcessThread(sid:0 cport:2181)::PrepRequestProcessor@963] - Processing ACL: 31,s{'auth,}

2026-08-18 07:03:43,419 [myid:1] - DEBUG [ProcessThread(sid:0 cport:2181)::PrepRequestProcessor@298] - Permission requested: 4 
2026-08-18 07:03:43,419 [myid:1] - DEBUG [ProcessThread(sid:0 cport:2181)::PrepRequestProcessor@299] - ACLs for node: [31,s{'world,'anyone}
]
2026-08-18 07:03:43,419 [myid:1] - DEBUG [ProcessThread(sid:0 cport:2181)::PrepRequestProcessor@300] - Client credentials: ['ip,'172.18.0.2
, 'digest,'pat:KDzjoQ5VTKQfcjheJHwntPTKiXc=
]
2026-08-18 07:03:43,420 [myid:1] - DEBUG [ProcessThread(sid:0 cport:2181)::SessionTrackerImpl@296] - Checking session 0x10013915d9b0000
2026-08-18 07:03:43,420 [myid:1] - DEBUG [ProcessThread(sid:0 cport:2181)::PrepRequestProcessor@963] - Processing ACL: 31,s{'auth,}

2026-08-18 07:03:43,420 [myid:1] - DEBUG [ProcessThread(sid:0 cport:2181)::PrepRequestProcessor@298] - Permission requested: 4 
2026-08-18 07:03:43,420 [myid:1] - DEBUG [ProcessThread(sid:0 cport:2181)::PrepRequestProcessor@299] - ACLs for node: [31,s{'world,'anyone}
]
2026-08-18 07:03:43,420 [myid:1] - DEBUG [ProcessThread(sid:0 cport:2181)::PrepRequestProcessor@300] - Client credentials: ['ip,'172.18.0.2
, 'digest,'pat:KDzjoQ5VTKQfcjheJHwntPTKiXc=
]
2026-08-18 07:03:43,420 [myid:1] - DEBUG [ProcessThread(sid:0 cport:2181)::SessionTrackerImpl@296] - Checking session 0x10013915d9b0000
2026-08-18 07:03:43,420 [myid:1] - DEBUG [ProcessThread(sid:0 cport:2181)::PrepRequestProcessor@963] - Processing ACL: 31,s{'auth,}

2026-08-18 07:03:43,420 [myid:1] - DEBUG [ProcessThread(sid:0 cport:2181)::PrepRequestProcessor@298] - Permission requested: 4 
2026-08-18 07:03:43,420 [myid:1] - DEBUG [ProcessThread(sid:0 cport:2181)::PrepRequestProcessor@299] - ACLs for node: [31,s{'world,'anyone}
]
2026-08-18 07:03:43,420 [myid:1] - DEBUG [ProcessThread(sid:0 cport:2181)::PrepRequestProcessor@300] - Client credentials: ['ip,'172.18.0.2
, 'digest,'pat:KDzjoQ5VTKQfcjheJHwntPTKiXc=
]
2026-08-18 07:03:43,420 [myid:1] - DEBUG [ProcessThread(sid:0 cport:2181)::SessionTrackerImpl@296] - Checking session 0x10013915d9b0000
2026-08-18 07:03:43,420 [myid:1] - DEBUG [ProcessThread(sid:0 cport:2181)::PrepRequestProcessor@963] - Processing ACL: 31,s{'auth,}

2026-08-18 07:03:43,420 [myid:1] - DEBUG [ProcessThread(sid:0 cport:2181)::PrepRequestProcessor@298] - Permission requested: 4 
2026-08-18 07:03:43,420 [myid:1] - DEBUG [ProcessThread(sid:0 cport:2181)::PrepRequestProcessor@299] - ACLs for node: [31,s{'world,'anyone}
]
2026-08-18 07:03:43,420 [myid:1] - DEBUG [ProcessThread(sid:0 cport:2181)::PrepRequestProcessor@300] - Client credentials: ['ip,'172.18.0.2
, 'digest,'pat:KDzjoQ5VTKQfcjheJHwntPTKiXc=
]
2026-08-18 07:03:43,420 [myid:1] - DEBUG [ProcessThread(sid:0 cport:2181)::SessionTrackerImpl@296] - Checking session 0x10013915d9b0000
2026-08-18 07:03:43,420 [myid:1] - DEBUG [ProcessThread(sid:0 cport:2181)::PrepRequestProcessor@963] - Processing ACL: 31,s{'auth,}

2026-08-18 07:03:43,420 [myid:1] - DEBUG [ProcessThread(sid:0 cport:2181)::PrepRequestProcessor@298] - Permission requested: 4 
2026-08-18 07:03:43,421 [myid:1] - DEBUG [ProcessThread(sid:0 cport:2181)::PrepRequestProcessor@299] - ACLs for node: [31,s{'world,'anyone}
]
2026-08-18 07:03:43,421 [myid:1] - DEBUG [ProcessThread(sid:0 cport:2181)::PrepRequestProcessor@300] - Client credentials: ['ip,'172.18.0.2
, 'digest,'pat:KDzjoQ5VTKQfcjheJHwntPTKiXc=
]
2026-08-18 07:03:43,421 [myid:1] - DEBUG [ProcessThread(sid:0 cport:2181)::SessionTrackerImpl@296] - Checking session 0x10013915d9b0000
2026-08-18 07:03:43,421 [myid:1] - DEBUG [ProcessThread(sid:0 cport:2181)::PrepRequestProcessor@963] - Processing ACL: 31,s{'auth,}

2026-08-18 07:03:43,421 [myid:1] - DEBUG [ProcessThread(sid:0 cport:2181)::PrepRequestProcessor@298] - Permission requested: 4 
2026-08-18 07:03:43,421 [myid:1] - DEBUG [ProcessThread(sid:0 cport:2181)::PrepRequestProcessor@299] - ACLs for node: [31,s{'world,'anyone}
]
2026-08-18 07:03:43,421 [myid:1] - DEBUG [ProcessThread(sid:0 cport:2181)::PrepRequestProcessor@300] - Client credentials: ['ip,'172.18.0.2
, 'digest,'pat:KDzjoQ5VTKQfcjheJHwntPTKiXc=
]
2026-08-18 07:03:43,421 [myid:1] - DEBUG [ProcessThread(sid:0 cport:2181)::SessionTrackerImpl@296] - Checking session 0x10013915d9b0000
2026-08-18 07:03:43,421 [myid:1] - DEBUG [ProcessThread(sid:0 cport:2181)::PrepRequestProcessor@963] - Processing ACL: 31,s{'auth,}

2026-08-18 07:03:43,421 [myid:1] - DEBUG [ProcessThread(sid:0 cport:2181)::PrepRequestProcessor@298] - Permission requested: 4 
2026-08-18 07:03:43,421 [myid:1] - DEBUG [ProcessThread(sid:0 cport:2181)::PrepRequestProcessor@299] - ACLs for node: [31,s{'world,'anyone}
]
2026-08-18 07:03:43,421 [myid:1] - DEBUG [ProcessThread(sid:0 cport:2181)::PrepRequestProcessor@300] - Client credentials: ['ip,'172.18.0.2
, 'digest,'pat:KDzjoQ5VTKQfcjheJHwntPTKiXc=
]
2026-08-18 07:03:43,421 [myid:1] - DEBUG [ProcessThread(sid:0 cport:2181)::SessionTrackerImpl@296] - Checking session 0x10013915d9b0000
2026-08-18 07:03:43,422 [myid:1] - DEBUG [ProcessThread(sid:0 cport:2181)::PrepRequestProcessor@963] - Processing ACL: 31,s{'auth,}

2026-08-18 07:03:43,422 [myid:1] - DEBUG [ProcessThread(sid:0 cport:2181)::PrepRequestProcessor@298] - Permission requested: 4 
2026-08-18 07:03:43,422 [myid:1] - DEBUG [ProcessThread(sid:0 cport:2181)::PrepRequestProcessor@299] - ACLs for node: [31,s{'world,'anyone}
]
2026-08-18 07:03:43,422 [myid:1] - DEBUG [ProcessThread(sid:0 cport:2181)::PrepRequestProcessor@300] - Client credentials: ['ip,'172.18.0.2
, 'digest,'pat:KDzjoQ5VTKQfcjheJHwntPTKiXc=
]
2026-08-18 07:03:43,422 [myid:1] - DEBUG [ProcessThread(sid:0 cport:2181)::SessionTrackerImpl@296] - Checking session 0x10013915d9b0000
2026-08-18 07:03:43,422 [myid:1] - DEBUG [ProcessThread(sid:0 cport:2181)::PrepRequestProcessor@963] - Processing ACL: 31,s{'auth,}

2026-08-18 07:03:43,422 [myid:1] - DEBUG [ProcessThread(sid:0 cport:2181)::PrepRequestProcessor@298] - Permission requested: 4 
2026-08-18 07:03:43,422 [myid:1] - DEBUG [ProcessThread(sid:0 cport:2181)::PrepRequestProcessor@299] - ACLs for node: [31,s{'world,'anyone}
]
2026-08-18 07:03:43,422 [myid:1] - DEBUG [ProcessThread(sid:0 cport:2181)::PrepRequestProcessor@300] - Client credentials: ['ip,'172.18.0.2
, 'digest,'pat:KDzjoQ5VTKQfcjheJHwntPTKiXc=
]
2026-08-18 07:03:43,422 [myid:1] - DEBUG [ProcessThread(sid:0 cport:2181)::SessionTrackerImpl@296] - Checking session 0x10013915d9b0000
2026-08-18 07:03:43,422 [myid:1] - DEBUG [ProcessThread(sid:0 cport:2181)::PrepRequestProcessor@963] - Processing ACL: 31,s{'auth,}

2026-08-18 07:03:43,423 [myid:1] - DEBUG [ProcessThread(sid:0 cport:2181)::PrepRequestProcessor@298] - Permission requested: 4 
2026-08-18 07:03:43,423 [myid:1] - DEBUG [ProcessThread(sid:0 cport:2181)::PrepRequestProcessor@299] - ACLs for node: [31,s{'world,'anyone}
]
2026-08-18 07:03:43,423 [myid:1] - DEBUG [ProcessThread(sid:0 cport:2181)::PrepRequestProcessor@300] - Client credentials: ['ip,'172.18.0.2
, 'digest,'pat:KDzjoQ5VTKQfcjheJHwntPTKiXc=
]
2026-08-18 07:03:43,423 [myid:1] - DEBUG [ProcessThread(sid:0 cport:2181)::SessionTrackerImpl@296] - Checking session 0x10013915d9b0000
2026-08-18 07:03:43,423 [myid:1] - DEBUG [ProcessThread(sid:0 cport:2181)::PrepRequestProcessor@963] - Processing ACL: 31,s{'auth,}

2026-08-18 07:03:43,423 [myid:1] - DEBUG [ProcessThread(sid:0 cport:2181)::PrepRequestProcessor@298] - Permission requested: 4 
2026-08-18 07:03:43,423 [myid:1] - DEBUG [ProcessThread(sid:0 cport:2181)::PrepRequestProcessor@299] - ACLs for node: [31,s{'world,'anyone}
]
2026-08-18 07:03:43,423 [myid:1] - DEBUG [ProcessThread(sid:0 cport:2181)::PrepRequestProcessor@300] - Client credentials: ['ip,'172.18.0.2
, 'digest,'pat:KDzjoQ5VTKQfcjheJHwntPTKiXc=
]
2026-08-18 07:03:43,423 [myid:1] - DEBUG [ProcessThread(sid:0 cport:2181)::SessionTrackerImpl@296] - Checking session 0x10013915d9b0000
2026-08-18 07:03:43,423 [myid:1] - DEBUG [ProcessThread(sid:0 cport:2181)::PrepRequestProcessor@963] - Processing ACL: 31,s{'auth,}

2026-08-18 07:03:43,423 [myid:1] - DEBUG [ProcessThread(sid:0 cport:2181)::PrepRequestProcessor@298] - Permission requested: 4 
2026-08-18 07:03:43,423 [myid:1] - DEBUG [ProcessThread(sid:0 cport:2181)::PrepRequestProcessor@299] - ACLs for node: [31,s{'world,'anyone}
]
2026-08-18 07:03:43,423 [myid:1] - DEBUG [ProcessThread(sid:0 cport:2181)::PrepRequestProcessor@300] - Client credentials: ['ip,'172.18.0.2
, 'digest,'pat:KDzjoQ5VTKQfcjheJHwntPTKiXc=
]
2026-08-18 07:03:43,424 [myid:1] - DEBUG [ProcessThread(sid:0 cport:2181)::SessionTrackerImpl@296] - Checking session 0x10013915d9b0000
2026-08-18 07:03:43,424 [myid:1] - DEBUG [ProcessThread(sid:0 cport:2181)::PrepRequestProcessor@963] - Processing ACL: 31,s{'auth,}

2026-08-18 07:03:43,424 [myid:1] - DEBUG [ProcessThread(sid:0 cport:2181)::PrepRequestProcessor@298] - Permission requested: 4 
2026-08-18 07:03:43,424 [myid:1] - DEBUG [ProcessThread(sid:0 cport:2181)::PrepRequestProcessor@299] - ACLs for node: [31,s{'world,'anyone}
]
2026-08-18 07:03:43,424 [myid:1] - DEBUG [ProcessThread(sid:0 cport:2181)::PrepRequestProcessor@300] - Client credentials: ['ip,'172.18.0.2
, 'digest,'pat:KDzjoQ5VTKQfcjheJHwntPTKiXc=
]
2026-08-18 07:03:43,424 [myid:1] - DEBUG [ProcessThread(sid:0 cport:2181)::SessionTrackerImpl@296] - Checking session 0x10013915d9b0000
2026-08-18 07:03:43,424 [myid:1] - DEBUG [ProcessThread(sid:0 cport:2181)::PrepRequestProcessor@963] - Processing ACL: 31,s{'auth,}

2026-08-18 07:03:43,424 [myid:1] - DEBUG [ProcessThread(sid:0 cport:2181)::PrepRequestProcessor@298] - Permission requested: 4 
2026-08-18 07:03:43,424 [myid:1] - DEBUG [ProcessThread(sid:0 cport:2181)::PrepRequestProcessor@299] - ACLs for node: [31,s{'world,'anyone}
]
2026-08-18 07:03:43,424 [myid:1] - DEBUG [ProcessThread(sid:0 cport:2181)::PrepRequestProcessor@300] - Client credentials: ['ip,'172.18.0.2
, 'digest,'pat:KDzjoQ5VTKQfcjheJHwntPTKiXc=
]
2026-08-18 07:03:43,424 [myid:1] - DEBUG [ProcessThread(sid:0 cport:2181)::SessionTrackerImpl@296] - Checking session 0x10013915d9b0000
2026-08-18 07:03:43,424 [myid:1] - DEBUG [ProcessThread(sid:0 cport:2181)::PrepRequestProcessor@963] - Processing ACL: 31,s{'auth,}

2026-08-18 07:03:43,424 [myid:1] - DEBUG [ProcessThread(sid:0 cport:2181)::PrepRequestProcessor@298] - Permission requested: 4 
2026-08-18 07:03:43,424 [myid:1] - DEBUG [ProcessThread(sid:0 cport:2181)::PrepRequestProcessor@299] - ACLs for node: [31,s{'world,'anyone}
]
2026-08-18 07:03:43,425 [myid:1] - DEBUG [ProcessThread(sid:0 cport:2181)::PrepRequestProcessor@300] - Client credentials: ['ip,'172.18.0.2
, 'digest,'pat:KDzjoQ5VTKQfcjheJHwntPTKiXc=
]
2026-08-18 07:03:43,425 [myid:1] - DEBUG [ProcessThread(sid:0 cport:2181)::SessionTrackerImpl@296] - Checking session 0x10013915d9b0000
2026-08-18 07:03:43,425 [myid:1] - DEBUG [ProcessThread(sid:0 cport:2181)::PrepRequestProcessor@963] - Processing ACL: 31,s{'auth,}

2026-08-18 07:03:43,425 [myid:1] - DEBUG [ProcessThread(sid:0 cport:2181)::PrepRequestProcessor@298] - Permission requested: 4 
2026-08-18 07:03:43,425 [myid:1] - DEBUG [ProcessThread(sid:0 cport:2181)::PrepRequestProcessor@299] - ACLs for node: [31,s{'world,'anyone}
]
2026-08-18 07:03:43,425 [myid:1] - DEBUG [ProcessThread(sid:0 cport:2181)::PrepRequestProcessor@300] - Client credentials: ['ip,'172.18.0.2
, 'digest,'pat:KDzjoQ5VTKQfcjheJHwntPTKiXc=
]
2026-08-18 07:03:43,425 [myid:1] - DEBUG [ProcessThread(sid:0 cport:2181)::SessionTrackerImpl@296] - Checking session 0x10013915d9b0000
2026-08-18 07:03:43,425 [myid:1] - DEBUG [ProcessThread(sid:0 cport:2181)::PrepRequestProcessor@963] - Processing ACL: 31,s{'auth,}

2026-08-18 07:03:43,425 [myid:1] - DEBUG [ProcessThread(sid:0 cport:2181)::PrepRequestProcessor@298] - Permission requested: 4 
2026-08-18 07:03:43,425 [myid:1] - DEBUG [ProcessThread(sid:0 cport:2181)::PrepRequestProcessor@299] - ACLs for node: [31,s{'world,'anyone}
]
2026-08-18 07:03:43,425 [myid:1] - DEBUG [ProcessThread(sid:0 cport:2181)::PrepRequestProcessor@300] - Client credentials: ['ip,'172.18.0.2
, 'digest,'pat:KDzjoQ5VTKQfcjheJHwntPTKiXc=
]
2026-08-18 07:03:43,425 [myid:1] - DEBUG [ProcessThread(sid:0 cport:2181)::SessionTrackerImpl@296] - Checking session 0x10013915d9b0000
2026-08-18 07:03:43,425 [myid:1] - DEBUG [ProcessThread(sid:0 cport:2181)::PrepRequestProcessor@963] - Processing ACL: 31,s{'auth,}

2026-08-18 07:03:43,425 [myid:1] - DEBUG [ProcessThread(sid:0 cport:2181)::PrepRequestProcessor@298] - Permission requested: 4 
2026-08-18 07:03:43,425 [myid:1] - DEBUG [ProcessThread(sid:0 cport:2181)::PrepRequestProcessor@299] - ACLs for node: [31,s{'world,'anyone}
]
2026-08-18 07:03:43,425 [myid:1] - DEBUG [ProcessThread(sid:0 cport:2181)::PrepRequestProcessor@300] - Client credentials: ['ip,'172.18.0.2
, 'digest,'pat:KDzjoQ5VTKQfcjheJHwntPTKiXc=
]
2026-08-18 07:03:43,425 [myid:1] - DEBUG [ProcessThread(sid:0 cport:2181)::SessionTrackerImpl@296] - Checking session 0x10013915d9b0000
2026-08-18 07:03:43,425 [myid:1] - DEBUG [ProcessThread(sid:0 cport:2181)::PrepRequestProcessor@963] - Processing ACL: 31,s{'auth,}

2026-08-18 07:03:43,426 [myid:1] - DEBUG [ProcessThread(sid:0 cport:2181)::PrepRequestProcessor@298] - Permission requested: 4 
2026-08-18 07:03:43,426 [myid:1] - DEBUG [ProcessThread(sid:0 cport:2181)::PrepRequestProcessor@299] - ACLs for node: [31,s{'world,'anyone}
]
2026-08-18 07:03:43,426 [myid:1] - DEBUG [ProcessThread(sid:0 cport:2181)::PrepRequestProcessor@300] - Client credentials: ['ip,'172.18.0.2
, 'digest,'pat:KDzjoQ5VTKQfcjheJHwntPTKiXc=
]
2026-08-18 07:03:43,426 [myid:1] - DEBUG [ProcessThread(sid:0 cport:2181)::SessionTrackerImpl@296] - Checking session 0x10013915d9b0000
2026-08-18 07:03:43,426 [myid:1] - DEBUG [ProcessThread(sid:0 cport:2181)::PrepRequestProcessor@963] - Processing ACL: 31,s{'auth,}

2026-08-18 07:03:43,426 [myid:1] - DEBUG [ProcessThread(sid:0 cport:2181)::PrepRequestProcessor@298] - Permission requested: 4 
2026-08-18 07:03:43,426 [myid:1] - DEBUG [ProcessThread(sid:0 cport:2181)::PrepRequestProcessor@299] - ACLs for node: [31,s{'world,'anyone}
]
2026-08-18 07:03:43,426 [myid:1] - DEBUG [ProcessThread(sid:0 cport:2181)::PrepRequestProcessor@300] - Client credentials: ['ip,'172.18.0.2
, 'digest,'pat:KDzjoQ5VTKQfcjheJHwntPTKiXc=
]
2026-08-18 07:03:43,426 [myid:1] - DEBUG [ProcessThread(sid:0 cport:2181)::SessionTrackerImpl@296] - Checking session 0x10013915d9b0000
2026-08-18 07:03:43,426 [myid:1] - DEBUG [ProcessThread(sid:0 cport:2181)::PrepRequestProcessor@963] - Processing ACL: 31,s{'auth,}

2026-08-18 07:03:43,426 [myid:1] - DEBUG [ProcessThread(sid:0 cport:2181)::PrepRequestProcessor@298] - Permission requested: 4 
2026-08-18 07:03:43,426 [myid:1] - DEBUG [ProcessThread(sid:0 cport:2181)::PrepRequestProcessor@299] - ACLs for node: [31,s{'world,'anyone}
]
2026-08-18 07:03:43,426 [myid:1] - DEBUG [ProcessThread(sid:0 cport:2181)::PrepRequestProcessor@300] - Client credentials: ['ip,'172.18.0.2
, 'digest,'pat:KDzjoQ5VTKQfcjheJHwntPTKiXc=
]
2026-08-18 07:03:43,426 [myid:1] - DEBUG [ProcessThread(sid:0 cport:2181)::SessionTrackerImpl@296] - Checking session 0x10013915d9b0000
2026-08-18 07:03:43,426 [myid:1] - DEBUG [ProcessThread(sid:0 cport:2181)::PrepRequestProcessor@963] - Processing ACL: 31,s{'auth,}

2026-08-18 07:03:43,426 [myid:1] - DEBUG [ProcessThread(sid:0 cport:2181)::PrepRequestProcessor@298] - Permission requested: 4 
2026-08-18 07:03:43,426 [myid:1] - DEBUG [ProcessThread(sid:0 cport:2181)::PrepRequestProcessor@299] - ACLs for node: [31,s{'world,'anyone}
]
2026-08-18 07:03:43,426 [myid:1] - DEBUG [ProcessThread(sid:0 cport:2181)::PrepRequestProcessor@300] - Client credentials: ['ip,'172.18.0.2
, 'digest,'pat:KDzjoQ5VTKQfcjheJHwntPTKiXc=
]
2026-08-18 07:03:43,427 [myid:1] - DEBUG [ProcessThread(sid:0 cport:2181)::SessionTrackerImpl@296] - Checking session 0x10013915d9b0000
2026-08-18 07:03:43,427 [myid:1] - DEBUG [ProcessThread(sid:0 cport:2181)::PrepRequestProcessor@963] - Processing ACL: 31,s{'auth,}

2026-08-18 07:03:43,427 [myid:1] - DEBUG [ProcessThread(sid:0 cport:2181)::PrepRequestProcessor@298] - Permission requested: 4 
2026-08-18 07:03:43,427 [myid:1] - DEBUG [ProcessThread(sid:0 cport:2181)::PrepRequestProcessor@299] - ACLs for node: [31,s{'world,'anyone}
]
2026-08-18 07:03:43,427 [myid:1] - DEBUG [ProcessThread(sid:0 cport:2181)::PrepRequestProcessor@300] - Client credentials: ['ip,'172.18.0.2
, 'digest,'pat:KDzjoQ5VTKQfcjheJHwntPTKiXc=
]
2026-08-18 07:03:43,427 [myid:1] - DEBUG [ProcessThread(sid:0 cport:2181)::SessionTrackerImpl@296] - Checking session 0x10013915d9b0000
2026-08-18 07:03:43,427 [myid:1] - DEBUG [ProcessThread(sid:0 cport:2181)::PrepRequestProcessor@963] - Processing ACL: 31,s{'auth,}

2026-08-18 07:03:43,427 [myid:1] - DEBUG [ProcessThread(sid:0 cport:2181)::PrepRequestProcessor@298] - Permission requested: 4 
2026-08-18 07:03:43,427 [myid:1] - DEBUG [ProcessThread(sid:0 cport:2181)::PrepRequestProcessor@299] - ACLs for node: [31,s{'world,'anyone}
]
2026-08-18 07:03:43,427 [myid:1] - DEBUG [ProcessThread(sid:0 cport:2181)::PrepRequestProcessor@300] - Client credentials: ['ip,'172.18.0.2
, 'digest,'pat:KDzjoQ5VTKQfcjheJHwntPTKiXc=
]
2026-08-18 07:03:43,427 [myid:1] - DEBUG [ProcessThread(sid:0 cport:2181)::SessionTrackerImpl@296] - Checking session 0x10013915d9b0000
2026-08-18 07:03:43,427 [myid:1] - DEBUG [ProcessThread(sid:0 cport:2181)::PrepRequestProcessor@963] - Processing ACL: 31,s{'auth,}

2026-08-18 07:03:43,427 [myid:1] - DEBUG [ProcessThread(sid:0 cport:2181)::PrepRequestProcessor@298] - Permission requested: 4 
2026-08-18 07:03:43,427 [myid:1] - DEBUG [ProcessThread(sid:0 cport:2181)::PrepRequestProcessor@299] - ACLs for node: [31,s{'world,'anyone}
]
2026-08-18 07:03:43,427 [myid:1] - DEBUG [ProcessThread(sid:0 cport:2181)::PrepRequestProcessor@300] - Client credentials: ['ip,'172.18.0.2
, 'digest,'pat:KDzjoQ5VTKQfcjheJHwntPTKiXc=
]
2026-08-18 07:03:43,427 [myid:1] - DEBUG [ProcessThread(sid:0 cport:2181)::SessionTrackerImpl@296] - Checking session 0x10013915d9b0000
2026-08-18 07:03:43,427 [myid:1] - DEBUG [ProcessThread(sid:0 cport:2181)::PrepRequestProcessor@963] - Processing ACL: 31,s{'auth,}

2026-08-18 07:03:43,428 [myid:1] - DEBUG [ProcessThread(sid:0 cport:2181)::PrepRequestProcessor@298] - Permission requested: 4 
2026-08-18 07:03:43,428 [myid:1] - DEBUG [ProcessThread(sid:0 cport:2181)::PrepRequestProcessor@299] - ACLs for node: [31,s{'world,'anyone}
]
2026-08-18 07:03:43,428 [myid:1] - DEBUG [ProcessThread(sid:0 cport:2181)::PrepRequestProcessor@300] - Client credentials: ['ip,'172.18.0.2
, 'digest,'pat:KDzjoQ5VTKQfcjheJHwntPTKiXc=
]
2026-08-18 07:03:43,428 [myid:1] - DEBUG [ProcessThread(sid:0 cport:2181)::SessionTrackerImpl@296] - Checking session 0x10013915d9b0000
2026-08-18 07:03:43,428 [myid:1] - DEBUG [ProcessThread(sid:0 cport:2181)::PrepRequestProcessor@963] - Processing ACL: 31,s{'auth,}

2026-08-18 07:03:43,428 [myid:1] - DEBUG [ProcessThread(sid:0 cport:2181)::PrepRequestProcessor@298] - Permission requested: 4 
2026-08-18 07:03:43,428 [myid:1] - DEBUG [ProcessThread(sid:0 cport:2181)::PrepRequestProcessor@299] - ACLs for node: [31,s{'world,'anyone}
]
2026-08-18 07:03:43,428 [myid:1] - DEBUG [ProcessThread(sid:0 cport:2181)::PrepRequestProcessor@300] - Client credentials: ['ip,'172.18.0.2
, 'digest,'pat:KDzjoQ5VTKQfcjheJHwntPTKiXc=
]
2026-08-18 07:03:43,428 [myid:1] - DEBUG [ProcessThread(sid:0 cport:2181)::SessionTrackerImpl@296] - Checking session 0x10013915d9b0000
2026-08-18 07:03:43,428 [myid:1] - DEBUG [ProcessThread(sid:0 cport:2181)::PrepRequestProcessor@963] - Processing ACL: 31,s{'auth,}

2026-08-18 07:03:43,428 [myid:1] - DEBUG [ProcessThread(sid:0 cport:2181)::PrepRequestProcessor@298] - Permission requested: 4 
2026-08-18 07:03:43,428 [myid:1] - DEBUG [ProcessThread(sid:0 cport:2181)::PrepRequestProcessor@299] - ACLs for node: [31,s{'world,'anyone}
]
2026-08-18 07:03:43,428 [myid:1] - DEBUG [ProcessThread(sid:0 cport:2181)::PrepRequestProcessor@300] - Client credentials: ['ip,'172.18.0.2
, 'digest,'pat:KDzjoQ5VTKQfcjheJHwntPTKiXc=
]
2026-08-18 07:03:43,428 [myid:1] - DEBUG [ProcessThread(sid:0 cport:2181)::SessionTrackerImpl@296] - Checking session 0x10013915d9b0000
2026-08-18 07:03:43,428 [myid:1] - DEBUG [ProcessThread(sid:0 cport:2181)::PrepRequestProcessor@963] - Processing ACL: 31,s{'auth,}

2026-08-18 07:03:43,428 [myid:1] - DEBUG [ProcessThread(sid:0 cport:2181)::PrepRequestProcessor@298] - Permission requested: 4 
2026-08-18 07:03:43,428 [myid:1] - DEBUG [ProcessThread(sid:0 cport:2181)::PrepRequestProcessor@299] - ACLs for node: [31,s{'world,'anyone}
]
2026-08-18 07:03:43,428 [myid:1] - DEBUG [ProcessThread(sid:0 cport:2181)::PrepRequestProcessor@300] - Client credentials: ['ip,'172.18.0.2
, 'digest,'pat:KDzjoQ5VTKQfcjheJHwntPTKiXc=
]
2026-08-18 07:03:43,428 [myid:1] - DEBUG [ProcessThread(sid:0 cport:2181)::SessionTrackerImpl@296] - Checking session 0x10013915d9b0000
2026-08-18 07:03:43,428 [myid:1] - DEBUG [ProcessThread(sid:0 cport:2181)::PrepRequestProcessor@963] - Processing ACL: 31,s{'auth,}

2026-08-18 07:03:43,428 [myid:1] - DEBUG [ProcessThread(sid:0 cport:2181)::PrepRequestProcessor@298] - Permission requested: 4 
2026-08-18 07:03:43,428 [myid:1] - DEBUG [ProcessThread(sid:0 cport:2181)::PrepRequestProcessor@299] - ACLs for node: [31,s{'world,'anyone}
]
2026-08-18 07:03:43,429 [myid:1] - DEBUG [ProcessThread(sid:0 cport:2181)::PrepRequestProcessor@300] - Client credentials: ['ip,'172.18.0.2
, 'digest,'pat:KDzjoQ5VTKQfcjheJHwntPTKiXc=
]
2026-08-18 07:03:43,429 [myid:1] - DEBUG [ProcessThread(sid:0 cport:2181)::SessionTrackerImpl@296] - Checking session 0x10013915d9b0000
2026-08-18 07:03:43,429 [myid:1] - DEBUG [ProcessThread(sid:0 cport:2181)::PrepRequestProcessor@963] - Processing ACL: 31,s{'auth,}

2026-08-18 07:03:43,429 [myid:1] - DEBUG [ProcessThread(sid:0 cport:2181)::PrepRequestProcessor@298] - Permission requested: 4 
2026-08-18 07:03:43,429 [myid:1] - DEBUG [ProcessThread(sid:0 cport:2181)::PrepRequestProcessor@299] - ACLs for node: [31,s{'world,'anyone}
]
2026-08-18 07:03:43,429 [myid:1] - DEBUG [ProcessThread(sid:0 cport:2181)::PrepRequestProcessor@300] - Client credentials: ['ip,'172.18.0.2
, 'digest,'pat:KDzjoQ5VTKQfcjheJHwntPTKiXc=
]
2026-08-18 07:03:43,429 [myid:1] - DEBUG [ProcessThread(sid:0 cport:2181)::SessionTrackerImpl@296] - Checking session 0x10013915d9b0000
2026-08-18 07:03:43,429 [myid:1] - DEBUG [ProcessThread(sid:0 cport:2181)::PrepRequestProcessor@963] - Processing ACL: 31,s{'auth,}

2026-08-18 07:03:43,429 [myid:1] - DEBUG [ProcessThread(sid:0 cport:2181)::PrepRequestProcessor@298] - Permission requested: 4 
2026-08-18 07:03:43,429 [myid:1] - DEBUG [ProcessThread(sid:0 cport:2181)::PrepRequestProcessor@299] - ACLs for node: [31,s{'world,'anyone}
]
2026-08-18 07:03:43,429 [myid:1] - DEBUG [ProcessThread(sid:0 cport:2181)::PrepRequestProcessor@300] - Client credentials: ['ip,'172.18.0.2
, 'digest,'pat:KDzjoQ5VTKQfcjheJHwntPTKiXc=
]
2026-08-18 07:03:43,429 [myid:1] - DEBUG [ProcessThread(sid:0 cport:2181)::SessionTrackerImpl@296] - Checking session 0x10013915d9b0000
2026-08-18 07:03:43,429 [myid:1] - DEBUG [ProcessThread(sid:0 cport:2181)::PrepRequestProcessor@963] - Processing ACL: 31,s{'auth,}

2026-08-18 07:03:43,429 [myid:1] - DEBUG [ProcessThread(sid:0 cport:2181)::PrepRequestProcessor@298] - Permission requested: 4 
2026-08-18 07:03:43,429 [myid:1] - DEBUG [ProcessThread(sid:0 cport:2181)::PrepRequestProcessor@299] - ACLs for node: [31,s{'world,'anyone}
]
2026-08-18 07:03:43,429 [myid:1] - DEBUG [ProcessThread(sid:0 cport:2181)::PrepRequestProcessor@300] - Client credentials: ['ip,'172.18.0.2
, 'digest,'pat:KDzjoQ5VTKQfcjheJHwntPTKiXc=
]
2026-08-18 07:03:43,429 [myid:1] - DEBUG [ProcessThread(sid:0 cport:2181)::SessionTrackerImpl@296] - Checking session 0x10013915d9b0000
2026-08-18 07:03:43,429 [myid:1] - DEBUG [ProcessThread(sid:0 cport:2181)::PrepRequestProcessor@963] - Processing ACL: 31,s{'auth,}

2026-08-18 07:03:43,429 [myid:1] - DEBUG [ProcessThread(sid:0 cport:2181)::PrepRequestProcessor@298] - Permission requested: 4 
2026-08-18 07:03:43,429 [myid:1] - DEBUG [ProcessThread(sid:0 cport:2181)::PrepRequestProcessor@299] - ACLs for node: [31,s{'world,'anyone}
]
2026-08-18 07:03:43,430 [myid:1] - DEBUG [ProcessThread(sid:0 cport:2181)::PrepRequestProcessor@300] - Client credentials: ['ip,'172.18.0.2
, 'digest,'pat:KDzjoQ5VTKQfcjheJHwntPTKiXc=
]
2026-08-18 07:03:43,430 [myid:1] - DEBUG [ProcessThread(sid:0 cport:2181)::SessionTrackerImpl@296] - Checking session 0x10013915d9b0000
2026-08-18 07:03:43,430 [myid:1] - DEBUG [ProcessThread(sid:0 cport:2181)::PrepRequestProcessor@963] - Processing ACL: 31,s{'auth,}

2026-08-18 07:03:43,430 [myid:1] - DEBUG [ProcessThread(sid:0 cport:2181)::PrepRequestProcessor@298] - Permission requested: 4 
2026-08-18 07:03:43,430 [myid:1] - DEBUG [ProcessThread(sid:0 cport:2181)::PrepRequestProcessor@299] - ACLs for node: [31,s{'world,'anyone}
]
2026-08-18 07:03:43,430 [myid:1] - DEBUG [ProcessThread(sid:0 cport:2181)::PrepRequestProcessor@300] - Client credentials: ['ip,'172.18.0.2
, 'digest,'pat:KDzjoQ5VTKQfcjheJHwntPTKiXc=
]
2026-08-18 07:03:43,430 [myid:1] - DEBUG [ProcessThread(sid:0 cport:2181)::SessionTrackerImpl@296] - Checking session 0x10013915d9b0000
2026-08-18 07:03:43,430 [myid:1] - DEBUG [ProcessThread(sid:0 cport:2181)::PrepRequestProcessor@963] - Processing ACL: 31,s{'auth,}

2026-08-18 07:03:43,430 [myid:1] - DEBUG [ProcessThread(sid:0 cport:2181)::PrepRequestProcessor@298] - Permission requested: 4 
2026-08-18 07:03:43,430 [myid:1] - DEBUG [ProcessThread(sid:0 cport:2181)::PrepRequestProcessor@299] - ACLs for node: [31,s{'world,'anyone}
]
2026-08-18 07:03:43,430 [myid:1] - DEBUG [ProcessThread(sid:0 cport:2181)::PrepRequestProcessor@300] - Client credentials: ['ip,'172.18.0.2
, 'digest,'pat:KDzjoQ5VTKQfcjheJHwntPTKiXc=
]
2026-08-18 07:03:43,430 [myid:1] - DEBUG [ProcessThread(sid:0 cport:2181)::SessionTrackerImpl@296] - Checking session 0x10013915d9b0000
2026-08-18 07:03:43,430 [myid:1] - DEBUG [ProcessThread(sid:0 cport:2181)::PrepRequestProcessor@963] - Processing ACL: 31,s{'auth,}

2026-08-18 07:03:43,430 [myid:1] - DEBUG [ProcessThread(sid:0 cport:2181)::PrepRequestProcessor@298] - Permission requested: 4 
2026-08-18 07:03:43,430 [myid:1] - DEBUG [ProcessThread(sid:0 cport:2181)::PrepRequestProcessor@299] - ACLs for node: [31,s{'world,'anyone}
]
2026-08-18 07:03:43,430 [myid:1] - DEBUG [ProcessThread(sid:0 cport:2181)::PrepRequestProcessor@300] - Client credentials: ['ip,'172.18.0.2
, 'digest,'pat:KDzjoQ5VTKQfcjheJHwntPTKiXc=
]
2026-08-18 07:03:43,430 [myid:1] - DEBUG [ProcessThread(sid:0 cport:2181)::SessionTrackerImpl@296] - Checking session 0x10013915d9b0000
2026-08-18 07:03:43,430 [myid:1] - DEBUG [ProcessThread(sid:0 cport:2181)::PrepRequestProcessor@963] - Processing ACL: 31,s{'auth,}

2026-08-18 07:03:43,430 [myid:1] - DEBUG [ProcessThread(sid:0 cport:2181)::PrepRequestProcessor@298] - Permission requested: 4 
2026-08-18 07:03:43,430 [myid:1] - DEBUG [ProcessThread(sid:0 cport:2181)::PrepRequestProcessor@299] - ACLs for node: [31,s{'world,'anyone}
]
2026-08-18 07:03:43,430 [myid:1] - DEBUG [ProcessThread(sid:0 cport:2181)::PrepRequestProcessor@300] - Client credentials: ['ip,'172.18.0.2
, 'digest,'pat:KDzjoQ5VTKQfcjheJHwntPTKiXc=
]
2026-08-18 07:03:43,431 [myid:1] - DEBUG [ProcessThread(sid:0 cport:2181)::SessionTrackerImpl@296] - Checking session 0x10013915d9b0000
2026-08-18 07:03:43,431 [myid:1] - DEBUG [ProcessThread(sid:0 cport:2181)::PrepRequestProcessor@963] - Processing ACL: 31,s{'auth,}

2026-08-18 07:03:43,431 [myid:1] - DEBUG [ProcessThread(sid:0 cport:2181)::PrepRequestProcessor@298] - Permission requested: 4 
2026-08-18 07:03:43,431 [myid:1] - DEBUG [ProcessThread(sid:0 cport:2181)::PrepRequestProcessor@299] - ACLs for node: [31,s{'world,'anyone}
]
2026-08-18 07:03:43,431 [myid:1] - DEBUG [ProcessThread(sid:0 cport:2181)::PrepRequestProcessor@300] - Client credentials: ['ip,'172.18.0.2
, 'digest,'pat:KDzjoQ5VTKQfcjheJHwntPTKiXc=
]
2026-08-18 07:03:43,431 [myid:1] - DEBUG [ProcessThread(sid:0 cport:2181)::SessionTrackerImpl@296] - Checking session 0x10013915d9b0000
2026-08-18 07:03:43,431 [myid:1] - DEBUG [ProcessThread(sid:0 cport:2181)::PrepRequestProcessor@963] - Processing ACL: 31,s{'auth,}

2026-08-18 07:03:43,431 [myid:1] - DEBUG [ProcessThread(sid:0 cport:2181)::PrepRequestProcessor@298] - Permission requested: 4 
2026-08-18 07:03:43,431 [myid:1] - DEBUG [ProcessThread(sid:0 cport:2181)::PrepRequestProcessor@299] - ACLs for node: [31,s{'world,'anyone}
]
2026-08-18 07:03:43,431 [myid:1] - DEBUG [ProcessThread(sid:0 cport:2181)::PrepRequestProcessor@300] - Client credentials: ['ip,'172.18.0.2
, 'digest,'pat:KDzjoQ5VTKQfcjheJHwntPTKiXc=
]
2026-08-18 07:03:43,431 [myid:1] - DEBUG [ProcessThread(sid:0 cport:2181)::SessionTrackerImpl@296] - Checking session 0x10013915d9b0000
2026-08-18 07:03:43,431 [myid:1] - DEBUG [ProcessThread(sid:0 cport:2181)::PrepRequestProcessor@963] - Processing ACL: 31,s{'auth,}

2026-08-18 07:03:43,431 [myid:1] - DEBUG [ProcessThread(sid:0 cport:2181)::PrepRequestProcessor@298] - Permission requested: 4 
2026-08-18 07:03:43,431 [myid:1] - DEBUG [ProcessThread(sid:0 cport:2181)::PrepRequestProcessor@299] - ACLs for node: [31,s{'world,'anyone}
]
2026-08-18 07:03:43,431 [myid:1] - DEBUG [ProcessThread(sid:0 cport:2181)::PrepRequestProcessor@300] - Client credentials: ['ip,'172.18.0.2
, 'digest,'pat:KDzjoQ5VTKQfcjheJHwntPTKiXc=
]
2026-08-18 07:03:43,431 [myid:1] - DEBUG [ProcessThread(sid:0 cport:2181)::SessionTrackerImpl@296] - Checking session 0x10013915d9b0000
2026-08-18 07:03:43,431 [myid:1] - DEBUG [ProcessThread(sid:0 cport:2181)::PrepRequestProcessor@963] - Processing ACL: 31,s{'auth,}

2026-08-18 07:03:43,431 [myid:1] - DEBUG [ProcessThread(sid:0 cport:2181)::PrepRequestProcessor@298] - Permission requested: 4 
2026-08-18 07:03:43,431 [myid:1] - DEBUG [ProcessThread(sid:0 cport:2181)::PrepRequestProcessor@299] - ACLs for node: [31,s{'world,'anyone}
]
2026-08-18 07:03:43,431 [myid:1] - DEBUG [ProcessThread(sid:0 cport:2181)::PrepRequestProcessor@300] - Client credentials: ['ip,'172.18.0.2
, 'digest,'pat:KDzjoQ5VTKQfcjheJHwntPTKiXc=
]
2026-08-18 07:03:43,431 [myid:1] - DEBUG [ProcessThread(sid:0 cport:2181)::SessionTrackerImpl@296] - Checking session 0x10013915d9b0000
2026-08-18 07:03:43,431 [myid:1] - DEBUG [ProcessThread(sid:0 cport:2181)::PrepRequestProcessor@963] - Processing ACL: 31,s{'auth,}

2026-08-18 07:03:43,432 [myid:1] - DEBUG [ProcessThread(sid:0 cport:2181)::PrepRequestProcessor@298] - Permission requested: 4 
2026-08-18 07:03:43,432 [myid:1] - DEBUG [ProcessThread(sid:0 cport:2181)::PrepRequestProcessor@299] - ACLs for node: [31,s{'world,'anyone}
]
2026-08-18 07:03:43,432 [myid:1] - DEBUG [ProcessThread(sid:0 cport:2181)::PrepRequestProcessor@300] - Client credentials: ['ip,'172.18.0.2
, 'digest,'pat:KDzjoQ5VTKQfcjheJHwntPTKiXc=
]
2026-08-18 07:03:43,432 [myid:1] - DEBUG [ProcessThread(sid:0 cport:2181)::SessionTrackerImpl@296] - Checking session 0x10013915d9b0000
2026-08-18 07:03:43,432 [myid:1] - DEBUG [ProcessThread(sid:0 cport:2181)::PrepRequestProcessor@963] - Processing ACL: 31,s{'auth,}

2026-08-18 07:03:43,432 [myid:1] - DEBUG [ProcessThread(sid:0 cport:2181)::PrepRequestProcessor@298] - Permission requested: 4 
2026-08-18 07:03:43,432 [myid:1] - DEBUG [ProcessThread(sid:0 cport:2181)::PrepRequestProcessor@299] - ACLs for node: [31,s{'world,'anyone}
]
2026-08-18 07:03:43,432 [myid:1] - DEBUG [ProcessThread(sid:0 cport:2181)::PrepRequestProcessor@300] - Client credentials: ['ip,'172.18.0.2
, 'digest,'pat:KDzjoQ5VTKQfcjheJHwntPTKiXc=
]
2026-08-18 07:03:43,432 [myid:1] - DEBUG [ProcessThread(sid:0 cport:2181)::SessionTrackerImpl@296] - Checking session 0x10013915d9b0000
2026-08-18 07:03:43,432 [myid:1] - DEBUG [ProcessThread(sid:0 cport:2181)::PrepRequestProcessor@963] - Processing ACL: 31,s{'auth,}

2026-08-18 07:03:43,432 [myid:1] - DEBUG [ProcessThread(sid:0 cport:2181)::PrepRequestProcessor@298] - Permission requested: 4 
2026-08-18 07:03:43,432 [myid:1] - DEBUG [ProcessThread(sid:0 cport:2181)::PrepRequestProcessor@299] - ACLs for node: [31,s{'world,'anyone}
]
2026-08-18 07:03:43,432 [myid:1] - DEBUG [ProcessThread(sid:0 cport:2181)::PrepRequestProcessor@300] - Client credentials: ['ip,'172.18.0.2
, 'digest,'pat:KDzjoQ5VTKQfcjheJHwntPTKiXc=
]
2026-08-18 07:03:43,432 [myid:1] - DEBUG [ProcessThread(sid:0 cport:2181)::SessionTrackerImpl@296] - Checking session 0x10013915d9b0000
2026-08-18 07:03:43,432 [myid:1] - DEBUG [ProcessThread(sid:0 cport:2181)::PrepRequestProcessor@963] - Processing ACL: 31,s{'auth,}

2026-08-18 07:03:43,432 [myid:1] - DEBUG [ProcessThread(sid:0 cport:2181)::PrepRequestProcessor@298] - Permission requested: 4 
2026-08-18 07:03:43,432 [myid:1] - DEBUG [ProcessThread(sid:0 cport:2181)::PrepRequestProcessor@299] - ACLs for node: [31,s{'world,'anyone}
]
2026-08-18 07:03:43,432 [myid:1] - DEBUG [ProcessThread(sid:0 cport:2181)::PrepRequestProcessor@300] - Client credentials: ['ip,'172.18.0.2
, 'digest,'pat:KDzjoQ5VTKQfcjheJHwntPTKiXc=
]
2026-08-18 07:03:43,433 [myid:1] - DEBUG [ProcessThread(sid:0 cport:2181)::SessionTrackerImpl@296] - Checking session 0x10013915d9b0000
2026-08-18 07:03:43,433 [myid:1] - DEBUG [ProcessThread(sid:0 cport:2181)::PrepRequestProcessor@963] - Processing ACL: 31,s{'auth,}

2026-08-18 07:03:43,433 [myid:1] - DEBUG [ProcessThread(sid:0 cport:2181)::PrepRequestProcessor@298] - Permission requested: 4 
2026-08-18 07:03:43,433 [myid:1] - DEBUG [ProcessThread(sid:0 cport:2181)::PrepRequestProcessor@299] - ACLs for node: [31,s{'world,'anyone}
]
2026-08-18 07:03:43,433 [myid:1] - DEBUG [ProcessThread(sid:0 cport:2181)::PrepRequestProcessor@300] - Client credentials: ['ip,'172.18.0.2
, 'digest,'pat:KDzjoQ5VTKQfcjheJHwntPTKiXc=
]
2026-08-18 07:03:43,433 [myid:1] - DEBUG [ProcessThread(sid:0 cport:2181)::SessionTrackerImpl@296] - Checking session 0x10013915d9b0000
2026-08-18 07:03:43,433 [myid:1] - DEBUG [ProcessThread(sid:0 cport:2181)::PrepRequestProcessor@963] - Processing ACL: 31,s{'auth,}

2026-08-18 07:03:43,433 [myid:1] - DEBUG [ProcessThread(sid:0 cport:2181)::PrepRequestProcessor@298] - Permission requested: 4 
2026-08-18 07:03:43,433 [myid:1] - DEBUG [ProcessThread(sid:0 cport:2181)::PrepRequestProcessor@299] - ACLs for node: [31,s{'world,'anyone}
]
2026-08-18 07:03:43,433 [myid:1] - DEBUG [ProcessThread(sid:0 cport:2181)::PrepRequestProcessor@300] - Client credentials: ['ip,'172.18.0.2
, 'digest,'pat:KDzjoQ5VTKQfcjheJHwntPTKiXc=
]
2026-08-18 07:03:43,433 [myid:1] - DEBUG [ProcessThread(sid:0 cport:2181)::SessionTrackerImpl@296] - Checking session 0x10013915d9b0000
2026-08-18 07:03:43,433 [myid:1] - DEBUG [ProcessThread(sid:0 cport:2181)::PrepRequestProcessor@963] - Processing ACL: 31,s{'auth,}

2026-08-18 07:03:43,433 [myid:1] - DEBUG [ProcessThread(sid:0 cport:2181)::PrepRequestProcessor@298] - Permission requested: 4 
2026-08-18 07:03:43,433 [myid:1] - DEBUG [ProcessThread(sid:0 cport:2181)::PrepRequestProcessor@299] - ACLs for node: [31,s{'world,'anyone}
]
2026-08-18 07:03:43,433 [myid:1] - DEBUG [ProcessThread(sid:0 cport:2181)::PrepRequestProcessor@300] - Client credentials: ['ip,'172.18.0.2
, 'digest,'pat:KDzjoQ5VTKQfcjheJHwntPTKiXc=
]
2026-08-18 07:03:43,433 [myid:1] - DEBUG [ProcessThread(sid:0 cport:2181)::SessionTrackerImpl@296] - Checking session 0x10013915d9b0000
2026-08-18 07:03:43,433 [myid:1] - DEBUG [ProcessThread(sid:0 cport:2181)::PrepRequestProcessor@963] - Processing ACL: 31,s{'auth,}

2026-08-18 07:03:43,433 [myid:1] - DEBUG [ProcessThread(sid:0 cport:2181)::PrepRequestProcessor@298] - Permission requested: 4 
2026-08-18 07:03:43,433 [myid:1] - DEBUG [ProcessThread(sid:0 cport:2181)::PrepRequestProcessor@299] - ACLs for node: [31,s{'world,'anyone}
]
2026-08-18 07:03:43,434 [myid:1] - DEBUG [ProcessThread(sid:0 cport:2181)::PrepRequestProcessor@300] - Client credentials: ['ip,'172.18.0.2
, 'digest,'pat:KDzjoQ5VTKQfcjheJHwntPTKiXc=
]
2026-08-18 07:03:43,434 [myid:1] - DEBUG [ProcessThread(sid:0 cport:2181)::SessionTrackerImpl@296] - Checking session 0x10013915d9b0000
2026-08-18 07:03:43,434 [myid:1] - DEBUG [ProcessThread(sid:0 cport:2181)::PrepRequestProcessor@963] - Processing ACL: 31,s{'auth,}

2026-08-18 07:03:43,434 [myid:1] - DEBUG [ProcessThread(sid:0 cport:2181)::PrepRequestProcessor@298] - Permission requested: 4 
2026-08-18 07:03:43,434 [myid:1] - DEBUG [ProcessThread(sid:0 cport:2181)::PrepRequestProcessor@299] - ACLs for node: [31,s{'world,'anyone}
]
2026-08-18 07:03:43,434 [myid:1] - DEBUG [ProcessThread(sid:0 cport:2181)::PrepRequestProcessor@300] - Client credentials: ['ip,'172.18.0.2
, 'digest,'pat:KDzjoQ5VTKQfcjheJHwntPTKiXc=
]
2026-08-18 07:03:43,434 [myid:1] - DEBUG [ProcessThread(sid:0 cport:2181)::SessionTrackerImpl@296] - Checking session 0x10013915d9b0000
2026-08-18 07:03:43,434 [myid:1] - DEBUG [ProcessThread(sid:0 cport:2181)::PrepRequestProcessor@963] - Processing ACL: 31,s{'auth,}

2026-08-18 07:03:43,434 [myid:1] - DEBUG [ProcessThread(sid:0 cport:2181)::PrepRequestProcessor@298] - Permission requested: 4 
2026-08-18 07:03:43,434 [myid:1] - DEBUG [ProcessThread(sid:0 cport:2181)::PrepRequestProcessor@299] - ACLs for node: [31,s{'world,'anyone}
]
2026-08-18 07:03:43,434 [myid:1] - DEBUG [ProcessThread(sid:0 cport:2181)::PrepRequestProcessor@300] - Client credentials: ['ip,'172.18.0.2
, 'digest,'pat:KDzjoQ5VTKQfcjheJHwntPTKiXc=
]
2026-08-18 07:03:43,434 [myid:1] - DEBUG [ProcessThread(sid:0 cport:2181)::SessionTrackerImpl@296] - Checking session 0x10013915d9b0000
2026-08-18 07:03:43,434 [myid:1] - DEBUG [ProcessThread(sid:0 cport:2181)::PrepRequestProcessor@963] - Processing ACL: 31,s{'auth,}

2026-08-18 07:03:43,434 [myid:1] - DEBUG [ProcessThread(sid:0 cport:2181)::PrepRequestProcessor@298] - Permission requested: 4 
2026-08-18 07:03:43,434 [myid:1] - DEBUG [ProcessThread(sid:0 cport:2181)::PrepRequestProcessor@299] - ACLs for node: [31,s{'world,'anyone}
]
2026-08-18 07:03:43,434 [myid:1] - DEBUG [ProcessThread(sid:0 cport:2181)::PrepRequestProcessor@300] - Client credentials: ['ip,'172.18.0.2
, 'digest,'pat:KDzjoQ5VTKQfcjheJHwntPTKiXc=
]
2026-08-18 07:03:43,434 [myid:1] - DEBUG [ProcessThread(sid:0 cport:2181)::SessionTrackerImpl@296] - Checking session 0x10013915d9b0000
2026-08-18 07:03:43,434 [myid:1] - DEBUG [ProcessThread(sid:0 cport:2181)::PrepRequestProcessor@963] - Processing ACL: 31,s{'auth,}

2026-08-18 07:03:43,434 [myid:1] - DEBUG [ProcessThread(sid:0 cport:2181)::PrepRequestProcessor@298] - Permission requested: 4 
2026-08-18 07:03:43,434 [myid:1] - DEBUG [ProcessThread(sid:0 cport:2181)::PrepRequestProcessor@299] - ACLs for node: [31,s{'world,'anyone}
]
2026-08-18 07:03:43,435 [myid:1] - DEBUG [ProcessThread(sid:0 cport:2181)::PrepRequestProcessor@300] - Client credentials: ['ip,'172.18.0.2
, 'digest,'pat:KDzjoQ5VTKQfcjheJHwntPTKiXc=
]
2026-08-18 07:03:43,435 [myid:1] - DEBUG [ProcessThread(sid:0 cport:2181)::SessionTrackerImpl@296] - Checking session 0x10013915d9b0000
2026-08-18 07:03:43,435 [myid:1] - DEBUG [ProcessThread(sid:0 cport:2181)::PrepRequestProcessor@963] - Processing ACL: 31,s{'auth,}

2026-08-18 07:03:43,435 [myid:1] - DEBUG [ProcessThread(sid:0 cport:2181)::PrepRequestProcessor@298] - Permission requested: 4 
2026-08-18 07:03:43,435 [myid:1] - DEBUG [ProcessThread(sid:0 cport:2181)::PrepRequestProcessor@299] - ACLs for node: [31,s{'world,'anyone}
]
2026-08-18 07:03:43,435 [myid:1] - DEBUG [ProcessThread(sid:0 cport:2181)::PrepRequestProcessor@300] - Client credentials: ['ip,'172.18.0.2
, 'digest,'pat:KDzjoQ5VTKQfcjheJHwntPTKiXc=
]
2026-08-18 07:03:43,435 [myid:1] - DEBUG [ProcessThread(sid:0 cport:2181)::SessionTrackerImpl@296] - Checking session 0x10013915d9b0000
2026-08-18 07:03:43,435 [myid:1] - DEBUG [ProcessThread(sid:0 cport:2181)::PrepRequestProcessor@963] - Processing ACL: 31,s{'auth,}

2026-08-18 07:03:43,435 [myid:1] - DEBUG [ProcessThread(sid:0 cport:2181)::PrepRequestProcessor@298] - Permission requested: 4 
2026-08-18 07:03:43,435 [myid:1] - DEBUG [ProcessThread(sid:0 cport:2181)::PrepRequestProcessor@299] - ACLs for node: [31,s{'world,'anyone}
]
2026-08-18 07:03:43,435 [myid:1] - DEBUG [ProcessThread(sid:0 cport:2181)::PrepRequestProcessor@300] - Client credentials: ['ip,'172.18.0.2
, 'digest,'pat:KDzjoQ5VTKQfcjheJHwntPTKiXc=
]
2026-08-18 07:03:43,435 [myid:1] - DEBUG [ProcessThread(sid:0 cport:2181)::SessionTrackerImpl@296] - Checking session 0x10013915d9b0000
2026-08-18 07:03:43,435 [myid:1] - DEBUG [ProcessThread(sid:0 cport:2181)::PrepRequestProcessor@963] - Processing ACL: 31,s{'auth,}

2026-08-18 07:03:43,435 [myid:1] - DEBUG [ProcessThread(sid:0 cport:2181)::PrepRequestProcessor@298] - Permission requested: 4 
2026-08-18 07:03:43,435 [myid:1] - DEBUG [ProcessThread(sid:0 cport:2181)::PrepRequestProcessor@299] - ACLs for node: [31,s{'world,'anyone}
]
2026-08-18 07:03:43,435 [myid:1] - DEBUG [ProcessThread(sid:0 cport:2181)::PrepRequestProcessor@300] - Client credentials: ['ip,'172.18.0.2
, 'digest,'pat:KDzjoQ5VTKQfcjheJHwntPTKiXc=
]
2026-08-18 07:03:43,436 [myid:1] - DEBUG [ProcessThread(sid:0 cport:2181)::SessionTrackerImpl@296] - Checking session 0x10013915d9b0000
2026-08-18 07:03:43,436 [myid:1] - DEBUG [ProcessThread(sid:0 cport:2181)::PrepRequestProcessor@963] - Processing ACL: 31,s{'auth,}

2026-08-18 07:03:43,436 [myid:1] - DEBUG [ProcessThread(sid:0 cport:2181)::PrepRequestProcessor@298] - Permission requested: 4 
2026-08-18 07:03:43,436 [myid:1] - DEBUG [ProcessThread(sid:0 cport:2181)::PrepRequestProcessor@299] - ACLs for node: [31,s{'world,'anyone}
]
2026-08-18 07:03:43,436 [myid:1] - DEBUG [ProcessThread(sid:0 cport:2181)::PrepRequestProcessor@300] - Client credentials: ['ip,'172.18.0.2
, 'digest,'pat:KDzjoQ5VTKQfcjheJHwntPTKiXc=
]
2026-08-18 07:03:43,436 [myid:1] - DEBUG [ProcessThread(sid:0 cport:2181)::SessionTrackerImpl@296] - Checking session 0x10013915d9b0000
2026-08-18 07:03:43,436 [myid:1] - DEBUG [ProcessThread(sid:0 cport:2181)::PrepRequestProcessor@963] - Processing ACL: 31,s{'auth,}

2026-08-18 07:03:43,436 [myid:1] - DEBUG [ProcessThread(sid:0 cport:2181)::PrepRequestProcessor@298] - Permission requested: 4 
2026-08-18 07:03:43,436 [myid:1] - DEBUG [ProcessThread(sid:0 cport:2181)::PrepRequestProcessor@299] - ACLs for node: [31,s{'world,'anyone}
]
2026-08-18 07:03:43,436 [myid:1] - DEBUG [ProcessThread(sid:0 cport:2181)::PrepRequestProcessor@300] - Client credentials: ['ip,'172.18.0.2
, 'digest,'pat:KDzjoQ5VTKQfcjheJHwntPTKiXc=
]
2026-08-18 07:03:43,436 [myid:1] - DEBUG [ProcessThread(sid:0 cport:2181)::SessionTrackerImpl@296] - Checking session 0x10013915d9b0000
2026-08-18 07:03:43,436 [myid:1] - DEBUG [ProcessThread(sid:0 cport:2181)::PrepRequestProcessor@963] - Processing ACL: 31,s{'auth,}

2026-08-18 07:03:43,436 [myid:1] - DEBUG [ProcessThread(sid:0 cport:2181)::PrepRequestProcessor@298] - Permission requested: 4 
2026-08-18 07:03:43,436 [myid:1] - DEBUG [ProcessThread(sid:0 cport:2181)::PrepRequestProcessor@299] - ACLs for node: [31,s{'world,'anyone}
]
2026-08-18 07:03:43,436 [myid:1] - DEBUG [ProcessThread(sid:0 cport:2181)::PrepRequestProcessor@300] - Client credentials: ['ip,'172.18.0.2
, 'digest,'pat:KDzjoQ5VTKQfcjheJHwntPTKiXc=
]
2026-08-18 07:03:43,436 [myid:1] - DEBUG [ProcessThread(sid:0 cport:2181)::SessionTrackerImpl@296] - Checking session 0x10013915d9b0000
2026-08-18 07:03:43,436 [myid:1] - DEBUG [ProcessThread(sid:0 cport:2181)::PrepRequestProcessor@963] - Processing ACL: 31,s{'auth,}

2026-08-18 07:03:43,437 [myid:1] - DEBUG [ProcessThread(sid:0 cport:2181)::PrepRequestProcessor@298] - Permission requested: 4 
2026-08-18 07:03:43,437 [myid:1] - DEBUG [ProcessThread(sid:0 cport:2181)::PrepRequestProcessor@299] - ACLs for node: [31,s{'world,'anyone}
]
2026-08-18 07:03:43,437 [myid:1] - DEBUG [ProcessThread(sid:0 cport:2181)::PrepRequestProcessor@300] - Client credentials: ['ip,'172.18.0.2
, 'digest,'pat:KDzjoQ5VTKQfcjheJHwntPTKiXc=
]
2026-08-18 07:03:43,437 [myid:1] - DEBUG [ProcessThread(sid:0 cport:2181)::SessionTrackerImpl@296] - Checking session 0x10013915d9b0000
2026-08-18 07:03:43,437 [myid:1] - DEBUG [ProcessThread(sid:0 cport:2181)::PrepRequestProcessor@963] - Processing ACL: 31,s{'auth,}

2026-08-18 07:03:43,437 [myid:1] - DEBUG [ProcessThread(sid:0 cport:2181)::PrepRequestProcessor@298] - Permission requested: 4 
2026-08-18 07:03:43,437 [myid:1] - DEBUG [ProcessThread(sid:0 cport:2181)::PrepRequestProcessor@299] - ACLs for node: [31,s{'world,'anyone}
]
2026-08-18 07:03:43,437 [myid:1] - DEBUG [ProcessThread(sid:0 cport:2181)::PrepRequestProcessor@300] - Client credentials: ['ip,'172.18.0.2
, 'digest,'pat:KDzjoQ5VTKQfcjheJHwntPTKiXc=
]
2026-08-18 07:03:43,437 [myid:1] - DEBUG [ProcessThread(sid:0 cport:2181)::SessionTrackerImpl@296] - Checking session 0x10013915d9b0000
2026-08-18 07:03:43,437 [myid:1] - DEBUG [ProcessThread(sid:0 cport:2181)::PrepRequestProcessor@963] - Processing ACL: 31,s{'auth,}

2026-08-18 07:03:43,437 [myid:1] - DEBUG [ProcessThread(sid:0 cport:2181)::PrepRequestProcessor@298] - Permission requested: 4 
2026-08-18 07:03:43,437 [myid:1] - DEBUG [ProcessThread(sid:0 cport:2181)::PrepRequestProcessor@299] - ACLs for node: [31,s{'world,'anyone}
]
2026-08-18 07:03:43,437 [myid:1] - DEBUG [ProcessThread(sid:0 cport:2181)::PrepRequestProcessor@300] - Client credentials: ['ip,'172.18.0.2
, 'digest,'pat:KDzjoQ5VTKQfcjheJHwntPTKiXc=
]
2026-08-18 07:03:43,437 [myid:1] - DEBUG [ProcessThread(sid:0 cport:2181)::SessionTrackerImpl@296] - Checking session 0x10013915d9b0000
2026-08-18 07:03:43,437 [myid:1] - DEBUG [ProcessThread(sid:0 cport:2181)::PrepRequestProcessor@963] - Processing ACL: 31,s{'auth,}

2026-08-18 07:03:43,437 [myid:1] - DEBUG [ProcessThread(sid:0 cport:2181)::PrepRequestProcessor@298] - Permission requested: 4 
2026-08-18 07:03:43,437 [myid:1] - DEBUG [ProcessThread(sid:0 cport:2181)::PrepRequestProcessor@299] - ACLs for node: [31,s{'world,'anyone}
]
2026-08-18 07:03:43,437 [myid:1] - DEBUG [ProcessThread(sid:0 cport:2181)::PrepRequestProcessor@300] - Client credentials: ['ip,'172.18.0.2
, 'digest,'pat:KDzjoQ5VTKQfcjheJHwntPTKiXc=
]
2026-08-18 07:03:43,438 [myid:1] - DEBUG [ProcessThread(sid:0 cport:2181)::SessionTrackerImpl@296] - Checking session 0x10013915d9b0000
2026-08-18 07:03:43,438 [myid:1] - DEBUG [ProcessThread(sid:0 cport:2181)::PrepRequestProcessor@963] - Processing ACL: 31,s{'auth,}

2026-08-18 07:03:43,438 [myid:1] - DEBUG [ProcessThread(sid:0 cport:2181)::PrepRequestProcessor@298] - Permission requested: 4 
2026-08-18 07:03:43,438 [myid:1] - DEBUG [ProcessThread(sid:0 cport:2181)::PrepRequestProcessor@299] - ACLs for node: [31,s{'world,'anyone}
]
2026-08-18 07:03:43,438 [myid:1] - DEBUG [ProcessThread(sid:0 cport:2181)::PrepRequestProcessor@300] - Client credentials: ['ip,'172.18.0.2
, 'digest,'pat:KDzjoQ5VTKQfcjheJHwntPTKiXc=
]
2026-08-18 07:03:43,438 [myid:1] - DEBUG [ProcessThread(sid:0 cport:2181)::SessionTrackerImpl@296] - Checking session 0x10013915d9b0000
2026-08-18 07:03:43,438 [myid:1] - DEBUG [ProcessThread(sid:0 cport:2181)::PrepRequestProcessor@963] - Processing ACL: 31,s{'auth,}

2026-08-18 07:03:43,438 [myid:1] - DEBUG [ProcessThread(sid:0 cport:2181)::PrepRequestProcessor@298] - Permission requested: 4 
2026-08-18 07:03:43,438 [myid:1] - DEBUG [ProcessThread(sid:0 cport:2181)::PrepRequestProcessor@299] - ACLs for node: [31,s{'world,'anyone}
]
2026-08-18 07:03:43,438 [myid:1] - DEBUG [ProcessThread(sid:0 cport:2181)::PrepRequestProcessor@300] - Client credentials: ['ip,'172.18.0.2
, 'digest,'pat:KDzjoQ5VTKQfcjheJHwntPTKiXc=
]
2026-08-18 07:03:43,438 [myid:1] - DEBUG [ProcessThread(sid:0 cport:2181)::SessionTrackerImpl@296] - Checking session 0x10013915d9b0000
2026-08-18 07:03:43,438 [myid:1] - DEBUG [ProcessThread(sid:0 cport:2181)::PrepRequestProcessor@963] - Processing ACL: 31,s{'auth,}

2026-08-18 07:03:43,438 [myid:1] - DEBUG [ProcessThread(sid:0 cport:2181)::PrepRequestProcessor@298] - Permission requested: 4 
2026-08-18 07:03:43,438 [myid:1] - DEBUG [ProcessThread(sid:0 cport:2181)::PrepRequestProcessor@299] - ACLs for node: [31,s{'world,'anyone}
]
2026-08-18 07:03:43,438 [myid:1] - DEBUG [ProcessThread(sid:0 cport:2181)::PrepRequestProcessor@300] - Client credentials: ['ip,'172.18.0.2
, 'digest,'pat:KDzjoQ5VTKQfcjheJHwntPTKiXc=
]
2026-08-18 07:03:43,439 [myid:1] - DEBUG [ProcessThread(sid:0 cport:2181)::SessionTrackerImpl@296] - Checking session 0x10013915d9b0000
2026-08-18 07:03:43,439 [myid:1] - DEBUG [ProcessThread(sid:0 cport:2181)::PrepRequestProcessor@963] - Processing ACL: 31,s{'auth,}

2026-08-18 07:03:43,439 [myid:1] - DEBUG [ProcessThread(sid:0 cport:2181)::PrepRequestProcessor@298] - Permission requested: 4 
2026-08-18 07:03:43,439 [myid:1] - DEBUG [ProcessThread(sid:0 cport:2181)::PrepRequestProcessor@299] - ACLs for node: [31,s{'world,'anyone}
]
2026-08-18 07:03:43,439 [myid:1] - DEBUG [ProcessThread(sid:0 cport:2181)::PrepRequestProcessor@300] - Client credentials: ['ip,'172.18.0.2
, 'digest,'pat:KDzjoQ5VTKQfcjheJHwntPTKiXc=
]
2026-08-18 07:03:43,439 [myid:1] - DEBUG [ProcessThread(sid:0 cport:2181)::SessionTrackerImpl@296] - Checking session 0x10013915d9b0000
2026-08-18 07:03:43,439 [myid:1] - DEBUG [ProcessThread(sid:0 cport:2181)::PrepRequestProcessor@963] - Processing ACL: 31,s{'auth,}

2026-08-18 07:03:43,439 [myid:1] - DEBUG [ProcessThread(sid:0 cport:2181)::PrepRequestProcessor@298] - Permission requested: 4 
2026-08-18 07:03:43,439 [myid:1] - DEBUG [ProcessThread(sid:0 cport:2181)::PrepRequestProcessor@299] - ACLs for node: [31,s{'world,'anyone}
]
2026-08-18 07:03:43,439 [myid:1] - DEBUG [ProcessThread(sid:0 cport:2181)::PrepRequestProcessor@300] - Client credentials: ['ip,'172.18.0.2
, 'digest,'pat:KDzjoQ5VTKQfcjheJHwntPTKiXc=
]
2026-08-18 07:03:43,439 [myid:1] - DEBUG [ProcessThread(sid:0 cport:2181)::SessionTrackerImpl@296] - Checking session 0x10013915d9b0000
2026-08-18 07:03:43,440 [myid:1] - DEBUG [ProcessThread(sid:0 cport:2181)::PrepRequestProcessor@963] - Processing ACL: 31,s{'auth,}

2026-08-18 07:03:43,440 [myid:1] - DEBUG [ProcessThread(sid:0 cport:2181)::PrepRequestProcessor@298] - Permission requested: 4 
2026-08-18 07:03:43,440 [myid:1] - DEBUG [ProcessThread(sid:0 cport:2181)::PrepRequestProcessor@299] - ACLs for node: [31,s{'world,'anyone}
]
2026-08-18 07:03:43,440 [myid:1] - DEBUG [ProcessThread(sid:0 cport:2181)::PrepRequestProcessor@300] - Client credentials: ['ip,'172.18.0.2
, 'digest,'pat:KDzjoQ5VTKQfcjheJHwntPTKiXc=
]
2026-08-18 07:03:43,440 [myid:1] - DEBUG [ProcessThread(sid:0 cport:2181)::SessionTrackerImpl@296] - Checking session 0x10013915d9b0000
2026-08-18 07:03:43,440 [myid:1] - DEBUG [ProcessThread(sid:0 cport:2181)::PrepRequestProcessor@963] - Processing ACL: 31,s{'auth,}

2026-08-18 07:03:43,440 [myid:1] - DEBUG [ProcessThread(sid:0 cport:2181)::PrepRequestProcessor@298] - Permission requested: 4 
2026-08-18 07:03:43,440 [myid:1] - DEBUG [ProcessThread(sid:0 cport:2181)::PrepRequestProcessor@299] - ACLs for node: [31,s{'world,'anyone}
]
2026-08-18 07:03:43,440 [myid:1] - DEBUG [ProcessThread(sid:0 cport:2181)::PrepRequestProcessor@300] - Client credentials: ['ip,'172.18.0.2
, 'digest,'pat:KDzjoQ5VTKQfcjheJHwntPTKiXc=
]
2026-08-18 07:03:43,440 [myid:1] - DEBUG [ProcessThread(sid:0 cport:2181)::SessionTrackerImpl@296] - Checking session 0x10013915d9b0000
2026-08-18 07:03:43,440 [myid:1] - DEBUG [ProcessThread(sid:0 cport:2181)::PrepRequestProcessor@963] - Processing ACL: 31,s{'auth,}

2026-08-18 07:03:43,440 [myid:1] - DEBUG [ProcessThread(sid:0 cport:2181)::PrepRequestProcessor@298] - Permission requested: 4 
2026-08-18 07:03:43,440 [myid:1] - DEBUG [ProcessThread(sid:0 cport:2181)::PrepRequestProcessor@299] - ACLs for node: [31,s{'world,'anyone}
]
2026-08-18 07:03:43,440 [myid:1] - DEBUG [ProcessThread(sid:0 cport:2181)::PrepRequestProcessor@300] - Client credentials: ['ip,'172.18.0.2
, 'digest,'pat:KDzjoQ5VTKQfcjheJHwntPTKiXc=
]
2026-08-18 07:03:43,440 [myid:1] - DEBUG [ProcessThread(sid:0 cport:2181)::SessionTrackerImpl@296] - Checking session 0x10013915d9b0000
2026-08-18 07:03:43,440 [myid:1] - DEBUG [ProcessThread(sid:0 cport:2181)::PrepRequestProcessor@963] - Processing ACL: 31,s{'auth,}

2026-08-18 07:03:43,440 [myid:1] - DEBUG [ProcessThread(sid:0 cport:2181)::PrepRequestProcessor@298] - Permission requested: 4 
2026-08-18 07:03:43,440 [myid:1] - DEBUG [ProcessThread(sid:0 cport:2181)::PrepRequestProcessor@299] - ACLs for node: [31,s{'world,'anyone}
]
2026-08-18 07:03:43,441 [myid:1] - DEBUG [ProcessThread(sid:0 cport:2181)::PrepRequestProcessor@300] - Client credentials: ['ip,'172.18.0.2
, 'digest,'pat:KDzjoQ5VTKQfcjheJHwntPTKiXc=
]
2026-08-18 07:03:43,441 [myid:1] - DEBUG [ProcessThread(sid:0 cport:2181)::SessionTrackerImpl@296] - Checking session 0x10013915d9b0000
2026-08-18 07:03:43,441 [myid:1] - DEBUG [ProcessThread(sid:0 cport:2181)::PrepRequestProcessor@963] - Processing ACL: 31,s{'auth,}

2026-08-18 07:03:43,441 [myid:1] - DEBUG [ProcessThread(sid:0 cport:2181)::PrepRequestProcessor@298] - Permission requested: 4 
2026-08-18 07:03:43,441 [myid:1] - DEBUG [ProcessThread(sid:0 cport:2181)::PrepRequestProcessor@299] - ACLs for node: [31,s{'world,'anyone}
]
2026-08-18 07:03:43,441 [myid:1] - DEBUG [ProcessThread(sid:0 cport:2181)::PrepRequestProcessor@300] - Client credentials: ['ip,'172.18.0.2
, 'digest,'pat:KDzjoQ5VTKQfcjheJHwntPTKiXc=
]
2026-08-18 07:03:43,441 [myid:1] - DEBUG [ProcessThread(sid:0 cport:2181)::SessionTrackerImpl@296] - Checking session 0x10013915d9b0000
2026-08-18 07:03:43,441 [myid:1] - DEBUG [ProcessThread(sid:0 cport:2181)::PrepRequestProcessor@963] - Processing ACL: 31,s{'auth,}

2026-08-18 07:03:43,441 [myid:1] - DEBUG [ProcessThread(sid:0 cport:2181)::PrepRequestProcessor@298] - Permission requested: 4 
2026-08-18 07:03:43,441 [myid:1] - DEBUG [ProcessThread(sid:0 cport:2181)::PrepRequestProcessor@299] - ACLs for node: [31,s{'world,'anyone}
]
2026-08-18 07:03:43,441 [myid:1] - DEBUG [ProcessThread(sid:0 cport:2181)::PrepRequestProcessor@300] - Client credentials: ['ip,'172.18.0.2
, 'digest,'pat:KDzjoQ5VTKQfcjheJHwntPTKiXc=
]
2026-08-18 07:03:43,441 [myid:1] - DEBUG [ProcessThread(sid:0 cport:2181)::SessionTrackerImpl@296] - Checking session 0x10013915d9b0000
2026-08-18 07:03:43,441 [myid:1] - DEBUG [ProcessThread(sid:0 cport:2181)::PrepRequestProcessor@963] - Processing ACL: 31,s{'auth,}

2026-08-18 07:03:43,441 [myid:1] - DEBUG [ProcessThread(sid:0 cport:2181)::PrepRequestProcessor@298] - Permission requested: 4 
2026-08-18 07:03:43,441 [myid:1] - DEBUG [ProcessThread(sid:0 cport:2181)::PrepRequestProcessor@299] - ACLs for node: [31,s{'world,'anyone}
]
2026-08-18 07:03:43,441 [myid:1] - DEBUG [ProcessThread(sid:0 cport:2181)::PrepRequestProcessor@300] - Client credentials: ['ip,'172.18.0.2
, 'digest,'pat:KDzjoQ5VTKQfcjheJHwntPTKiXc=
]
2026-08-18 07:03:43,441 [myid:1] - DEBUG [ProcessThread(sid:0 cport:2181)::SessionTrackerImpl@296] - Checking session 0x10013915d9b0000
2026-08-18 07:03:43,442 [myid:1] - DEBUG [ProcessThread(sid:0 cport:2181)::PrepRequestProcessor@963] - Processing ACL: 31,s{'auth,}

2026-08-18 07:03:43,442 [myid:1] - DEBUG [ProcessThread(sid:0 cport:2181)::PrepRequestProcessor@298] - Permission requested: 4 
2026-08-18 07:03:43,442 [myid:1] - DEBUG [ProcessThread(sid:0 cport:2181)::PrepRequestProcessor@299] - ACLs for node: [31,s{'world,'anyone}
]
2026-08-18 07:03:43,442 [myid:1] - DEBUG [ProcessThread(sid:0 cport:2181)::PrepRequestProcessor@300] - Client credentials: ['ip,'172.18.0.2
, 'digest,'pat:KDzjoQ5VTKQfcjheJHwntPTKiXc=
]
2026-08-18 07:03:43,442 [myid:1] - DEBUG [ProcessThread(sid:0 cport:2181)::SessionTrackerImpl@296] - Checking session 0x10013915d9b0000
2026-08-18 07:03:43,442 [myid:1] - DEBUG [ProcessThread(sid:0 cport:2181)::PrepRequestProcessor@963] - Processing ACL: 31,s{'auth,}

2026-08-18 07:03:43,442 [myid:1] - DEBUG [ProcessThread(sid:0 cport:2181)::PrepRequestProcessor@298] - Permission requested: 4 
2026-08-18 07:03:43,442 [myid:1] - DEBUG [ProcessThread(sid:0 cport:2181)::PrepRequestProcessor@299] - ACLs for node: [31,s{'world,'anyone}
]
2026-08-18 07:03:43,442 [myid:1] - DEBUG [ProcessThread(sid:0 cport:2181)::PrepRequestProcessor@300] - Client credentials: ['ip,'172.18.0.2
, 'digest,'pat:KDzjoQ5VTKQfcjheJHwntPTKiXc=
]
2026-08-18 07:03:43,442 [myid:1] - DEBUG [ProcessThread(sid:0 cport:2181)::SessionTrackerImpl@296] - Checking session 0x10013915d9b0000
2026-08-18 07:03:43,442 [myid:1] - DEBUG [ProcessThread(sid:0 cport:2181)::PrepRequestProcessor@963] - Processing ACL: 31,s{'auth,}

2026-08-18 07:03:43,442 [myid:1] - DEBUG [ProcessThread(sid:0 cport:2181)::PrepRequestProcessor@298] - Permission requested: 4 
2026-08-18 07:03:43,442 [myid:1] - DEBUG [ProcessThread(sid:0 cport:2181)::PrepRequestProcessor@299] - ACLs for node: [31,s{'world,'anyone}
]
2026-08-18 07:03:43,442 [myid:1] - DEBUG [ProcessThread(sid:0 cport:2181)::PrepRequestProcessor@300] - Client credentials: ['ip,'172.18.0.2
, 'digest,'pat:KDzjoQ5VTKQfcjheJHwntPTKiXc=
]
2026-08-18 07:03:43,442 [myid:1] - DEBUG [ProcessThread(sid:0 cport:2181)::SessionTrackerImpl@296] - Checking session 0x10013915d9b0000
2026-08-18 07:03:43,442 [myid:1] - DEBUG [ProcessThread(sid:0 cport:2181)::PrepRequestProcessor@963] - Processing ACL: 31,s{'auth,}

2026-08-18 07:03:43,442 [myid:1] - DEBUG [ProcessThread(sid:0 cport:2181)::PrepRequestProcessor@298] - Permission requested: 4 
2026-08-18 07:03:43,442 [myid:1] - DEBUG [ProcessThread(sid:0 cport:2181)::PrepRequestProcessor@299] - ACLs for node: [31,s{'world,'anyone}
]
2026-08-18 07:03:43,442 [myid:1] - DEBUG [ProcessThread(sid:0 cport:2181)::PrepRequestProcessor@300] - Client credentials: ['ip,'172.18.0.2
, 'digest,'pat:KDzjoQ5VTKQfcjheJHwntPTKiXc=
]
2026-08-18 07:03:43,442 [myid:1] - DEBUG [ProcessThread(sid:0 cport:2181)::SessionTrackerImpl@296] - Checking session 0x10013915d9b0000
2026-08-18 07:03:43,442 [myid:1] - DEBUG [ProcessThread(sid:0 cport:2181)::PrepRequestProcessor@963] - Processing ACL: 31,s{'auth,}

2026-08-18 07:03:43,443 [myid:1] - DEBUG [ProcessThread(sid:0 cport:2181)::PrepRequestProcessor@298] - Permission requested: 4 
2026-08-18 07:03:43,443 [myid:1] - DEBUG [ProcessThread(sid:0 cport:2181)::PrepRequestProcessor@299] - ACLs for node: [31,s{'world,'anyone}
]
2026-08-18 07:03:43,443 [myid:1] - DEBUG [ProcessThread(sid:0 cport:2181)::PrepRequestProcessor@300] - Client credentials: ['ip,'172.18.0.2
, 'digest,'pat:KDzjoQ5VTKQfcjheJHwntPTKiXc=
]
2026-08-18 07:03:43,443 [myid:1] - DEBUG [ProcessThread(sid:0 cport:2181)::SessionTrackerImpl@296] - Checking session 0x10013915d9b0000
2026-08-18 07:03:43,443 [myid:1] - DEBUG [ProcessThread(sid:0 cport:2181)::PrepRequestProcessor@963] - Processing ACL: 31,s{'auth,}

2026-08-18 07:03:43,443 [myid:1] - DEBUG [ProcessThread(sid:0 cport:2181)::PrepRequestProcessor@298] - Permission requested: 4 
2026-08-18 07:03:43,443 [myid:1] - DEBUG [ProcessThread(sid:0 cport:2181)::PrepRequestProcessor@299] - ACLs for node: [31,s{'world,'anyone}
]
2026-08-18 07:03:43,443 [myid:1] - DEBUG [ProcessThread(sid:0 cport:2181)::PrepRequestProcessor@300] - Client credentials: ['ip,'172.18.0.2
, 'digest,'pat:KDzjoQ5VTKQfcjheJHwntPTKiXc=
]
2026-08-18 07:03:43,443 [myid:1] - DEBUG [ProcessThread(sid:0 cport:2181)::SessionTrackerImpl@296] - Checking session 0x10013915d9b0000
2026-08-18 07:03:43,443 [myid:1] - DEBUG [ProcessThread(sid:0 cport:2181)::PrepRequestProcessor@963] - Processing ACL: 31,s{'auth,}

2026-08-18 07:03:43,443 [myid:1] - DEBUG [ProcessThread(sid:0 cport:2181)::PrepRequestProcessor@298] - Permission requested: 4 
2026-08-18 07:03:43,443 [myid:1] - DEBUG [ProcessThread(sid:0 cport:2181)::PrepRequestProcessor@299] - ACLs for node: [31,s{'world,'anyone}
]
2026-08-18 07:03:43,443 [myid:1] - DEBUG [ProcessThread(sid:0 cport:2181)::PrepRequestProcessor@300] - Client credentials: ['ip,'172.18.0.2
, 'digest,'pat:KDzjoQ5VTKQfcjheJHwntPTKiXc=
]
2026-08-18 07:03:43,443 [myid:1] - DEBUG [ProcessThread(sid:0 cport:2181)::SessionTrackerImpl@296] - Checking session 0x10013915d9b0000
2026-08-18 07:03:43,443 [myid:1] - DEBUG [ProcessThread(sid:0 cport:2181)::PrepRequestProcessor@963] - Processing ACL: 31,s{'auth,}

2026-08-18 07:03:43,443 [myid:1] - DEBUG [ProcessThread(sid:0 cport:2181)::PrepRequestProcessor@298] - Permission requested: 4 
2026-08-18 07:03:43,443 [myid:1] - DEBUG [ProcessThread(sid:0 cport:2181)::PrepRequestProcessor@299] - ACLs for node: [31,s{'world,'anyone}
]
2026-08-18 07:03:43,443 [myid:1] - DEBUG [ProcessThread(sid:0 cport:2181)::PrepRequestProcessor@300] - Client credentials: ['ip,'172.18.0.2
, 'digest,'pat:KDzjoQ5VTKQfcjheJHwntPTKiXc=
]
2026-08-18 07:03:43,443 [myid:1] - DEBUG [ProcessThread(sid:0 cport:2181)::SessionTrackerImpl@296] - Checking session 0x10013915d9b0000
2026-08-18 07:03:43,444 [myid:1] - DEBUG [ProcessThread(sid:0 cport:2181)::PrepRequestProcessor@963] - Processing ACL: 31,s{'auth,}

2026-08-18 07:03:43,444 [myid:1] - DEBUG [ProcessThread(sid:0 cport:2181)::PrepRequestProcessor@298] - Permission requested: 4 
2026-08-18 07:03:43,444 [myid:1] - DEBUG [ProcessThread(sid:0 cport:2181)::PrepRequestProcessor@299] - ACLs for node: [31,s{'world,'anyone}
]
2026-08-18 07:03:43,444 [myid:1] - DEBUG [ProcessThread(sid:0 cport:2181)::PrepRequestProcessor@300] - Client credentials: ['ip,'172.18.0.2
, 'digest,'pat:KDzjoQ5VTKQfcjheJHwntPTKiXc=
]
2026-08-18 07:03:43,444 [myid:1] - DEBUG [ProcessThread(sid:0 cport:2181)::SessionTrackerImpl@296] - Checking session 0x10013915d9b0000
2026-08-18 07:03:43,444 [myid:1] - DEBUG [ProcessThread(sid:0 cport:2181)::PrepRequestProcessor@963] - Processing ACL: 31,s{'auth,}

2026-08-18 07:03:43,444 [myid:1] - DEBUG [ProcessThread(sid:0 cport:2181)::PrepRequestProcessor@298] - Permission requested: 4 
2026-08-18 07:03:43,444 [myid:1] - DEBUG [ProcessThread(sid:0 cport:2181)::PrepRequestProcessor@299] - ACLs for node: [31,s{'world,'anyone}
]
2026-08-18 07:03:43,444 [myid:1] - DEBUG [ProcessThread(sid:0 cport:2181)::PrepRequestProcessor@300] - Client credentials: ['ip,'172.18.0.2
, 'digest,'pat:KDzjoQ5VTKQfcjheJHwntPTKiXc=
]
2026-08-18 07:03:43,444 [myid:1] - DEBUG [ProcessThread(sid:0 cport:2181)::SessionTrackerImpl@296] - Checking session 0x10013915d9b0000
2026-08-18 07:03:43,444 [myid:1] - DEBUG [ProcessThread(sid:0 cport:2181)::PrepRequestProcessor@963] - Processing ACL: 31,s{'auth,}

2026-08-18 07:03:43,444 [myid:1] - DEBUG [ProcessThread(sid:0 cport:2181)::PrepRequestProcessor@298] - Permission requested: 4 
2026-08-18 07:03:43,444 [myid:1] - DEBUG [ProcessThread(sid:0 cport:2181)::PrepRequestProcessor@299] - ACLs for node: [31,s{'world,'anyone}
]
2026-08-18 07:03:43,444 [myid:1] - DEBUG [ProcessThread(sid:0 cport:2181)::PrepRequestProcessor@300] - Client credentials: ['ip,'172.18.0.2
, 'digest,'pat:KDzjoQ5VTKQfcjheJHwntPTKiXc=
]
2026-08-18 07:03:43,444 [myid:1] - DEBUG [ProcessThread(sid:0 cport:2181)::SessionTrackerImpl@296] - Checking session 0x10013915d9b0000
2026-08-18 07:03:43,444 [myid:1] - DEBUG [ProcessThread(sid:0 cport:2181)::PrepRequestProcessor@963] - Processing ACL: 31,s{'auth,}

2026-08-18 07:03:43,444 [myid:1] - DEBUG [ProcessThread(sid:0 cport:2181)::PrepRequestProcessor@298] - Permission requested: 4 
2026-08-18 07:03:43,444 [myid:1] - DEBUG [ProcessThread(sid:0 cport:2181)::PrepRequestProcessor@299] - ACLs for node: [31,s{'world,'anyone}
]
2026-08-18 07:03:43,444 [myid:1] - DEBUG [ProcessThread(sid:0 cport:2181)::PrepRequestProcessor@300] - Client credentials: ['ip,'172.18.0.2
, 'digest,'pat:KDzjoQ5VTKQfcjheJHwntPTKiXc=
]
2026-08-18 07:03:43,444 [myid:1] - DEBUG [ProcessThread(sid:0 cport:2181)::SessionTrackerImpl@296] - Checking session 0x10013915d9b0000
2026-08-18 07:03:43,444 [myid:1] - DEBUG [ProcessThread(sid:0 cport:2181)::PrepRequestProcessor@963] - Processing ACL: 31,s{'auth,}

2026-08-18 07:03:43,444 [myid:1] - DEBUG [ProcessThread(sid:0 cport:2181)::PrepRequestProcessor@298] - Permission requested: 4 
2026-08-18 07:03:43,445 [myid:1] - DEBUG [ProcessThread(sid:0 cport:2181)::PrepRequestProcessor@299] - ACLs for node: [31,s{'world,'anyone}
]
2026-08-18 07:03:43,445 [myid:1] - DEBUG [ProcessThread(sid:0 cport:2181)::PrepRequestProcessor@300] - Client credentials: ['ip,'172.18.0.2
, 'digest,'pat:KDzjoQ5VTKQfcjheJHwntPTKiXc=
]
2026-08-18 07:03:43,445 [myid:1] - DEBUG [ProcessThread(sid:0 cport:2181)::SessionTrackerImpl@296] - Checking session 0x10013915d9b0000
2026-08-18 07:03:43,445 [myid:1] - DEBUG [ProcessThread(sid:0 cport:2181)::PrepRequestProcessor@963] - Processing ACL: 31,s{'auth,}

2026-08-18 07:03:43,445 [myid:1] - DEBUG [ProcessThread(sid:0 cport:2181)::PrepRequestProcessor@298] - Permission requested: 4 
2026-08-18 07:03:43,445 [myid:1] - DEBUG [ProcessThread(sid:0 cport:2181)::PrepRequestProcessor@299] - ACLs for node: [31,s{'world,'anyone}
]
2026-08-18 07:03:43,445 [myid:1] - DEBUG [ProcessThread(sid:0 cport:2181)::PrepRequestProcessor@300] - Client credentials: ['ip,'172.18.0.2
, 'digest,'pat:KDzjoQ5VTKQfcjheJHwntPTKiXc=
]
2026-08-18 07:03:43,445 [myid:1] - DEBUG [ProcessThread(sid:0 cport:2181)::SessionTrackerImpl@296] - Checking session 0x10013915d9b0000
2026-08-18 07:03:43,445 [myid:1] - DEBUG [ProcessThread(sid:0 cport:2181)::PrepRequestProcessor@963] - Processing ACL: 31,s{'auth,}

2026-08-18 07:03:43,445 [myid:1] - DEBUG [ProcessThread(sid:0 cport:2181)::PrepRequestProcessor@298] - Permission requested: 4 
2026-08-18 07:03:43,445 [myid:1] - DEBUG [ProcessThread(sid:0 cport:2181)::PrepRequestProcessor@299] - ACLs for node: [31,s{'world,'anyone}
]
2026-08-18 07:03:43,445 [myid:1] - DEBUG [ProcessThread(sid:0 cport:2181)::PrepRequestProcessor@300] - Client credentials: ['ip,'172.18.0.2
, 'digest,'pat:KDzjoQ5VTKQfcjheJHwntPTKiXc=
]
2026-08-18 07:03:43,445 [myid:1] - DEBUG [ProcessThread(sid:0 cport:2181)::SessionTrackerImpl@296] - Checking session 0x10013915d9b0000
2026-08-18 07:03:43,445 [myid:1] - DEBUG [ProcessThread(sid:0 cport:2181)::PrepRequestProcessor@963] - Processing ACL: 31,s{'auth,}

2026-08-18 07:03:43,445 [myid:1] - DEBUG [ProcessThread(sid:0 cport:2181)::PrepRequestProcessor@298] - Permission requested: 4 
2026-08-18 07:03:43,445 [myid:1] - DEBUG [ProcessThread(sid:0 cport:2181)::PrepRequestProcessor@299] - ACLs for node: [31,s{'world,'anyone}
]
2026-08-18 07:03:43,445 [myid:1] - DEBUG [ProcessThread(sid:0 cport:2181)::PrepRequestProcessor@300] - Client credentials: ['ip,'172.18.0.2
, 'digest,'pat:KDzjoQ5VTKQfcjheJHwntPTKiXc=
]
2026-08-18 07:03:43,445 [myid:1] - DEBUG [ProcessThread(sid:0 cport:2181)::SessionTrackerImpl@296] - Checking session 0x10013915d9b0000
2026-08-18 07:03:43,445 [myid:1] - DEBUG [ProcessThread(sid:0 cport:2181)::PrepRequestProcessor@963] - Processing ACL: 31,s{'auth,}

2026-08-18 07:03:43,445 [myid:1] - DEBUG [ProcessThread(sid:0 cport:2181)::PrepRequestProcessor@298] - Permission requested: 4 
2026-08-18 07:03:43,445 [myid:1] - DEBUG [ProcessThread(sid:0 cport:2181)::PrepRequestProcessor@299] - ACLs for node: [31,s{'world,'anyone}
]
2026-08-18 07:03:43,446 [myid:1] - DEBUG [ProcessThread(sid:0 cport:2181)::PrepRequestProcessor@300] - Client credentials: ['ip,'172.18.0.2
, 'digest,'pat:KDzjoQ5VTKQfcjheJHwntPTKiXc=
]
2026-08-18 07:03:43,446 [myid:1] - DEBUG [ProcessThread(sid:0 cport:2181)::SessionTrackerImpl@296] - Checking session 0x10013915d9b0000
2026-08-18 07:03:43,446 [myid:1] - DEBUG [ProcessThread(sid:0 cport:2181)::PrepRequestProcessor@963] - Processing ACL: 31,s{'auth,}

2026-08-18 07:03:43,446 [myid:1] - DEBUG [ProcessThread(sid:0 cport:2181)::PrepRequestProcessor@298] - Permission requested: 4 
2026-08-18 07:03:43,446 [myid:1] - DEBUG [ProcessThread(sid:0 cport:2181)::PrepRequestProcessor@299] - ACLs for node: [31,s{'world,'anyone}
]
2026-08-18 07:03:43,446 [myid:1] - DEBUG [ProcessThread(sid:0 cport:2181)::PrepRequestProcessor@300] - Client credentials: ['ip,'172.18.0.2
, 'digest,'pat:KDzjoQ5VTKQfcjheJHwntPTKiXc=
]
2026-08-18 07:03:43,446 [myid:1] - DEBUG [ProcessThread(sid:0 cport:2181)::SessionTrackerImpl@296] - Checking session 0x10013915d9b0000
2026-08-18 07:03:43,446 [myid:1] - DEBUG [ProcessThread(sid:0 cport:2181)::PrepRequestProcessor@963] - Processing ACL: 31,s{'auth,}

2026-08-18 07:03:43,446 [myid:1] - DEBUG [ProcessThread(sid:0 cport:2181)::PrepRequestProcessor@298] - Permission requested: 4 
2026-08-18 07:03:43,446 [myid:1] - DEBUG [ProcessThread(sid:0 cport:2181)::PrepRequestProcessor@299] - ACLs for node: [31,s{'world,'anyone}
]
2026-08-18 07:03:43,446 [myid:1] - DEBUG [ProcessThread(sid:0 cport:2181)::PrepRequestProcessor@300] - Client credentials: ['ip,'172.18.0.2
, 'digest,'pat:KDzjoQ5VTKQfcjheJHwntPTKiXc=
]
2026-08-18 07:03:43,446 [myid:1] - DEBUG [ProcessThread(sid:0 cport:2181)::SessionTrackerImpl@296] - Checking session 0x10013915d9b0000
2026-08-18 07:03:43,446 [myid:1] - DEBUG [ProcessThread(sid:0 cport:2181)::PrepRequestProcessor@963] - Processing ACL: 31,s{'auth,}

2026-08-18 07:03:43,446 [myid:1] - DEBUG [ProcessThread(sid:0 cport:2181)::PrepRequestProcessor@298] - Permission requested: 4 
2026-08-18 07:03:43,446 [myid:1] - DEBUG [ProcessThread(sid:0 cport:2181)::PrepRequestProcessor@299] - ACLs for node: [31,s{'world,'anyone}
]
2026-08-18 07:03:43,446 [myid:1] - DEBUG [ProcessThread(sid:0 cport:2181)::PrepRequestProcessor@300] - Client credentials: ['ip,'172.18.0.2
, 'digest,'pat:KDzjoQ5VTKQfcjheJHwntPTKiXc=
]
2026-08-18 07:03:43,446 [myid:1] - DEBUG [ProcessThread(sid:0 cport:2181)::SessionTrackerImpl@296] - Checking session 0x10013915d9b0000
2026-08-18 07:03:43,446 [myid:1] - DEBUG [ProcessThread(sid:0 cport:2181)::PrepRequestProcessor@963] - Processing ACL: 31,s{'auth,}

2026-08-18 07:03:43,446 [myid:1] - DEBUG [ProcessThread(sid:0 cport:2181)::PrepRequestProcessor@298] - Permission requested: 4 
2026-08-18 07:03:43,446 [myid:1] - DEBUG [ProcessThread(sid:0 cport:2181)::PrepRequestProcessor@299] - ACLs for node: [31,s{'world,'anyone}
]
2026-08-18 07:03:43,447 [myid:1] - DEBUG [ProcessThread(sid:0 cport:2181)::PrepRequestProcessor@300] - Client credentials: ['ip,'172.18.0.2
, 'digest,'pat:KDzjoQ5VTKQfcjheJHwntPTKiXc=
]
2026-08-18 07:03:43,447 [myid:1] - DEBUG [ProcessThread(sid:0 cport:2181)::SessionTrackerImpl@296] - Checking session 0x10013915d9b0000
2026-08-18 07:03:43,447 [myid:1] - DEBUG [ProcessThread(sid:0 cport:2181)::PrepRequestProcessor@963] - Processing ACL: 31,s{'auth,}

2026-08-18 07:03:43,447 [myid:1] - DEBUG [ProcessThread(sid:0 cport:2181)::PrepRequestProcessor@298] - Permission requested: 4 
2026-08-18 07:03:43,447 [myid:1] - DEBUG [ProcessThread(sid:0 cport:2181)::PrepRequestProcessor@299] - ACLs for node: [31,s{'world,'anyone}
]
2026-08-18 07:03:43,447 [myid:1] - DEBUG [ProcessThread(sid:0 cport:2181)::PrepRequestProcessor@300] - Client credentials: ['ip,'172.18.0.2
, 'digest,'pat:KDzjoQ5VTKQfcjheJHwntPTKiXc=
]
2026-08-18 07:03:43,447 [myid:1] - DEBUG [ProcessThread(sid:0 cport:2181)::SessionTrackerImpl@296] - Checking session 0x10013915d9b0000
2026-08-18 07:03:43,447 [myid:1] - DEBUG [ProcessThread(sid:0 cport:2181)::PrepRequestProcessor@963] - Processing ACL: 31,s{'auth,}

2026-08-18 07:03:43,447 [myid:1] - DEBUG [ProcessThread(sid:0 cport:2181)::PrepRequestProcessor@298] - Permission requested: 4 
2026-08-18 07:03:43,447 [myid:1] - DEBUG [ProcessThread(sid:0 cport:2181)::PrepRequestProcessor@299] - ACLs for node: [31,s{'world,'anyone}
]
2026-08-18 07:03:43,447 [myid:1] - DEBUG [ProcessThread(sid:0 cport:2181)::PrepRequestProcessor@300] - Client credentials: ['ip,'172.18.0.2
, 'digest,'pat:KDzjoQ5VTKQfcjheJHwntPTKiXc=
]
2026-08-18 07:03:43,447 [myid:1] - DEBUG [ProcessThread(sid:0 cport:2181)::SessionTrackerImpl@296] - Checking session 0x10013915d9b0000
2026-08-18 07:03:43,447 [myid:1] - DEBUG [ProcessThread(sid:0 cport:2181)::PrepRequestProcessor@963] - Processing ACL: 31,s{'auth,}

2026-08-18 07:03:43,447 [myid:1] - DEBUG [ProcessThread(sid:0 cport:2181)::PrepRequestProcessor@298] - Permission requested: 4 
2026-08-18 07:03:43,447 [myid:1] - DEBUG [ProcessThread(sid:0 cport:2181)::PrepRequestProcessor@299] - ACLs for node: [31,s{'world,'anyone}
]
2026-08-18 07:03:43,447 [myid:1] - DEBUG [ProcessThread(sid:0 cport:2181)::PrepRequestProcessor@300] - Client credentials: ['ip,'172.18.0.2
, 'digest,'pat:KDzjoQ5VTKQfcjheJHwntPTKiXc=
]
2026-08-18 07:03:43,448 [myid:1] - DEBUG [ProcessThread(sid:0 cport:2181)::SessionTrackerImpl@296] - Checking session 0x10013915d9b0000
2026-08-18 07:03:43,448 [myid:1] - DEBUG [ProcessThread(sid:0 cport:2181)::PrepRequestProcessor@963] - Processing ACL: 31,s{'auth,}

2026-08-18 07:03:43,448 [myid:1] - DEBUG [ProcessThread(sid:0 cport:2181)::PrepRequestProcessor@298] - Permission requested: 4 
2026-08-18 07:03:43,448 [myid:1] - DEBUG [ProcessThread(sid:0 cport:2181)::PrepRequestProcessor@299] - ACLs for node: [31,s{'world,'anyone}
]
2026-08-18 07:03:43,448 [myid:1] - DEBUG [ProcessThread(sid:0 cport:2181)::PrepRequestProcessor@300] - Client credentials: ['ip,'172.18.0.2
, 'digest,'pat:KDzjoQ5VTKQfcjheJHwntPTKiXc=
]
2026-08-18 07:03:43,448 [myid:1] - DEBUG [ProcessThread(sid:0 cport:2181)::SessionTrackerImpl@296] - Checking session 0x10013915d9b0000
2026-08-18 07:03:43,448 [myid:1] - DEBUG [ProcessThread(sid:0 cport:2181)::PrepRequestProcessor@963] - Processing ACL: 31,s{'auth,}

2026-08-18 07:03:43,448 [myid:1] - DEBUG [ProcessThread(sid:0 cport:2181)::PrepRequestProcessor@298] - Permission requested: 4 
2026-08-18 07:03:43,448 [myid:1] - DEBUG [ProcessThread(sid:0 cport:2181)::PrepRequestProcessor@299] - ACLs for node: [31,s{'world,'anyone}
]
2026-08-18 07:03:43,448 [myid:1] - DEBUG [ProcessThread(sid:0 cport:2181)::PrepRequestProcessor@300] - Client credentials: ['ip,'172.18.0.2
, 'digest,'pat:KDzjoQ5VTKQfcjheJHwntPTKiXc=
]
2026-08-18 07:03:43,448 [myid:1] - DEBUG [ProcessThread(sid:0 cport:2181)::SessionTrackerImpl@296] - Checking session 0x10013915d9b0000
2026-08-18 07:03:43,449 [myid:1] - DEBUG [ProcessThread(sid:0 cport:2181)::PrepRequestProcessor@963] - Processing ACL: 31,s{'auth,}

2026-08-18 07:03:43,449 [myid:1] - DEBUG [ProcessThread(sid:0 cport:2181)::PrepRequestProcessor@298] - Permission requested: 4 
2026-08-18 07:03:43,449 [myid:1] - DEBUG [ProcessThread(sid:0 cport:2181)::PrepRequestProcessor@299] - ACLs for node: [31,s{'world,'anyone}
]
2026-08-18 07:03:43,449 [myid:1] - DEBUG [ProcessThread(sid:0 cport:2181)::PrepRequestProcessor@300] - Client credentials: ['ip,'172.18.0.2
, 'digest,'pat:KDzjoQ5VTKQfcjheJHwntPTKiXc=
]
2026-08-18 07:03:43,449 [myid:1] - DEBUG [ProcessThread(sid:0 cport:2181)::SessionTrackerImpl@296] - Checking session 0x10013915d9b0000
2026-08-18 07:03:43,449 [myid:1] - DEBUG [ProcessThread(sid:0 cport:2181)::PrepRequestProcessor@963] - Processing ACL: 31,s{'auth,}

2026-08-18 07:03:43,449 [myid:1] - DEBUG [ProcessThread(sid:0 cport:2181)::PrepRequestProcessor@298] - Permission requested: 4 
2026-08-18 07:03:43,449 [myid:1] - DEBUG [ProcessThread(sid:0 cport:2181)::PrepRequestProcessor@299] - ACLs for node: [31,s{'world,'anyone}
]
2026-08-18 07:03:43,449 [myid:1] - DEBUG [ProcessThread(sid:0 cport:2181)::PrepRequestProcessor@300] - Client credentials: ['ip,'172.18.0.2
, 'digest,'pat:KDzjoQ5VTKQfcjheJHwntPTKiXc=
]
2026-08-18 07:03:43,449 [myid:1] - DEBUG [ProcessThread(sid:0 cport:2181)::SessionTrackerImpl@296] - Checking session 0x10013915d9b0000
2026-08-18 07:03:43,449 [myid:1] - DEBUG [ProcessThread(sid:0 cport:2181)::PrepRequestProcessor@963] - Processing ACL: 31,s{'auth,}

2026-08-18 07:03:43,449 [myid:1] - DEBUG [ProcessThread(sid:0 cport:2181)::PrepRequestProcessor@298] - Permission requested: 4 
2026-08-18 07:03:43,450 [myid:1] - DEBUG [ProcessThread(sid:0 cport:2181)::PrepRequestProcessor@299] - ACLs for node: [31,s{'world,'anyone}
]
2026-08-18 07:03:43,450 [myid:1] - DEBUG [ProcessThread(sid:0 cport:2181)::PrepRequestProcessor@300] - Client credentials: ['ip,'172.18.0.2
, 'digest,'pat:KDzjoQ5VTKQfcjheJHwntPTKiXc=
]
2026-08-18 07:03:43,450 [myid:1] - DEBUG [ProcessThread(sid:0 cport:2181)::SessionTrackerImpl@296] - Checking session 0x10013915d9b0000
2026-08-18 07:03:43,450 [myid:1] - DEBUG [ProcessThread(sid:0 cport:2181)::PrepRequestProcessor@963] - Processing ACL: 31,s{'auth,}

2026-08-18 07:03:43,450 [myid:1] - DEBUG [ProcessThread(sid:0 cport:2181)::PrepRequestProcessor@298] - Permission requested: 4 
2026-08-18 07:03:43,450 [myid:1] - DEBUG [ProcessThread(sid:0 cport:2181)::PrepRequestProcessor@299] - ACLs for node: [31,s{'world,'anyone}
]
2026-08-18 07:03:43,450 [myid:1] - DEBUG [ProcessThread(sid:0 cport:2181)::PrepRequestProcessor@300] - Client credentials: ['ip,'172.18.0.2
, 'digest,'pat:KDzjoQ5VTKQfcjheJHwntPTKiXc=
]
2026-08-18 07:03:43,450 [myid:1] - DEBUG [ProcessThread(sid:0 cport:2181)::SessionTrackerImpl@296] - Checking session 0x10013915d9b0000
2026-08-18 07:03:43,450 [myid:1] - DEBUG [ProcessThread(sid:0 cport:2181)::PrepRequestProcessor@963] - Processing ACL: 31,s{'auth,}

2026-08-18 07:03:43,450 [myid:1] - DEBUG [ProcessThread(sid:0 cport:2181)::PrepRequestProcessor@298] - Permission requested: 4 
2026-08-18 07:03:43,450 [myid:1] - DEBUG [ProcessThread(sid:0 cport:2181)::PrepRequestProcessor@299] - ACLs for node: [31,s{'world,'anyone}
]
2026-08-18 07:03:43,450 [myid:1] - DEBUG [ProcessThread(sid:0 cport:2181)::PrepRequestProcessor@300] - Client credentials: ['ip,'172.18.0.2
, 'digest,'pat:KDzjoQ5VTKQfcjheJHwntPTKiXc=
]
2026-08-18 07:03:43,450 [myid:1] - DEBUG [ProcessThread(sid:0 cport:2181)::SessionTrackerImpl@296] - Checking session 0x10013915d9b0000
2026-08-18 07:03:43,451 [myid:1] - DEBUG [ProcessThread(sid:0 cport:2181)::PrepRequestProcessor@963] - Processing ACL: 31,s{'auth,}

2026-08-18 07:03:43,451 [myid:1] - DEBUG [ProcessThread(sid:0 cport:2181)::PrepRequestProcessor@298] - Permission requested: 4 
2026-08-18 07:03:43,451 [myid:1] - DEBUG [ProcessThread(sid:0 cport:2181)::PrepRequestProcessor@299] - ACLs for node: [31,s{'world,'anyone}
]
2026-08-18 07:03:43,451 [myid:1] - DEBUG [ProcessThread(sid:0 cport:2181)::PrepRequestProcessor@300] - Client credentials: ['ip,'172.18.0.2
, 'digest,'pat:KDzjoQ5VTKQfcjheJHwntPTKiXc=
]
2026-08-18 07:03:43,451 [myid:1] - DEBUG [ProcessThread(sid:0 cport:2181)::SessionTrackerImpl@296] - Checking session 0x10013915d9b0000
2026-08-18 07:03:43,451 [myid:1] - DEBUG [ProcessThread(sid:0 cport:2181)::PrepRequestProcessor@963] - Processing ACL: 31,s{'auth,}

2026-08-18 07:03:43,451 [myid:1] - DEBUG [ProcessThread(sid:0 cport:2181)::PrepRequestProcessor@298] - Permission requested: 4 
2026-08-18 07:03:43,451 [myid:1] - DEBUG [ProcessThread(sid:0 cport:2181)::PrepRequestProcessor@299] - ACLs for node: [31,s{'world,'anyone}
]
2026-08-18 07:03:43,451 [myid:1] - DEBUG [ProcessThread(sid:0 cport:2181)::PrepRequestProcessor@300] - Client credentials: ['ip,'172.18.0.2
, 'digest,'pat:KDzjoQ5VTKQfcjheJHwntPTKiXc=
]
2026-08-18 07:03:43,451 [myid:1] - DEBUG [ProcessThread(sid:0 cport:2181)::SessionTrackerImpl@296] - Checking session 0x10013915d9b0000
2026-08-18 07:03:43,451 [myid:1] - DEBUG [ProcessThread(sid:0 cport:2181)::PrepRequestProcessor@963] - Processing ACL: 31,s{'auth,}

2026-08-18 07:03:43,451 [myid:1] - DEBUG [ProcessThread(sid:0 cport:2181)::PrepRequestProcessor@298] - Permission requested: 4 
2026-08-18 07:03:43,451 [myid:1] - DEBUG [ProcessThread(sid:0 cport:2181)::PrepRequestProcessor@299] - ACLs for node: [31,s{'world,'anyone}
]
2026-08-18 07:03:43,451 [myid:1] - DEBUG [ProcessThread(sid:0 cport:2181)::PrepRequestProcessor@300] - Client credentials: ['ip,'172.18.0.2
, 'digest,'pat:KDzjoQ5VTKQfcjheJHwntPTKiXc=
]
2026-08-18 07:03:43,451 [myid:1] - DEBUG [ProcessThread(sid:0 cport:2181)::SessionTrackerImpl@296] - Checking session 0x10013915d9b0000
2026-08-18 07:03:43,451 [myid:1] - DEBUG [ProcessThread(sid:0 cport:2181)::PrepRequestProcessor@963] - Processing ACL: 31,s{'auth,}

2026-08-18 07:03:43,451 [myid:1] - DEBUG [ProcessThread(sid:0 cport:2181)::PrepRequestProcessor@298] - Permission requested: 4 
2026-08-18 07:03:43,451 [myid:1] - DEBUG [ProcessThread(sid:0 cport:2181)::PrepRequestProcessor@299] - ACLs for node: [31,s{'world,'anyone}
]
2026-08-18 07:03:43,451 [myid:1] - DEBUG [ProcessThread(sid:0 cport:2181)::PrepRequestProcessor@300] - Client credentials: ['ip,'172.18.0.2
, 'digest,'pat:KDzjoQ5VTKQfcjheJHwntPTKiXc=
]
2026-08-18 07:03:43,452 [myid:1] - DEBUG [ProcessThread(sid:0 cport:2181)::SessionTrackerImpl@296] - Checking session 0x10013915d9b0000
2026-08-18 07:03:43,452 [myid:1] - DEBUG [ProcessThread(sid:0 cport:2181)::PrepRequestProcessor@963] - Processing ACL: 31,s{'auth,}

2026-08-18 07:03:43,452 [myid:1] - DEBUG [ProcessThread(sid:0 cport:2181)::PrepRequestProcessor@298] - Permission requested: 4 
2026-08-18 07:03:43,452 [myid:1] - DEBUG [ProcessThread(sid:0 cport:2181)::PrepRequestProcessor@299] - ACLs for node: [31,s{'world,'anyone}
]
2026-08-18 07:03:43,452 [myid:1] - DEBUG [ProcessThread(sid:0 cport:2181)::PrepRequestProcessor@300] - Client credentials: ['ip,'172.18.0.2
, 'digest,'pat:KDzjoQ5VTKQfcjheJHwntPTKiXc=
]
2026-08-18 07:03:43,452 [myid:1] - DEBUG [ProcessThread(sid:0 cport:2181)::SessionTrackerImpl@296] - Checking session 0x10013915d9b0000
2026-08-18 07:03:43,452 [myid:1] - DEBUG [ProcessThread(sid:0 cport:2181)::PrepRequestProcessor@963] - Processing ACL: 31,s{'auth,}

2026-08-18 07:03:43,452 [myid:1] - DEBUG [ProcessThread(sid:0 cport:2181)::PrepRequestProcessor@298] - Permission requested: 4 
2026-08-18 07:03:43,452 [myid:1] - DEBUG [ProcessThread(sid:0 cport:2181)::PrepRequestProcessor@299] - ACLs for node: [31,s{'world,'anyone}
]
2026-08-18 07:03:43,452 [myid:1] - DEBUG [ProcessThread(sid:0 cport:2181)::PrepRequestProcessor@300] - Client credentials: ['ip,'172.18.0.2
, 'digest,'pat:KDzjoQ5VTKQfcjheJHwntPTKiXc=
]
2026-08-18 07:03:43,452 [myid:1] - DEBUG [ProcessThread(sid:0 cport:2181)::SessionTrackerImpl@296] - Checking session 0x10013915d9b0000
2026-08-18 07:03:43,452 [myid:1] - DEBUG [ProcessThread(sid:0 cport:2181)::PrepRequestProcessor@963] - Processing ACL: 31,s{'auth,}

2026-08-18 07:03:43,452 [myid:1] - DEBUG [ProcessThread(sid:0 cport:2181)::PrepRequestProcessor@298] - Permission requested: 4 
2026-08-18 07:03:43,452 [myid:1] - DEBUG [ProcessThread(sid:0 cport:2181)::PrepRequestProcessor@299] - ACLs for node: [31,s{'world,'anyone}
]
2026-08-18 07:03:43,452 [myid:1] - DEBUG [ProcessThread(sid:0 cport:2181)::PrepRequestProcessor@300] - Client credentials: ['ip,'172.18.0.2
, 'digest,'pat:KDzjoQ5VTKQfcjheJHwntPTKiXc=
]
2026-08-18 07:03:43,452 [myid:1] - DEBUG [ProcessThread(sid:0 cport:2181)::SessionTrackerImpl@296] - Checking session 0x10013915d9b0000
2026-08-18 07:03:43,452 [myid:1] - DEBUG [ProcessThread(sid:0 cport:2181)::PrepRequestProcessor@963] - Processing ACL: 31,s{'auth,}

2026-08-18 07:03:43,452 [myid:1] - DEBUG [ProcessThread(sid:0 cport:2181)::PrepRequestProcessor@298] - Permission requested: 4 
2026-08-18 07:03:43,452 [myid:1] - DEBUG [ProcessThread(sid:0 cport:2181)::PrepRequestProcessor@299] - ACLs for node: [31,s{'world,'anyone}
]
2026-08-18 07:03:43,452 [myid:1] - DEBUG [ProcessThread(sid:0 cport:2181)::PrepRequestProcessor@300] - Client credentials: ['ip,'172.18.0.2
, 'digest,'pat:KDzjoQ5VTKQfcjheJHwntPTKiXc=
]
2026-08-18 07:03:43,453 [myid:1] - DEBUG [ProcessThread(sid:0 cport:2181)::SessionTrackerImpl@296] - Checking session 0x10013915d9b0000
2026-08-18 07:03:43,453 [myid:1] - DEBUG [ProcessThread(sid:0 cport:2181)::PrepRequestProcessor@963] - Processing ACL: 31,s{'auth,}

2026-08-18 07:03:43,453 [myid:1] - DEBUG [ProcessThread(sid:0 cport:2181)::PrepRequestProcessor@298] - Permission requested: 4 
2026-08-18 07:03:43,453 [myid:1] - DEBUG [ProcessThread(sid:0 cport:2181)::PrepRequestProcessor@299] - ACLs for node: [31,s{'world,'anyone}
]
2026-08-18 07:03:43,453 [myid:1] - DEBUG [ProcessThread(sid:0 cport:2181)::PrepRequestProcessor@300] - Client credentials: ['ip,'172.18.0.2
, 'digest,'pat:KDzjoQ5VTKQfcjheJHwntPTKiXc=
]
2026-08-18 07:03:43,453 [myid:1] - DEBUG [ProcessThread(sid:0 cport:2181)::SessionTrackerImpl@296] - Checking session 0x10013915d9b0000
2026-08-18 07:03:43,453 [myid:1] - DEBUG [ProcessThread(sid:0 cport:2181)::PrepRequestProcessor@963] - Processing ACL: 31,s{'auth,}

2026-08-18 07:03:43,453 [myid:1] - DEBUG [ProcessThread(sid:0 cport:2181)::PrepRequestProcessor@298] - Permission requested: 4 
2026-08-18 07:03:43,453 [myid:1] - DEBUG [ProcessThread(sid:0 cport:2181)::PrepRequestProcessor@299] - ACLs for node: [31,s{'world,'anyone}
]
2026-08-18 07:03:43,453 [myid:1] - DEBUG [ProcessThread(sid:0 cport:2181)::PrepRequestProcessor@300] - Client credentials: ['ip,'172.18.0.2
, 'digest,'pat:KDzjoQ5VTKQfcjheJHwntPTKiXc=
]
2026-08-18 07:03:43,453 [myid:1] - DEBUG [ProcessThread(sid:0 cport:2181)::SessionTrackerImpl@296] - Checking session 0x10013915d9b0000
2026-08-18 07:03:43,453 [myid:1] - DEBUG [ProcessThread(sid:0 cport:2181)::PrepRequestProcessor@963] - Processing ACL: 31,s{'auth,}

2026-08-18 07:03:43,453 [myid:1] - DEBUG [ProcessThread(sid:0 cport:2181)::PrepRequestProcessor@298] - Permission requested: 4 
2026-08-18 07:03:43,453 [myid:1] - DEBUG [ProcessThread(sid:0 cport:2181)::PrepRequestProcessor@299] - ACLs for node: [31,s{'world,'anyone}
]
2026-08-18 07:03:43,453 [myid:1] - DEBUG [ProcessThread(sid:0 cport:2181)::PrepRequestProcessor@300] - Client credentials: ['ip,'172.18.0.2
, 'digest,'pat:KDzjoQ5VTKQfcjheJHwntPTKiXc=
]
2026-08-18 07:03:43,453 [myid:1] - DEBUG [ProcessThread(sid:0 cport:2181)::SessionTrackerImpl@296] - Checking session 0x10013915d9b0000
2026-08-18 07:03:43,453 [myid:1] - DEBUG [ProcessThread(sid:0 cport:2181)::PrepRequestProcessor@963] - Processing ACL: 31,s{'auth,}

2026-08-18 07:03:43,453 [myid:1] - DEBUG [ProcessThread(sid:0 cport:2181)::PrepRequestProcessor@298] - Permission requested: 4 
2026-08-18 07:03:43,453 [myid:1] - DEBUG [ProcessThread(sid:0 cport:2181)::PrepRequestProcessor@299] - ACLs for node: [31,s{'world,'anyone}
]
2026-08-18 07:03:43,453 [myid:1] - DEBUG [ProcessThread(sid:0 cport:2181)::PrepRequestProcessor@300] - Client credentials: ['ip,'172.18.0.2
, 'digest,'pat:KDzjoQ5VTKQfcjheJHwntPTKiXc=
]
2026-08-18 07:03:43,454 [myid:1] - DEBUG [ProcessThread(sid:0 cport:2181)::SessionTrackerImpl@296] - Checking session 0x10013915d9b0000
2026-08-18 07:03:43,454 [myid:1] - DEBUG [ProcessThread(sid:0 cport:2181)::PrepRequestProcessor@963] - Processing ACL: 31,s{'auth,}

2026-08-18 07:03:43,454 [myid:1] - DEBUG [ProcessThread(sid:0 cport:2181)::PrepRequestProcessor@298] - Permission requested: 4 
2026-08-18 07:03:43,454 [myid:1] - DEBUG [ProcessThread(sid:0 cport:2181)::PrepRequestProcessor@299] - ACLs for node: [31,s{'world,'anyone}
]
2026-08-18 07:03:43,454 [myid:1] - DEBUG [ProcessThread(sid:0 cport:2181)::PrepRequestProcessor@300] - Client credentials: ['ip,'172.18.0.2
, 'digest,'pat:KDzjoQ5VTKQfcjheJHwntPTKiXc=
]
2026-08-18 07:03:43,454 [myid:1] - DEBUG [ProcessThread(sid:0 cport:2181)::SessionTrackerImpl@296] - Checking session 0x10013915d9b0000
2026-08-18 07:03:43,454 [myid:1] - DEBUG [ProcessThread(sid:0 cport:2181)::PrepRequestProcessor@963] - Processing ACL: 31,s{'auth,}

2026-08-18 07:03:43,454 [myid:1] - DEBUG [ProcessThread(sid:0 cport:2181)::PrepRequestProcessor@298] - Permission requested: 4 
2026-08-18 07:03:43,454 [myid:1] - DEBUG [ProcessThread(sid:0 cport:2181)::PrepRequestProcessor@299] - ACLs for node: [31,s{'world,'anyone}
]
2026-08-18 07:03:43,454 [myid:1] - DEBUG [ProcessThread(sid:0 cport:2181)::PrepRequestProcessor@300] - Client credentials: ['ip,'172.18.0.2
, 'digest,'pat:KDzjoQ5VTKQfcjheJHwntPTKiXc=
]
2026-08-18 07:03:43,454 [myid:1] - DEBUG [ProcessThread(sid:0 cport:2181)::SessionTrackerImpl@296] - Checking session 0x10013915d9b0000
2026-08-18 07:03:43,454 [myid:1] - DEBUG [ProcessThread(sid:0 cport:2181)::PrepRequestProcessor@963] - Processing ACL: 31,s{'auth,}

2026-08-18 07:03:43,454 [myid:1] - DEBUG [ProcessThread(sid:0 cport:2181)::PrepRequestProcessor@298] - Permission requested: 4 
2026-08-18 07:03:43,454 [myid:1] - DEBUG [ProcessThread(sid:0 cport:2181)::PrepRequestProcessor@299] - ACLs for node: [31,s{'world,'anyone}
]
2026-08-18 07:03:43,454 [myid:1] - DEBUG [ProcessThread(sid:0 cport:2181)::PrepRequestProcessor@300] - Client credentials: ['ip,'172.18.0.2
, 'digest,'pat:KDzjoQ5VTKQfcjheJHwntPTKiXc=
]
2026-08-18 07:03:43,454 [myid:1] - DEBUG [ProcessThread(sid:0 cport:2181)::SessionTrackerImpl@296] - Checking session 0x10013915d9b0000
2026-08-18 07:03:43,454 [myid:1] - DEBUG [ProcessThread(sid:0 cport:2181)::PrepRequestProcessor@963] - Processing ACL: 31,s{'auth,}

2026-08-18 07:03:43,454 [myid:1] - DEBUG [ProcessThread(sid:0 cport:2181)::PrepRequestProcessor@298] - Permission requested: 4 
2026-08-18 07:03:43,454 [myid:1] - DEBUG [ProcessThread(sid:0 cport:2181)::PrepRequestProcessor@299] - ACLs for node: [31,s{'world,'anyone}
]
2026-08-18 07:03:43,454 [myid:1] - DEBUG [ProcessThread(sid:0 cport:2181)::PrepRequestProcessor@300] - Client credentials: ['ip,'172.18.0.2
, 'digest,'pat:KDzjoQ5VTKQfcjheJHwntPTKiXc=
]
2026-08-18 07:03:43,454 [myid:1] - DEBUG [ProcessThread(sid:0 cport:2181)::SessionTrackerImpl@296] - Checking session 0x10013915d9b0000
2026-08-18 07:03:43,454 [myid:1] - DEBUG [ProcessThread(sid:0 cport:2181)::PrepRequestProcessor@963] - Processing ACL: 31,s{'auth,}

2026-08-18 07:03:43,454 [myid:1] - DEBUG [ProcessThread(sid:0 cport:2181)::PrepRequestProcessor@298] - Permission requested: 4 
2026-08-18 07:03:43,455 [myid:1] - DEBUG [ProcessThread(sid:0 cport:2181)::PrepRequestProcessor@299] - ACLs for node: [31,s{'world,'anyone}
]
2026-08-18 07:03:43,455 [myid:1] - DEBUG [ProcessThread(sid:0 cport:2181)::PrepRequestProcessor@300] - Client credentials: ['ip,'172.18.0.2
, 'digest,'pat:KDzjoQ5VTKQfcjheJHwntPTKiXc=
]
2026-08-18 07:03:43,455 [myid:1] - DEBUG [ProcessThread(sid:0 cport:2181)::SessionTrackerImpl@296] - Checking session 0x10013915d9b0000
2026-08-18 07:03:43,455 [myid:1] - DEBUG [ProcessThread(sid:0 cport:2181)::PrepRequestProcessor@963] - Processing ACL: 31,s{'auth,}

2026-08-18 07:03:43,455 [myid:1] - DEBUG [ProcessThread(sid:0 cport:2181)::PrepRequestProcessor@298] - Permission requested: 4 
2026-08-18 07:03:43,455 [myid:1] - DEBUG [ProcessThread(sid:0 cport:2181)::PrepRequestProcessor@299] - ACLs for node: [31,s{'world,'anyone}
]
2026-08-18 07:03:43,455 [myid:1] - DEBUG [ProcessThread(sid:0 cport:2181)::PrepRequestProcessor@300] - Client credentials: ['ip,'172.18.0.2
, 'digest,'pat:KDzjoQ5VTKQfcjheJHwntPTKiXc=
]
2026-08-18 07:03:43,455 [myid:1] - DEBUG [ProcessThread(sid:0 cport:2181)::SessionTrackerImpl@296] - Checking session 0x10013915d9b0000
2026-08-18 07:03:43,455 [myid:1] - DEBUG [ProcessThread(sid:0 cport:2181)::PrepRequestProcessor@963] - Processing ACL: 31,s{'auth,}

2026-08-18 07:03:43,455 [myid:1] - DEBUG [ProcessThread(sid:0 cport:2181)::PrepRequestProcessor@298] - Permission requested: 4 
2026-08-18 07:03:43,455 [myid:1] - DEBUG [ProcessThread(sid:0 cport:2181)::PrepRequestProcessor@299] - ACLs for node: [31,s{'world,'anyone}
]
2026-08-18 07:03:43,455 [myid:1] - DEBUG [ProcessThread(sid:0 cport:2181)::PrepRequestProcessor@300] - Client credentials: ['ip,'172.18.0.2
, 'digest,'pat:KDzjoQ5VTKQfcjheJHwntPTKiXc=
]
2026-08-18 07:03:43,455 [myid:1] - DEBUG [ProcessThread(sid:0 cport:2181)::SessionTrackerImpl@296] - Checking session 0x10013915d9b0000
2026-08-18 07:03:43,455 [myid:1] - DEBUG [ProcessThread(sid:0 cport:2181)::PrepRequestProcessor@963] - Processing ACL: 31,s{'auth,}

2026-08-18 07:03:43,455 [myid:1] - DEBUG [ProcessThread(sid:0 cport:2181)::PrepRequestProcessor@298] - Permission requested: 4 
2026-08-18 07:03:43,455 [myid:1] - DEBUG [ProcessThread(sid:0 cport:2181)::PrepRequestProcessor@299] - ACLs for node: [31,s{'world,'anyone}
]
2026-08-18 07:03:43,455 [myid:1] - DEBUG [ProcessThread(sid:0 cport:2181)::PrepRequestProcessor@300] - Client credentials: ['ip,'172.18.0.2
, 'digest,'pat:KDzjoQ5VTKQfcjheJHwntPTKiXc=
]
2026-08-18 07:03:43,455 [myid:1] - DEBUG [ProcessThread(sid:0 cport:2181)::SessionTrackerImpl@296] - Checking session 0x10013915d9b0000
2026-08-18 07:03:43,455 [myid:1] - DEBUG [ProcessThread(sid:0 cport:2181)::PrepRequestProcessor@963] - Processing ACL: 31,s{'auth,}

2026-08-18 07:03:43,455 [myid:1] - DEBUG [ProcessThread(sid:0 cport:2181)::PrepRequestProcessor@298] - Permission requested: 4 
2026-08-18 07:03:43,455 [myid:1] - DEBUG [ProcessThread(sid:0 cport:2181)::PrepRequestProcessor@299] - ACLs for node: [31,s{'world,'anyone}
]
2026-08-18 07:03:43,455 [myid:1] - DEBUG [ProcessThread(sid:0 cport:2181)::PrepRequestProcessor@300] - Client credentials: ['ip,'172.18.0.2
, 'digest,'pat:KDzjoQ5VTKQfcjheJHwntPTKiXc=
]
2026-08-18 07:03:43,455 [myid:1] - DEBUG [ProcessThread(sid:0 cport:2181)::SessionTrackerImpl@296] - Checking session 0x10013915d9b0000
2026-08-18 07:03:43,456 [myid:1] - DEBUG [ProcessThread(sid:0 cport:2181)::PrepRequestProcessor@963] - Processing ACL: 31,s{'auth,}

2026-08-18 07:03:43,456 [myid:1] - DEBUG [ProcessThread(sid:0 cport:2181)::PrepRequestProcessor@298] - Permission requested: 4 
2026-08-18 07:03:43,456 [myid:1] - DEBUG [ProcessThread(sid:0 cport:2181)::PrepRequestProcessor@299] - ACLs for node: [31,s{'world,'anyone}
]
2026-08-18 07:03:43,456 [myid:1] - DEBUG [ProcessThread(sid:0 cport:2181)::PrepRequestProcessor@300] - Client credentials: ['ip,'172.18.0.2
, 'digest,'pat:KDzjoQ5VTKQfcjheJHwntPTKiXc=
]
2026-08-18 07:03:43,456 [myid:1] - DEBUG [ProcessThread(sid:0 cport:2181)::SessionTrackerImpl@296] - Checking session 0x10013915d9b0000
2026-08-18 07:03:43,456 [myid:1] - DEBUG [ProcessThread(sid:0 cport:2181)::PrepRequestProcessor@963] - Processing ACL: 31,s{'auth,}

2026-08-18 07:03:43,456 [myid:1] - DEBUG [ProcessThread(sid:0 cport:2181)::PrepRequestProcessor@298] - Permission requested: 4 
2026-08-18 07:03:43,456 [myid:1] - DEBUG [ProcessThread(sid:0 cport:2181)::PrepRequestProcessor@299] - ACLs for node: [31,s{'world,'anyone}
]
2026-08-18 07:03:43,456 [myid:1] - DEBUG [ProcessThread(sid:0 cport:2181)::PrepRequestProcessor@300] - Client credentials: ['ip,'172.18.0.2
, 'digest,'pat:KDzjoQ5VTKQfcjheJHwntPTKiXc=
]
2026-08-18 07:03:43,456 [myid:1] - DEBUG [ProcessThread(sid:0 cport:2181)::SessionTrackerImpl@296] - Checking session 0x10013915d9b0000
2026-08-18 07:03:43,456 [myid:1] - DEBUG [ProcessThread(sid:0 cport:2181)::PrepRequestProcessor@963] - Processing ACL: 31,s{'auth,}

2026-08-18 07:03:43,456 [myid:1] - DEBUG [ProcessThread(sid:0 cport:2181)::PrepRequestProcessor@298] - Permission requested: 4 
2026-08-18 07:03:43,456 [myid:1] - DEBUG [ProcessThread(sid:0 cport:2181)::PrepRequestProcessor@299] - ACLs for node: [31,s{'world,'anyone}
]
2026-08-18 07:03:43,456 [myid:1] - DEBUG [ProcessThread(sid:0 cport:2181)::PrepRequestProcessor@300] - Client credentials: ['ip,'172.18.0.2
, 'digest,'pat:KDzjoQ5VTKQfcjheJHwntPTKiXc=
]
2026-08-18 07:03:43,456 [myid:1] - DEBUG [ProcessThread(sid:0 cport:2181)::SessionTrackerImpl@296] - Checking session 0x10013915d9b0000
2026-08-18 07:03:43,456 [myid:1] - DEBUG [ProcessThread(sid:0 cport:2181)::PrepRequestProcessor@963] - Processing ACL: 31,s{'auth,}

2026-08-18 07:03:43,456 [myid:1] - DEBUG [ProcessThread(sid:0 cport:2181)::PrepRequestProcessor@298] - Permission requested: 4 
2026-08-18 07:03:43,456 [myid:1] - DEBUG [ProcessThread(sid:0 cport:2181)::PrepRequestProcessor@299] - ACLs for node: [31,s{'world,'anyone}
]
2026-08-18 07:03:43,457 [myid:1] - DEBUG [ProcessThread(sid:0 cport:2181)::PrepRequestProcessor@300] - Client credentials: ['ip,'172.18.0.2
, 'digest,'pat:KDzjoQ5VTKQfcjheJHwntPTKiXc=
]
2026-08-18 07:03:43,457 [myid:1] - DEBUG [ProcessThread(sid:0 cport:2181)::SessionTrackerImpl@296] - Checking session 0x10013915d9b0000
2026-08-18 07:03:43,457 [myid:1] - DEBUG [ProcessThread(sid:0 cport:2181)::PrepRequestProcessor@963] - Processing ACL: 31,s{'auth,}

2026-08-18 07:03:43,457 [myid:1] - DEBUG [ProcessThread(sid:0 cport:2181)::PrepRequestProcessor@298] - Permission requested: 4 
2026-08-18 07:03:43,457 [myid:1] - DEBUG [ProcessThread(sid:0 cport:2181)::PrepRequestProcessor@299] - ACLs for node: [31,s{'world,'anyone}
]
2026-08-18 07:03:43,457 [myid:1] - DEBUG [ProcessThread(sid:0 cport:2181)::PrepRequestProcessor@300] - Client credentials: ['ip,'172.18.0.2
, 'digest,'pat:KDzjoQ5VTKQfcjheJHwntPTKiXc=
]
2026-08-18 07:03:43,457 [myid:1] - DEBUG [ProcessThread(sid:0 cport:2181)::SessionTrackerImpl@296] - Checking session 0x10013915d9b0000
2026-08-18 07:03:43,457 [myid:1] - DEBUG [ProcessThread(sid:0 cport:2181)::PrepRequestProcessor@963] - Processing ACL: 31,s{'auth,}

2026-08-18 07:03:43,457 [myid:1] - DEBUG [ProcessThread(sid:0 cport:2181)::PrepRequestProcessor@298] - Permission requested: 4 
2026-08-18 07:03:43,457 [myid:1] - DEBUG [ProcessThread(sid:0 cport:2181)::PrepRequestProcessor@299] - ACLs for node: [31,s{'world,'anyone}
]
2026-08-18 07:03:43,457 [myid:1] - DEBUG [ProcessThread(sid:0 cport:2181)::PrepRequestProcessor@300] - Client credentials: ['ip,'172.18.0.2
, 'digest,'pat:KDzjoQ5VTKQfcjheJHwntPTKiXc=
]
2026-08-18 07:03:43,457 [myid:1] - DEBUG [ProcessThread(sid:0 cport:2181)::SessionTrackerImpl@296] - Checking session 0x10013915d9b0000
2026-08-18 07:03:43,458 [myid:1] - DEBUG [ProcessThread(sid:0 cport:2181)::PrepRequestProcessor@963] - Processing ACL: 31,s{'auth,}

2026-08-18 07:03:43,458 [myid:1] - DEBUG [ProcessThread(sid:0 cport:2181)::PrepRequestProcessor@298] - Permission requested: 4 
2026-08-18 07:03:43,458 [myid:1] - DEBUG [ProcessThread(sid:0 cport:2181)::PrepRequestProcessor@299] - ACLs for node: [31,s{'world,'anyone}
]
2026-08-18 07:03:43,458 [myid:1] - DEBUG [ProcessThread(sid:0 cport:2181)::PrepRequestProcessor@300] - Client credentials: ['ip,'172.18.0.2
, 'digest,'pat:KDzjoQ5VTKQfcjheJHwntPTKiXc=
]
2026-08-18 07:03:43,458 [myid:1] - DEBUG [ProcessThread(sid:0 cport:2181)::SessionTrackerImpl@296] - Checking session 0x10013915d9b0000
2026-08-18 07:03:43,458 [myid:1] - DEBUG [ProcessThread(sid:0 cport:2181)::PrepRequestProcessor@963] - Processing ACL: 31,s{'auth,}

2026-08-18 07:03:43,458 [myid:1] - DEBUG [ProcessThread(sid:0 cport:2181)::PrepRequestProcessor@298] - Permission requested: 4 
2026-08-18 07:03:43,458 [myid:1] - DEBUG [ProcessThread(sid:0 cport:2181)::PrepRequestProcessor@299] - ACLs for node: [31,s{'world,'anyone}
]
2026-08-18 07:03:43,458 [myid:1] - DEBUG [ProcessThread(sid:0 cport:2181)::PrepRequestProcessor@300] - Client credentials: ['ip,'172.18.0.2
, 'digest,'pat:KDzjoQ5VTKQfcjheJHwntPTKiXc=
]
2026-08-18 07:03:43,458 [myid:1] - DEBUG [ProcessThread(sid:0 cport:2181)::SessionTrackerImpl@296] - Checking session 0x10013915d9b0000
2026-08-18 07:03:43,458 [myid:1] - DEBUG [ProcessThread(sid:0 cport:2181)::PrepRequestProcessor@963] - Processing ACL: 31,s{'auth,}

2026-08-18 07:03:43,458 [myid:1] - DEBUG [ProcessThread(sid:0 cport:2181)::PrepRequestProcessor@298] - Permission requested: 4 
2026-08-18 07:03:43,458 [myid:1] - DEBUG [ProcessThread(sid:0 cport:2181)::PrepRequestProcessor@299] - ACLs for node: [31,s{'world,'anyone}
]
2026-08-18 07:03:43,458 [myid:1] - DEBUG [ProcessThread(sid:0 cport:2181)::PrepRequestProcessor@300] - Client credentials: ['ip,'172.18.0.2
, 'digest,'pat:KDzjoQ5VTKQfcjheJHwntPTKiXc=
]
2026-08-18 07:03:43,459 [myid:1] - DEBUG [ProcessThread(sid:0 cport:2181)::SessionTrackerImpl@296] - Checking session 0x10013915d9b0000
2026-08-18 07:03:43,459 [myid:1] - DEBUG [ProcessThread(sid:0 cport:2181)::PrepRequestProcessor@963] - Processing ACL: 31,s{'auth,}

2026-08-18 07:03:43,459 [myid:1] - DEBUG [ProcessThread(sid:0 cport:2181)::PrepRequestProcessor@298] - Permission requested: 4 
2026-08-18 07:03:43,459 [myid:1] - DEBUG [ProcessThread(sid:0 cport:2181)::PrepRequestProcessor@299] - ACLs for node: [31,s{'world,'anyone}
]
2026-08-18 07:03:43,459 [myid:1] - DEBUG [ProcessThread(sid:0 cport:2181)::PrepRequestProcessor@300] - Client credentials: ['ip,'172.18.0.2
, 'digest,'pat:KDzjoQ5VTKQfcjheJHwntPTKiXc=
]
2026-08-18 07:03:43,459 [myid:1] - DEBUG [ProcessThread(sid:0 cport:2181)::SessionTrackerImpl@296] - Checking session 0x10013915d9b0000
2026-08-18 07:03:43,459 [myid:1] - DEBUG [ProcessThread(sid:0 cport:2181)::PrepRequestProcessor@963] - Processing ACL: 31,s{'auth,}

2026-08-18 07:03:43,459 [myid:1] - DEBUG [ProcessThread(sid:0 cport:2181)::PrepRequestProcessor@298] - Permission requested: 4 
2026-08-18 07:03:43,459 [myid:1] - DEBUG [ProcessThread(sid:0 cport:2181)::PrepRequestProcessor@299] - ACLs for node: [31,s{'world,'anyone}
]
2026-08-18 07:03:43,459 [myid:1] - DEBUG [ProcessThread(sid:0 cport:2181)::PrepRequestProcessor@300] - Client credentials: ['ip,'172.18.0.2
, 'digest,'pat:KDzjoQ5VTKQfcjheJHwntPTKiXc=
]
2026-08-18 07:03:43,459 [myid:1] - DEBUG [ProcessThread(sid:0 cport:2181)::SessionTrackerImpl@296] - Checking session 0x10013915d9b0000
2026-08-18 07:03:43,459 [myid:1] - DEBUG [ProcessThread(sid:0 cport:2181)::PrepRequestProcessor@963] - Processing ACL: 31,s{'auth,}

2026-08-18 07:03:43,459 [myid:1] - DEBUG [ProcessThread(sid:0 cport:2181)::PrepRequestProcessor@298] - Permission requested: 4 
2026-08-18 07:03:43,459 [myid:1] - DEBUG [ProcessThread(sid:0 cport:2181)::PrepRequestProcessor@299] - ACLs for node: [31,s{'world,'anyone}
]
2026-08-18 07:03:43,459 [myid:1] - DEBUG [ProcessThread(sid:0 cport:2181)::PrepRequestProcessor@300] - Client credentials: ['ip,'172.18.0.2
, 'digest,'pat:KDzjoQ5VTKQfcjheJHwntPTKiXc=
]
2026-08-18 07:03:43,459 [myid:1] - DEBUG [ProcessThread(sid:0 cport:2181)::SessionTrackerImpl@296] - Checking session 0x10013915d9b0000
2026-08-18 07:03:43,460 [myid:1] - DEBUG [ProcessThread(sid:0 cport:2181)::PrepRequestProcessor@963] - Processing ACL: 31,s{'auth,}

2026-08-18 07:03:43,460 [myid:1] - DEBUG [ProcessThread(sid:0 cport:2181)::PrepRequestProcessor@298] - Permission requested: 4 
2026-08-18 07:03:43,460 [myid:1] - DEBUG [ProcessThread(sid:0 cport:2181)::PrepRequestProcessor@299] - ACLs for node: [31,s{'world,'anyone}
]
2026-08-18 07:03:43,460 [myid:1] - DEBUG [ProcessThread(sid:0 cport:2181)::PrepRequestProcessor@300] - Client credentials: ['ip,'172.18.0.2
, 'digest,'pat:KDzjoQ5VTKQfcjheJHwntPTKiXc=
]
2026-08-18 07:03:43,460 [myid:1] - DEBUG [ProcessThread(sid:0 cport:2181)::SessionTrackerImpl@296] - Checking session 0x10013915d9b0000
2026-08-18 07:03:43,460 [myid:1] - DEBUG [ProcessThread(sid:0 cport:2181)::PrepRequestProcessor@963] - Processing ACL: 31,s{'auth,}

2026-08-18 07:03:43,460 [myid:1] - DEBUG [ProcessThread(sid:0 cport:2181)::PrepRequestProcessor@298] - Permission requested: 4 
2026-08-18 07:03:43,460 [myid:1] - DEBUG [ProcessThread(sid:0 cport:2181)::PrepRequestProcessor@299] - ACLs for node: [31,s{'world,'anyone}
]
2026-08-18 07:03:43,460 [myid:1] - DEBUG [ProcessThread(sid:0 cport:2181)::PrepRequestProcessor@300] - Client credentials: ['ip,'172.18.0.2
, 'digest,'pat:KDzjoQ5VTKQfcjheJHwntPTKiXc=
]
2026-08-18 07:03:43,460 [myid:1] - DEBUG [ProcessThread(sid:0 cport:2181)::SessionTrackerImpl@296] - Checking session 0x10013915d9b0000
2026-08-18 07:03:43,460 [myid:1] - DEBUG [ProcessThread(sid:0 cport:2181)::PrepRequestProcessor@963] - Processing ACL: 31,s{'auth,}

2026-08-18 07:03:43,460 [myid:1] - DEBUG [ProcessThread(sid:0 cport:2181)::PrepRequestProcessor@298] - Permission requested: 4 
2026-08-18 07:03:43,461 [myid:1] - DEBUG [ProcessThread(sid:0 cport:2181)::PrepRequestProcessor@299] - ACLs for node: [31,s{'world,'anyone}
]
2026-08-18 07:03:43,461 [myid:1] - DEBUG [ProcessThread(sid:0 cport:2181)::PrepRequestProcessor@300] - Client credentials: ['ip,'172.18.0.2
, 'digest,'pat:KDzjoQ5VTKQfcjheJHwntPTKiXc=
]
2026-08-18 07:03:43,461 [myid:1] - DEBUG [ProcessThread(sid:0 cport:2181)::SessionTrackerImpl@296] - Checking session 0x10013915d9b0000
2026-08-18 07:03:43,461 [myid:1] - DEBUG [ProcessThread(sid:0 cport:2181)::PrepRequestProcessor@963] - Processing ACL: 31,s{'auth,}

2026-08-18 07:03:43,461 [myid:1] - DEBUG [ProcessThread(sid:0 cport:2181)::PrepRequestProcessor@298] - Permission requested: 4 
2026-08-18 07:03:43,461 [myid:1] - DEBUG [ProcessThread(sid:0 cport:2181)::PrepRequestProcessor@299] - ACLs for node: [31,s{'world,'anyone}
]
2026-08-18 07:03:43,461 [myid:1] - DEBUG [ProcessThread(sid:0 cport:2181)::PrepRequestProcessor@300] - Client credentials: ['ip,'172.18.0.2
, 'digest,'pat:KDzjoQ5VTKQfcjheJHwntPTKiXc=
]
2026-08-18 07:03:43,461 [myid:1] - DEBUG [ProcessThread(sid:0 cport:2181)::SessionTrackerImpl@296] - Checking session 0x10013915d9b0000
2026-08-18 07:03:43,461 [myid:1] - DEBUG [ProcessThread(sid:0 cport:2181)::PrepRequestProcessor@963] - Processing ACL: 31,s{'auth,}

2026-08-18 07:03:43,461 [myid:1] - DEBUG [ProcessThread(sid:0 cport:2181)::PrepRequestProcessor@298] - Permission requested: 4 
2026-08-18 07:03:43,461 [myid:1] - DEBUG [ProcessThread(sid:0 cport:2181)::PrepRequestProcessor@299] - ACLs for node: [31,s{'world,'anyone}
]
2026-08-18 07:03:43,462 [myid:1] - DEBUG [ProcessThread(sid:0 cport:2181)::PrepRequestProcessor@300] - Client credentials: ['ip,'172.18.0.2
, 'digest,'pat:KDzjoQ5VTKQfcjheJHwntPTKiXc=
]
2026-08-18 07:03:43,462 [myid:1] - DEBUG [ProcessThread(sid:0 cport:2181)::SessionTrackerImpl@296] - Checking session 0x10013915d9b0000
2026-08-18 07:03:43,462 [myid:1] - DEBUG [ProcessThread(sid:0 cport:2181)::PrepRequestProcessor@963] - Processing ACL: 31,s{'auth,}

2026-08-18 07:03:43,462 [myid:1] - DEBUG [ProcessThread(sid:0 cport:2181)::PrepRequestProcessor@298] - Permission requested: 4 
2026-08-18 07:03:43,462 [myid:1] - DEBUG [ProcessThread(sid:0 cport:2181)::PrepRequestProcessor@299] - ACLs for node: [31,s{'world,'anyone}
]
2026-08-18 07:03:43,462 [myid:1] - DEBUG [ProcessThread(sid:0 cport:2181)::PrepRequestProcessor@300] - Client credentials: ['ip,'172.18.0.2
, 'digest,'pat:KDzjoQ5VTKQfcjheJHwntPTKiXc=
]
2026-08-18 07:03:43,462 [myid:1] - DEBUG [ProcessThread(sid:0 cport:2181)::SessionTrackerImpl@296] - Checking session 0x10013915d9b0000
2026-08-18 07:03:43,462 [myid:1] - DEBUG [ProcessThread(sid:0 cport:2181)::PrepRequestProcessor@963] - Processing ACL: 31,s{'auth,}

2026-08-18 07:03:43,462 [myid:1] - DEBUG [ProcessThread(sid:0 cport:2181)::PrepRequestProcessor@298] - Permission requested: 4 
2026-08-18 07:03:43,462 [myid:1] - DEBUG [ProcessThread(sid:0 cport:2181)::PrepRequestProcessor@299] - ACLs for node: [31,s{'world,'anyone}
]
2026-08-18 07:03:43,462 [myid:1] - DEBUG [ProcessThread(sid:0 cport:2181)::PrepRequestProcessor@300] - Client credentials: ['ip,'172.18.0.2
, 'digest,'pat:KDzjoQ5VTKQfcjheJHwntPTKiXc=
]
2026-08-18 07:03:43,463 [myid:1] - DEBUG [ProcessThread(sid:0 cport:2181)::SessionTrackerImpl@296] - Checking session 0x10013915d9b0000
2026-08-18 07:03:43,463 [myid:1] - DEBUG [ProcessThread(sid:0 cport:2181)::PrepRequestProcessor@963] - Processing ACL: 31,s{'auth,}

2026-08-18 07:03:43,463 [myid:1] - DEBUG [ProcessThread(sid:0 cport:2181)::PrepRequestProcessor@298] - Permission requested: 4 
2026-08-18 07:03:43,463 [myid:1] - DEBUG [ProcessThread(sid:0 cport:2181)::PrepRequestProcessor@299] - ACLs for node: [31,s{'world,'anyone}
]
2026-08-18 07:03:43,463 [myid:1] - DEBUG [ProcessThread(sid:0 cport:2181)::PrepRequestProcessor@300] - Client credentials: ['ip,'172.18.0.2
, 'digest,'pat:KDzjoQ5VTKQfcjheJHwntPTKiXc=
]
2026-08-18 07:03:43,463 [myid:1] - DEBUG [ProcessThread(sid:0 cport:2181)::SessionTrackerImpl@296] - Checking session 0x10013915d9b0000
2026-08-18 07:03:43,463 [myid:1] - DEBUG [ProcessThread(sid:0 cport:2181)::PrepRequestProcessor@963] - Processing ACL: 31,s{'auth,}

2026-08-18 07:03:43,463 [myid:1] - DEBUG [ProcessThread(sid:0 cport:2181)::PrepRequestProcessor@298] - Permission requested: 4 
2026-08-18 07:03:43,463 [myid:1] - DEBUG [ProcessThread(sid:0 cport:2181)::PrepRequestProcessor@299] - ACLs for node: [31,s{'world,'anyone}
]
2026-08-18 07:03:43,463 [myid:1] - DEBUG [ProcessThread(sid:0 cport:2181)::PrepRequestProcessor@300] - Client credentials: ['ip,'172.18.0.2
, 'digest,'pat:KDzjoQ5VTKQfcjheJHwntPTKiXc=
]
2026-08-18 07:03:43,463 [myid:1] - DEBUG [ProcessThread(sid:0 cport:2181)::SessionTrackerImpl@296] - Checking session 0x10013915d9b0000
2026-08-18 07:03:43,463 [myid:1] - DEBUG [ProcessThread(sid:0 cport:2181)::PrepRequestProcessor@963] - Processing ACL: 31,s{'auth,}

2026-08-18 07:03:43,463 [myid:1] - DEBUG [ProcessThread(sid:0 cport:2181)::PrepRequestProcessor@298] - Permission requested: 4 
2026-08-18 07:03:43,464 [myid:1] - DEBUG [ProcessThread(sid:0 cport:2181)::PrepRequestProcessor@299] - ACLs for node: [31,s{'world,'anyone}
]
2026-08-18 07:03:43,464 [myid:1] - DEBUG [ProcessThread(sid:0 cport:2181)::PrepRequestProcessor@300] - Client credentials: ['ip,'172.18.0.2
, 'digest,'pat:KDzjoQ5VTKQfcjheJHwntPTKiXc=
]
2026-08-18 07:03:43,464 [myid:1] - DEBUG [ProcessThread(sid:0 cport:2181)::SessionTrackerImpl@296] - Checking session 0x10013915d9b0000
2026-08-18 07:03:43,464 [myid:1] - DEBUG [ProcessThread(sid:0 cport:2181)::PrepRequestProcessor@963] - Processing ACL: 31,s{'auth,}

2026-08-18 07:03:43,464 [myid:1] - DEBUG [ProcessThread(sid:0 cport:2181)::PrepRequestProcessor@298] - Permission requested: 4 
2026-08-18 07:03:43,464 [myid:1] - DEBUG [ProcessThread(sid:0 cport:2181)::PrepRequestProcessor@299] - ACLs for node: [31,s{'world,'anyone}
]
2026-08-18 07:03:43,464 [myid:1] - DEBUG [ProcessThread(sid:0 cport:2181)::PrepRequestProcessor@300] - Client credentials: ['ip,'172.18.0.2
, 'digest,'pat:KDzjoQ5VTKQfcjheJHwntPTKiXc=
]
2026-08-18 07:03:43,464 [myid:1] - DEBUG [ProcessThread(sid:0 cport:2181)::SessionTrackerImpl@296] - Checking session 0x10013915d9b0000
2026-08-18 07:03:43,464 [myid:1] - DEBUG [ProcessThread(sid:0 cport:2181)::PrepRequestProcessor@963] - Processing ACL: 31,s{'auth,}

2026-08-18 07:03:43,464 [myid:1] - DEBUG [ProcessThread(sid:0 cport:2181)::PrepRequestProcessor@298] - Permission requested: 4 
2026-08-18 07:03:43,464 [myid:1] - DEBUG [ProcessThread(sid:0 cport:2181)::PrepRequestProcessor@299] - ACLs for node: [31,s{'world,'anyone}
]
2026-08-18 07:03:43,465 [myid:1] - DEBUG [ProcessThread(sid:0 cport:2181)::PrepRequestProcessor@300] - Client credentials: ['ip,'172.18.0.2
, 'digest,'pat:KDzjoQ5VTKQfcjheJHwntPTKiXc=
]
2026-08-18 07:03:43,465 [myid:1] - DEBUG [ProcessThread(sid:0 cport:2181)::SessionTrackerImpl@296] - Checking session 0x10013915d9b0000
2026-08-18 07:03:43,465 [myid:1] - DEBUG [ProcessThread(sid:0 cport:2181)::PrepRequestProcessor@963] - Processing ACL: 31,s{'auth,}

2026-08-18 07:03:43,465 [myid:1] - DEBUG [ProcessThread(sid:0 cport:2181)::PrepRequestProcessor@298] - Permission requested: 4 
2026-08-18 07:03:43,465 [myid:1] - DEBUG [ProcessThread(sid:0 cport:2181)::PrepRequestProcessor@299] - ACLs for node: [31,s{'world,'anyone}
]
2026-08-18 07:03:43,465 [myid:1] - DEBUG [ProcessThread(sid:0 cport:2181)::PrepRequestProcessor@300] - Client credentials: ['ip,'172.18.0.2
, 'digest,'pat:KDzjoQ5VTKQfcjheJHwntPTKiXc=
]
2026-08-18 07:03:43,465 [myid:1] - DEBUG [ProcessThread(sid:0 cport:2181)::SessionTrackerImpl@296] - Checking session 0x10013915d9b0000
2026-08-18 07:03:43,465 [myid:1] - DEBUG [ProcessThread(sid:0 cport:2181)::PrepRequestProcessor@963] - Processing ACL: 31,s{'auth,}

2026-08-18 07:03:43,465 [myid:1] - DEBUG [ProcessThread(sid:0 cport:2181)::PrepRequestProcessor@298] - Permission requested: 4 
2026-08-18 07:03:43,465 [myid:1] - DEBUG [ProcessThread(sid:0 cport:2181)::PrepRequestProcessor@299] - ACLs for node: [31,s{'world,'anyone}
]
2026-08-18 07:03:43,465 [myid:1] - DEBUG [ProcessThread(sid:0 cport:2181)::PrepRequestProcessor@300] - Client credentials: ['ip,'172.18.0.2
, 'digest,'pat:KDzjoQ5VTKQfcjheJHwntPTKiXc=
]
2026-08-18 07:03:43,465 [myid:1] - DEBUG [ProcessThread(sid:0 cport:2181)::SessionTrackerImpl@296] - Checking session 0x10013915d9b0000
2026-08-18 07:03:43,466 [myid:1] - DEBUG [ProcessThread(sid:0 cport:2181)::PrepRequestProcessor@963] - Processing ACL: 31,s{'auth,}

2026-08-18 07:03:43,466 [myid:1] - DEBUG [ProcessThread(sid:0 cport:2181)::PrepRequestProcessor@298] - Permission requested: 4 
2026-08-18 07:03:43,466 [myid:1] - DEBUG [ProcessThread(sid:0 cport:2181)::PrepRequestProcessor@299] - ACLs for node: [31,s{'world,'anyone}
]
2026-08-18 07:03:43,466 [myid:1] - DEBUG [ProcessThread(sid:0 cport:2181)::PrepRequestProcessor@300] - Client credentials: ['ip,'172.18.0.2
, 'digest,'pat:KDzjoQ5VTKQfcjheJHwntPTKiXc=
]
2026-08-18 07:03:43,466 [myid:1] - DEBUG [ProcessThread(sid:0 cport:2181)::SessionTrackerImpl@296] - Checking session 0x10013915d9b0000
2026-08-18 07:03:43,466 [myid:1] - DEBUG [ProcessThread(sid:0 cport:2181)::PrepRequestProcessor@963] - Processing ACL: 31,s{'auth,}

2026-08-18 07:03:43,466 [myid:1] - DEBUG [ProcessThread(sid:0 cport:2181)::PrepRequestProcessor@298] - Permission requested: 4 
2026-08-18 07:03:43,466 [myid:1] - DEBUG [ProcessThread(sid:0 cport:2181)::PrepRequestProcessor@299] - ACLs for node: [31,s{'world,'anyone}
]
2026-08-18 07:03:43,466 [myid:1] - DEBUG [ProcessThread(sid:0 cport:2181)::PrepRequestProcessor@300] - Client credentials: ['ip,'172.18.0.2
, 'digest,'pat:KDzjoQ5VTKQfcjheJHwntPTKiXc=
]
2026-08-18 07:03:43,466 [myid:1] - DEBUG [ProcessThread(sid:0 cport:2181)::SessionTrackerImpl@296] - Checking session 0x10013915d9b0000
2026-08-18 07:03:43,466 [myid:1] - DEBUG [ProcessThread(sid:0 cport:2181)::PrepRequestProcessor@963] - Processing ACL: 31,s{'auth,}

2026-08-18 07:03:43,466 [myid:1] - DEBUG [ProcessThread(sid:0 cport:2181)::PrepRequestProcessor@298] - Permission requested: 4 
2026-08-18 07:03:43,466 [myid:1] - DEBUG [ProcessThread(sid:0 cport:2181)::PrepRequestProcessor@299] - ACLs for node: [31,s{'world,'anyone}
]
2026-08-18 07:03:43,466 [myid:1] - DEBUG [ProcessThread(sid:0 cport:2181)::PrepRequestProcessor@300] - Client credentials: ['ip,'172.18.0.2
, 'digest,'pat:KDzjoQ5VTKQfcjheJHwntPTKiXc=
]
2026-08-18 07:03:43,467 [myid:1] - DEBUG [ProcessThread(sid:0 cport:2181)::SessionTrackerImpl@296] - Checking session 0x10013915d9b0000
2026-08-18 07:03:43,467 [myid:1] - DEBUG [ProcessThread(sid:0 cport:2181)::PrepRequestProcessor@963] - Processing ACL: 31,s{'auth,}

2026-08-18 07:03:43,467 [myid:1] - DEBUG [ProcessThread(sid:0 cport:2181)::PrepRequestProcessor@298] - Permission requested: 4 
2026-08-18 07:03:43,467 [myid:1] - DEBUG [ProcessThread(sid:0 cport:2181)::PrepRequestProcessor@299] - ACLs for node: [31,s{'world,'anyone}
]
2026-08-18 07:03:43,467 [myid:1] - DEBUG [ProcessThread(sid:0 cport:2181)::PrepRequestProcessor@300] - Client credentials: ['ip,'172.18.0.2
, 'digest,'pat:KDzjoQ5VTKQfcjheJHwntPTKiXc=
]
2026-08-18 07:03:43,467 [myid:1] - DEBUG [ProcessThread(sid:0 cport:2181)::SessionTrackerImpl@296] - Checking session 0x10013915d9b0000
2026-08-18 07:03:43,467 [myid:1] - DEBUG [ProcessThread(sid:0 cport:2181)::PrepRequestProcessor@963] - Processing ACL: 31,s{'auth,}

2026-08-18 07:03:43,467 [myid:1] - DEBUG [ProcessThread(sid:0 cport:2181)::PrepRequestProcessor@298] - Permission requested: 4 
2026-08-18 07:03:43,467 [myid:1] - DEBUG [ProcessThread(sid:0 cport:2181)::PrepRequestProcessor@299] - ACLs for node: [31,s{'world,'anyone}
]
2026-08-18 07:03:43,467 [myid:1] - DEBUG [ProcessThread(sid:0 cport:2181)::PrepRequestProcessor@300] - Client credentials: ['ip,'172.18.0.2
, 'digest,'pat:KDzjoQ5VTKQfcjheJHwntPTKiXc=
]
2026-08-18 07:03:43,467 [myid:1] - DEBUG [ProcessThread(sid:0 cport:2181)::SessionTrackerImpl@296] - Checking session 0x10013915d9b0000
2026-08-18 07:03:43,467 [myid:1] - DEBUG [ProcessThread(sid:0 cport:2181)::PrepRequestProcessor@963] - Processing ACL: 31,s{'auth,}

2026-08-18 07:03:43,467 [myid:1] - DEBUG [ProcessThread(sid:0 cport:2181)::PrepRequestProcessor@298] - Permission requested: 4 
2026-08-18 07:03:43,467 [myid:1] - DEBUG [ProcessThread(sid:0 cport:2181)::PrepRequestProcessor@299] - ACLs for node: [31,s{'world,'anyone}
]
2026-08-18 07:03:43,468 [myid:1] - DEBUG [ProcessThread(sid:0 cport:2181)::PrepRequestProcessor@300] - Client credentials: ['ip,'172.18.0.2
, 'digest,'pat:KDzjoQ5VTKQfcjheJHwntPTKiXc=
]
2026-08-18 07:03:43,468 [myid:1] - DEBUG [ProcessThread(sid:0 cport:2181)::SessionTrackerImpl@296] - Checking session 0x10013915d9b0000
2026-08-18 07:03:43,468 [myid:1] - DEBUG [ProcessThread(sid:0 cport:2181)::PrepRequestProcessor@963] - Processing ACL: 31,s{'auth,}

2026-08-18 07:03:43,468 [myid:1] - DEBUG [ProcessThread(sid:0 cport:2181)::PrepRequestProcessor@298] - Permission requested: 4 
2026-08-18 07:03:43,468 [myid:1] - DEBUG [ProcessThread(sid:0 cport:2181)::PrepRequestProcessor@299] - ACLs for node: [31,s{'world,'anyone}
]
2026-08-18 07:03:43,468 [myid:1] - DEBUG [ProcessThread(sid:0 cport:2181)::PrepRequestProcessor@300] - Client credentials: ['ip,'172.18.0.2
, 'digest,'pat:KDzjoQ5VTKQfcjheJHwntPTKiXc=
]
2026-08-18 07:03:43,468 [myid:1] - DEBUG [ProcessThread(sid:0 cport:2181)::SessionTrackerImpl@296] - Checking session 0x10013915d9b0000
2026-08-18 07:03:43,468 [myid:1] - DEBUG [ProcessThread(sid:0 cport:2181)::PrepRequestProcessor@963] - Processing ACL: 31,s{'auth,}

2026-08-18 07:03:43,468 [myid:1] - DEBUG [ProcessThread(sid:0 cport:2181)::PrepRequestProcessor@298] - Permission requested: 4 
2026-08-18 07:03:43,468 [myid:1] - DEBUG [ProcessThread(sid:0 cport:2181)::PrepRequestProcessor@299] - ACLs for node: [31,s{'world,'anyone}
]
2026-08-18 07:03:43,468 [myid:1] - DEBUG [ProcessThread(sid:0 cport:2181)::PrepRequestProcessor@300] - Client credentials: ['ip,'172.18.0.2
, 'digest,'pat:KDzjoQ5VTKQfcjheJHwntPTKiXc=
]
2026-08-18 07:03:43,468 [myid:1] - DEBUG [ProcessThread(sid:0 cport:2181)::SessionTrackerImpl@296] - Checking session 0x10013915d9b0000
2026-08-18 07:03:43,468 [myid:1] - DEBUG [ProcessThread(sid:0 cport:2181)::PrepRequestProcessor@963] - Processing ACL: 31,s{'auth,}

2026-08-18 07:03:43,469 [myid:1] - DEBUG [ProcessThread(sid:0 cport:2181)::PrepRequestProcessor@298] - Permission requested: 4 
2026-08-18 07:03:43,469 [myid:1] - DEBUG [ProcessThread(sid:0 cport:2181)::PrepRequestProcessor@299] - ACLs for node: [31,s{'world,'anyone}
]
2026-08-18 07:03:43,469 [myid:1] - DEBUG [ProcessThread(sid:0 cport:2181)::PrepRequestProcessor@300] - Client credentials: ['ip,'172.18.0.2
, 'digest,'pat:KDzjoQ5VTKQfcjheJHwntPTKiXc=
]
2026-08-18 07:03:43,469 [myid:1] - DEBUG [ProcessThread(sid:0 cport:2181)::SessionTrackerImpl@296] - Checking session 0x10013915d9b0000
2026-08-18 07:03:43,469 [myid:1] - DEBUG [ProcessThread(sid:0 cport:2181)::PrepRequestProcessor@963] - Processing ACL: 31,s{'auth,}

2026-08-18 07:03:43,469 [myid:1] - DEBUG [ProcessThread(sid:0 cport:2181)::PrepRequestProcessor@298] - Permission requested: 4 
2026-08-18 07:03:43,469 [myid:1] - DEBUG [ProcessThread(sid:0 cport:2181)::PrepRequestProcessor@299] - ACLs for node: [31,s{'world,'anyone}
]
2026-08-18 07:03:43,469 [myid:1] - DEBUG [ProcessThread(sid:0 cport:2181)::PrepRequestProcessor@300] - Client credentials: ['ip,'172.18.0.2
, 'digest,'pat:KDzjoQ5VTKQfcjheJHwntPTKiXc=
]
2026-08-18 07:03:43,469 [myid:1] - DEBUG [ProcessThread(sid:0 cport:2181)::SessionTrackerImpl@296] - Checking session 0x10013915d9b0000
2026-08-18 07:03:43,469 [myid:1] - DEBUG [ProcessThread(sid:0 cport:2181)::PrepRequestProcessor@963] - Processing ACL: 31,s{'auth,}

2026-08-18 07:03:43,469 [myid:1] - DEBUG [ProcessThread(sid:0 cport:2181)::PrepRequestProcessor@298] - Permission requested: 4 
2026-08-18 07:03:43,469 [myid:1] - DEBUG [ProcessThread(sid:0 cport:2181)::PrepRequestProcessor@299] - ACLs for node: [31,s{'world,'anyone}
]
2026-08-18 07:03:43,469 [myid:1] - DEBUG [ProcessThread(sid:0 cport:2181)::PrepRequestProcessor@300] - Client credentials: ['ip,'172.18.0.2
, 'digest,'pat:KDzjoQ5VTKQfcjheJHwntPTKiXc=
]
2026-08-18 07:03:43,469 [myid:1] - DEBUG [ProcessThread(sid:0 cport:2181)::SessionTrackerImpl@296] - Checking session 0x10013915d9b0000
2026-08-18 07:03:43,470 [myid:1] - DEBUG [ProcessThread(sid:0 cport:2181)::PrepRequestProcessor@963] - Processing ACL: 31,s{'auth,}

2026-08-18 07:03:43,470 [myid:1] - DEBUG [ProcessThread(sid:0 cport:2181)::PrepRequestProcessor@298] - Permission requested: 4 
2026-08-18 07:03:43,470 [myid:1] - DEBUG [ProcessThread(sid:0 cport:2181)::PrepRequestProcessor@299] - ACLs for node: [31,s{'world,'anyone}
]
2026-08-18 07:03:43,470 [myid:1] - DEBUG [ProcessThread(sid:0 cport:2181)::PrepRequestProcessor@300] - Client credentials: ['ip,'172.18.0.2
, 'digest,'pat:KDzjoQ5VTKQfcjheJHwntPTKiXc=
]
2026-08-18 07:03:43,470 [myid:1] - DEBUG [ProcessThread(sid:0 cport:2181)::SessionTrackerImpl@296] - Checking session 0x10013915d9b0000
2026-08-18 07:03:43,470 [myid:1] - DEBUG [ProcessThread(sid:0 cport:2181)::PrepRequestProcessor@963] - Processing ACL: 31,s{'auth,}

2026-08-18 07:03:43,470 [myid:1] - DEBUG [ProcessThread(sid:0 cport:2181)::PrepRequestProcessor@298] - Permission requested: 4 
2026-08-18 07:03:43,470 [myid:1] - DEBUG [ProcessThread(sid:0 cport:2181)::PrepRequestProcessor@299] - ACLs for node: [31,s{'world,'anyone}
]
2026-08-18 07:03:43,470 [myid:1] - DEBUG [ProcessThread(sid:0 cport:2181)::PrepRequestProcessor@300] - Client credentials: ['ip,'172.18.0.2
, 'digest,'pat:KDzjoQ5VTKQfcjheJHwntPTKiXc=
]
2026-08-18 07:03:43,470 [myid:1] - DEBUG [ProcessThread(sid:0 cport:2181)::SessionTrackerImpl@296] - Checking session 0x10013915d9b0000
2026-08-18 07:03:43,470 [myid:1] - DEBUG [ProcessThread(sid:0 cport:2181)::PrepRequestProcessor@963] - Processing ACL: 31,s{'auth,}

2026-08-18 07:03:43,470 [myid:1] - DEBUG [ProcessThread(sid:0 cport:2181)::PrepRequestProcessor@298] - Permission requested: 4 
2026-08-18 07:03:43,470 [myid:1] - DEBUG [ProcessThread(sid:0 cport:2181)::PrepRequestProcessor@299] - ACLs for node: [31,s{'world,'anyone}
]
2026-08-18 07:03:43,470 [myid:1] - DEBUG [ProcessThread(sid:0 cport:2181)::PrepRequestProcessor@300] - Client credentials: ['ip,'172.18.0.2
, 'digest,'pat:KDzjoQ5VTKQfcjheJHwntPTKiXc=
]
2026-08-18 07:03:43,470 [myid:1] - DEBUG [ProcessThread(sid:0 cport:2181)::SessionTrackerImpl@296] - Checking session 0x10013915d9b0000
2026-08-18 07:03:43,470 [myid:1] - DEBUG [ProcessThread(sid:0 cport:2181)::PrepRequestProcessor@963] - Processing ACL: 31,s{'auth,}

2026-08-18 07:03:43,471 [myid:1] - DEBUG [ProcessThread(sid:0 cport:2181)::PrepRequestProcessor@298] - Permission requested: 4 
2026-08-18 07:03:43,471 [myid:1] - DEBUG [ProcessThread(sid:0 cport:2181)::PrepRequestProcessor@299] - ACLs for node: [31,s{'world,'anyone}
]
2026-08-18 07:03:43,471 [myid:1] - DEBUG [ProcessThread(sid:0 cport:2181)::PrepRequestProcessor@300] - Client credentials: ['ip,'172.18.0.2
, 'digest,'pat:KDzjoQ5VTKQfcjheJHwntPTKiXc=
]
2026-08-18 07:03:43,471 [myid:1] - DEBUG [ProcessThread(sid:0 cport:2181)::SessionTrackerImpl@296] - Checking session 0x10013915d9b0000
2026-08-18 07:03:43,471 [myid:1] - DEBUG [ProcessThread(sid:0 cport:2181)::PrepRequestProcessor@963] - Processing ACL: 31,s{'auth,}

2026-08-18 07:03:43,471 [myid:1] - DEBUG [ProcessThread(sid:0 cport:2181)::PrepRequestProcessor@298] - Permission requested: 4 
2026-08-18 07:03:43,471 [myid:1] - DEBUG [ProcessThread(sid:0 cport:2181)::PrepRequestProcessor@299] - ACLs for node: [31,s{'world,'anyone}
]
2026-08-18 07:03:43,471 [myid:1] - DEBUG [ProcessThread(sid:0 cport:2181)::PrepRequestProcessor@300] - Client credentials: ['ip,'172.18.0.2
, 'digest,'pat:KDzjoQ5VTKQfcjheJHwntPTKiXc=
]
2026-08-18 07:03:43,471 [myid:1] - DEBUG [ProcessThread(sid:0 cport:2181)::SessionTrackerImpl@296] - Checking session 0x10013915d9b0000
2026-08-18 07:03:43,471 [myid:1] - DEBUG [ProcessThread(sid:0 cport:2181)::PrepRequestProcessor@963] - Processing ACL: 31,s{'auth,}

2026-08-18 07:03:43,471 [myid:1] - DEBUG [ProcessThread(sid:0 cport:2181)::PrepRequestProcessor@298] - Permission requested: 4 
2026-08-18 07:03:43,471 [myid:1] - DEBUG [ProcessThread(sid:0 cport:2181)::PrepRequestProcessor@299] - ACLs for node: [31,s{'world,'anyone}
]
2026-08-18 07:03:43,471 [myid:1] - DEBUG [ProcessThread(sid:0 cport:2181)::PrepRequestProcessor@300] - Client credentials: ['ip,'172.18.0.2
, 'digest,'pat:KDzjoQ5VTKQfcjheJHwntPTKiXc=
]
2026-08-18 07:03:43,471 [myid:1] - DEBUG [ProcessThread(sid:0 cport:2181)::SessionTrackerImpl@296] - Checking session 0x10013915d9b0000
2026-08-18 07:03:43,472 [myid:1] - DEBUG [ProcessThread(sid:0 cport:2181)::PrepRequestProcessor@963] - Processing ACL: 31,s{'auth,}

2026-08-18 07:03:43,472 [myid:1] - DEBUG [ProcessThread(sid:0 cport:2181)::PrepRequestProcessor@298] - Permission requested: 4 
2026-08-18 07:03:43,472 [myid:1] - DEBUG [ProcessThread(sid:0 cport:2181)::PrepRequestProcessor@299] - ACLs for node: [31,s{'world,'anyone}
]
2026-08-18 07:03:43,472 [myid:1] - DEBUG [ProcessThread(sid:0 cport:2181)::PrepRequestProcessor@300] - Client credentials: ['ip,'172.18.0.2
, 'digest,'pat:KDzjoQ5VTKQfcjheJHwntPTKiXc=
]
2026-08-18 07:03:43,472 [myid:1] - DEBUG [ProcessThread(sid:0 cport:2181)::SessionTrackerImpl@296] - Checking session 0x10013915d9b0000
2026-08-18 07:03:43,472 [myid:1] - DEBUG [ProcessThread(sid:0 cport:2181)::PrepRequestProcessor@963] - Processing ACL: 31,s{'auth,}

2026-08-18 07:03:43,472 [myid:1] - DEBUG [ProcessThread(sid:0 cport:2181)::PrepRequestProcessor@298] - Permission requested: 4 
2026-08-18 07:03:43,472 [myid:1] - DEBUG [ProcessThread(sid:0 cport:2181)::PrepRequestProcessor@299] - ACLs for node: [31,s{'world,'anyone}
]
2026-08-18 07:03:43,472 [myid:1] - DEBUG [ProcessThread(sid:0 cport:2181)::PrepRequestProcessor@300] - Client credentials: ['ip,'172.18.0.2
, 'digest,'pat:KDzjoQ5VTKQfcjheJHwntPTKiXc=
]
2026-08-18 07:03:43,472 [myid:1] - DEBUG [ProcessThread(sid:0 cport:2181)::SessionTrackerImpl@296] - Checking session 0x10013915d9b0000
2026-08-18 07:03:43,472 [myid:1] - DEBUG [ProcessThread(sid:0 cport:2181)::PrepRequestProcessor@963] - Processing ACL: 31,s{'auth,}

2026-08-18 07:03:43,472 [myid:1] - DEBUG [ProcessThread(sid:0 cport:2181)::PrepRequestProcessor@298] - Permission requested: 4 
2026-08-18 07:03:43,472 [myid:1] - DEBUG [ProcessThread(sid:0 cport:2181)::PrepRequestProcessor@299] - ACLs for node: [31,s{'world,'anyone}
]
2026-08-18 07:03:43,472 [myid:1] - DEBUG [ProcessThread(sid:0 cport:2181)::PrepRequestProcessor@300] - Client credentials: ['ip,'172.18.0.2
, 'digest,'pat:KDzjoQ5VTKQfcjheJHwntPTKiXc=
]
2026-08-18 07:03:43,472 [myid:1] - DEBUG [ProcessThread(sid:0 cport:2181)::SessionTrackerImpl@296] - Checking session 0x10013915d9b0000
2026-08-18 07:03:43,472 [myid:1] - DEBUG [ProcessThread(sid:0 cport:2181)::PrepRequestProcessor@963] - Processing ACL: 31,s{'auth,}

2026-08-18 07:03:43,472 [myid:1] - DEBUG [ProcessThread(sid:0 cport:2181)::PrepRequestProcessor@298] - Permission requested: 4 
2026-08-18 07:03:43,472 [myid:1] - DEBUG [ProcessThread(sid:0 cport:2181)::PrepRequestProcessor@299] - ACLs for node: [31,s{'world,'anyone}
]
2026-08-18 07:03:43,473 [myid:1] - DEBUG [ProcessThread(sid:0 cport:2181)::PrepRequestProcessor@300] - Client credentials: ['ip,'172.18.0.2
, 'digest,'pat:KDzjoQ5VTKQfcjheJHwntPTKiXc=
]
2026-08-18 07:03:43,473 [myid:1] - DEBUG [ProcessThread(sid:0 cport:2181)::SessionTrackerImpl@296] - Checking session 0x10013915d9b0000
2026-08-18 07:03:43,473 [myid:1] - DEBUG [ProcessThread(sid:0 cport:2181)::PrepRequestProcessor@963] - Processing ACL: 31,s{'auth,}

2026-08-18 07:03:43,473 [myid:1] - DEBUG [ProcessThread(sid:0 cport:2181)::PrepRequestProcessor@298] - Permission requested: 4 
2026-08-18 07:03:43,473 [myid:1] - DEBUG [ProcessThread(sid:0 cport:2181)::PrepRequestProcessor@299] - ACLs for node: [31,s{'world,'anyone}
]
2026-08-18 07:03:43,473 [myid:1] - DEBUG [ProcessThread(sid:0 cport:2181)::PrepRequestProcessor@300] - Client credentials: ['ip,'172.18.0.2
, 'digest,'pat:KDzjoQ5VTKQfcjheJHwntPTKiXc=
]
2026-08-18 07:03:43,473 [myid:1] - DEBUG [ProcessThread(sid:0 cport:2181)::SessionTrackerImpl@296] - Checking session 0x10013915d9b0000
2026-08-18 07:03:43,473 [myid:1] - DEBUG [ProcessThread(sid:0 cport:2181)::PrepRequestProcessor@963] - Processing ACL: 31,s{'auth,}

2026-08-18 07:03:43,473 [myid:1] - DEBUG [ProcessThread(sid:0 cport:2181)::PrepRequestProcessor@298] - Permission requested: 4 
2026-08-18 07:03:43,473 [myid:1] - DEBUG [ProcessThread(sid:0 cport:2181)::PrepRequestProcessor@299] - ACLs for node: [31,s{'world,'anyone}
]
2026-08-18 07:03:43,473 [myid:1] - DEBUG [ProcessThread(sid:0 cport:2181)::PrepRequestProcessor@300] - Client credentials: ['ip,'172.18.0.2
, 'digest,'pat:KDzjoQ5VTKQfcjheJHwntPTKiXc=
]
2026-08-18 07:03:43,473 [myid:1] - DEBUG [ProcessThread(sid:0 cport:2181)::SessionTrackerImpl@296] - Checking session 0x10013915d9b0000
2026-08-18 07:03:43,473 [myid:1] - DEBUG [ProcessThread(sid:0 cport:2181)::PrepRequestProcessor@963] - Processing ACL: 31,s{'auth,}

2026-08-18 07:03:43,473 [myid:1] - DEBUG [ProcessThread(sid:0 cport:2181)::PrepRequestProcessor@298] - Permission requested: 4 
2026-08-18 07:03:43,473 [myid:1] - DEBUG [ProcessThread(sid:0 cport:2181)::PrepRequestProcessor@299] - ACLs for node: [31,s{'world,'anyone}
]
2026-08-18 07:03:43,473 [myid:1] - DEBUG [ProcessThread(sid:0 cport:2181)::PrepRequestProcessor@300] - Client credentials: ['ip,'172.18.0.2
, 'digest,'pat:KDzjoQ5VTKQfcjheJHwntPTKiXc=
]
2026-08-18 07:03:43,474 [myid:1] - DEBUG [ProcessThread(sid:0 cport:2181)::SessionTrackerImpl@296] - Checking session 0x10013915d9b0000
2026-08-18 07:03:43,474 [myid:1] - DEBUG [ProcessThread(sid:0 cport:2181)::PrepRequestProcessor@963] - Processing ACL: 31,s{'auth,}

2026-08-18 07:03:43,474 [myid:1] - DEBUG [ProcessThread(sid:0 cport:2181)::PrepRequestProcessor@298] - Permission requested: 4 
2026-08-18 07:03:43,474 [myid:1] - DEBUG [ProcessThread(sid:0 cport:2181)::PrepRequestProcessor@299] - ACLs for node: [31,s{'world,'anyone}
]
2026-08-18 07:03:43,474 [myid:1] - DEBUG [ProcessThread(sid:0 cport:2181)::PrepRequestProcessor@300] - Client credentials: ['ip,'172.18.0.2
, 'digest,'pat:KDzjoQ5VTKQfcjheJHwntPTKiXc=
]
2026-08-18 07:03:43,474 [myid:1] - DEBUG [ProcessThread(sid:0 cport:2181)::SessionTrackerImpl@296] - Checking session 0x10013915d9b0000
2026-08-18 07:03:43,474 [myid:1] - DEBUG [ProcessThread(sid:0 cport:2181)::PrepRequestProcessor@963] - Processing ACL: 31,s{'auth,}

2026-08-18 07:03:43,474 [myid:1] - DEBUG [ProcessThread(sid:0 cport:2181)::PrepRequestProcessor@298] - Permission requested: 4 
2026-08-18 07:03:43,474 [myid:1] - DEBUG [ProcessThread(sid:0 cport:2181)::PrepRequestProcessor@299] - ACLs for node: [31,s{'world,'anyone}
]
2026-08-18 07:03:43,474 [myid:1] - DEBUG [ProcessThread(sid:0 cport:2181)::PrepRequestProcessor@300] - Client credentials: ['ip,'172.18.0.2
, 'digest,'pat:KDzjoQ5VTKQfcjheJHwntPTKiXc=
]
2026-08-18 07:03:43,474 [myid:1] - DEBUG [ProcessThread(sid:0 cport:2181)::SessionTrackerImpl@296] - Checking session 0x10013915d9b0000
2026-08-18 07:03:43,474 [myid:1] - DEBUG [ProcessThread(sid:0 cport:2181)::PrepRequestProcessor@963] - Processing ACL: 31,s{'auth,}

2026-08-18 07:03:43,475 [myid:1] - DEBUG [ProcessThread(sid:0 cport:2181)::PrepRequestProcessor@298] - Permission requested: 4 
2026-08-18 07:03:43,475 [myid:1] - DEBUG [ProcessThread(sid:0 cport:2181)::PrepRequestProcessor@299] - ACLs for node: [31,s{'world,'anyone}
]
2026-08-18 07:03:43,475 [myid:1] - DEBUG [ProcessThread(sid:0 cport:2181)::PrepRequestProcessor@300] - Client credentials: ['ip,'172.18.0.2
, 'digest,'pat:KDzjoQ5VTKQfcjheJHwntPTKiXc=
]
2026-08-18 07:03:43,475 [myid:1] - DEBUG [ProcessThread(sid:0 cport:2181)::SessionTrackerImpl@296] - Checking session 0x10013915d9b0000
2026-08-18 07:03:43,475 [myid:1] - DEBUG [ProcessThread(sid:0 cport:2181)::PrepRequestProcessor@963] - Processing ACL: 31,s{'auth,}

2026-08-18 07:03:43,475 [myid:1] - DEBUG [ProcessThread(sid:0 cport:2181)::PrepRequestProcessor@298] - Permission requested: 4 
2026-08-18 07:03:43,475 [myid:1] - DEBUG [ProcessThread(sid:0 cport:2181)::PrepRequestProcessor@299] - ACLs for node: [31,s{'world,'anyone}
]
2026-08-18 07:03:43,475 [myid:1] - DEBUG [ProcessThread(sid:0 cport:2181)::PrepRequestProcessor@300] - Client credentials: ['ip,'172.18.0.2
, 'digest,'pat:KDzjoQ5VTKQfcjheJHwntPTKiXc=
]
2026-08-18 07:03:43,475 [myid:1] - DEBUG [ProcessThread(sid:0 cport:2181)::SessionTrackerImpl@296] - Checking session 0x10013915d9b0000
2026-08-18 07:03:43,475 [myid:1] - DEBUG [ProcessThread(sid:0 cport:2181)::PrepRequestProcessor@963] - Processing ACL: 31,s{'auth,}

2026-08-18 07:03:43,475 [myid:1] - DEBUG [ProcessThread(sid:0 cport:2181)::PrepRequestProcessor@298] - Permission requested: 4 
2026-08-18 07:03:43,475 [myid:1] - DEBUG [ProcessThread(sid:0 cport:2181)::PrepRequestProcessor@299] - ACLs for node: [31,s{'world,'anyone}
]
2026-08-18 07:03:43,475 [myid:1] - DEBUG [ProcessThread(sid:0 cport:2181)::PrepRequestProcessor@300] - Client credentials: ['ip,'172.18.0.2
, 'digest,'pat:KDzjoQ5VTKQfcjheJHwntPTKiXc=
]
2026-08-18 07:03:43,475 [myid:1] - DEBUG [ProcessThread(sid:0 cport:2181)::SessionTrackerImpl@296] - Checking session 0x10013915d9b0000
2026-08-18 07:03:43,475 [myid:1] - DEBUG [ProcessThread(sid:0 cport:2181)::PrepRequestProcessor@963] - Processing ACL: 31,s{'auth,}

2026-08-18 07:03:43,475 [myid:1] - DEBUG [ProcessThread(sid:0 cport:2181)::PrepRequestProcessor@298] - Permission requested: 4 
2026-08-18 07:03:43,475 [myid:1] - DEBUG [ProcessThread(sid:0 cport:2181)::PrepRequestProcessor@299] - ACLs for node: [31,s{'world,'anyone}
]
2026-08-18 07:03:43,476 [myid:1] - DEBUG [ProcessThread(sid:0 cport:2181)::PrepRequestProcessor@300] - Client credentials: ['ip,'172.18.0.2
, 'digest,'pat:KDzjoQ5VTKQfcjheJHwntPTKiXc=
]
2026-08-18 07:03:43,476 [myid:1] - DEBUG [ProcessThread(sid:0 cport:2181)::SessionTrackerImpl@296] - Checking session 0x10013915d9b0000
2026-08-18 07:03:43,476 [myid:1] - DEBUG [ProcessThread(sid:0 cport:2181)::PrepRequestProcessor@963] - Processing ACL: 31,s{'auth,}

2026-08-18 07:03:43,476 [myid:1] - DEBUG [ProcessThread(sid:0 cport:2181)::PrepRequestProcessor@298] - Permission requested: 4 
2026-08-18 07:03:43,476 [myid:1] - DEBUG [ProcessThread(sid:0 cport:2181)::PrepRequestProcessor@299] - ACLs for node: [31,s{'world,'anyone}
]
2026-08-18 07:03:43,476 [myid:1] - DEBUG [ProcessThread(sid:0 cport:2181)::PrepRequestProcessor@300] - Client credentials: ['ip,'172.18.0.2
, 'digest,'pat:KDzjoQ5VTKQfcjheJHwntPTKiXc=
]
2026-08-18 07:03:43,476 [myid:1] - DEBUG [ProcessThread(sid:0 cport:2181)::SessionTrackerImpl@296] - Checking session 0x10013915d9b0000
2026-08-18 07:03:43,476 [myid:1] - DEBUG [ProcessThread(sid:0 cport:2181)::PrepRequestProcessor@963] - Processing ACL: 31,s{'auth,}

2026-08-18 07:03:43,476 [myid:1] - DEBUG [ProcessThread(sid:0 cport:2181)::PrepRequestProcessor@298] - Permission requested: 4 
2026-08-18 07:03:43,476 [myid:1] - DEBUG [ProcessThread(sid:0 cport:2181)::PrepRequestProcessor@299] - ACLs for node: [31,s{'world,'anyone}
]
2026-08-18 07:03:43,476 [myid:1] - DEBUG [ProcessThread(sid:0 cport:2181)::PrepRequestProcessor@300] - Client credentials: ['ip,'172.18.0.2
, 'digest,'pat:KDzjoQ5VTKQfcjheJHwntPTKiXc=
]
2026-08-18 07:03:43,476 [myid:1] - DEBUG [ProcessThread(sid:0 cport:2181)::SessionTrackerImpl@296] - Checking session 0x10013915d9b0000
2026-08-18 07:03:43,476 [myid:1] - DEBUG [ProcessThread(sid:0 cport:2181)::PrepRequestProcessor@963] - Processing ACL: 31,s{'auth,}

2026-08-18 07:03:43,476 [myid:1] - DEBUG [ProcessThread(sid:0 cport:2181)::PrepRequestProcessor@298] - Permission requested: 4 
2026-08-18 07:03:43,476 [myid:1] - DEBUG [ProcessThread(sid:0 cport:2181)::PrepRequestProcessor@299] - ACLs for node: [31,s{'world,'anyone}
]
2026-08-18 07:03:43,476 [myid:1] - DEBUG [ProcessThread(sid:0 cport:2181)::PrepRequestProcessor@300] - Client credentials: ['ip,'172.18.0.2
, 'digest,'pat:KDzjoQ5VTKQfcjheJHwntPTKiXc=
]
2026-08-18 07:03:43,476 [myid:1] - DEBUG [ProcessThread(sid:0 cport:2181)::SessionTrackerImpl@296] - Checking session 0x10013915d9b0000
2026-08-18 07:03:43,477 [myid:1] - DEBUG [ProcessThread(sid:0 cport:2181)::PrepRequestProcessor@963] - Processing ACL: 31,s{'auth,}

2026-08-18 07:03:43,477 [myid:1] - DEBUG [ProcessThread(sid:0 cport:2181)::PrepRequestProcessor@298] - Permission requested: 4 
2026-08-18 07:03:43,477 [myid:1] - DEBUG [ProcessThread(sid:0 cport:2181)::PrepRequestProcessor@299] - ACLs for node: [31,s{'world,'anyone}
]
2026-08-18 07:03:43,477 [myid:1] - DEBUG [ProcessThread(sid:0 cport:2181)::PrepRequestProcessor@300] - Client credentials: ['ip,'172.18.0.2
, 'digest,'pat:KDzjoQ5VTKQfcjheJHwntPTKiXc=
]
2026-08-18 07:03:43,477 [myid:1] - DEBUG [ProcessThread(sid:0 cport:2181)::SessionTrackerImpl@296] - Checking session 0x10013915d9b0000
2026-08-18 07:03:43,477 [myid:1] - DEBUG [ProcessThread(sid:0 cport:2181)::PrepRequestProcessor@963] - Processing ACL: 31,s{'auth,}

2026-08-18 07:03:43,477 [myid:1] - DEBUG [ProcessThread(sid:0 cport:2181)::PrepRequestProcessor@298] - Permission requested: 4 
2026-08-18 07:03:43,477 [myid:1] - DEBUG [ProcessThread(sid:0 cport:2181)::PrepRequestProcessor@299] - ACLs for node: [31,s{'world,'anyone}
]
2026-08-18 07:03:43,477 [myid:1] - DEBUG [ProcessThread(sid:0 cport:2181)::PrepRequestProcessor@300] - Client credentials: ['ip,'172.18.0.2
, 'digest,'pat:KDzjoQ5VTKQfcjheJHwntPTKiXc=
]
2026-08-18 07:03:43,477 [myid:1] - DEBUG [ProcessThread(sid:0 cport:2181)::SessionTrackerImpl@296] - Checking session 0x10013915d9b0000
2026-08-18 07:03:43,477 [myid:1] - DEBUG [ProcessThread(sid:0 cport:2181)::PrepRequestProcessor@963] - Processing ACL: 31,s{'auth,}

2026-08-18 07:03:43,477 [myid:1] - DEBUG [ProcessThread(sid:0 cport:2181)::PrepRequestProcessor@298] - Permission requested: 4 
2026-08-18 07:03:43,477 [myid:1] - DEBUG [ProcessThread(sid:0 cport:2181)::PrepRequestProcessor@299] - ACLs for node: [31,s{'world,'anyone}
]
2026-08-18 07:03:43,477 [myid:1] - DEBUG [ProcessThread(sid:0 cport:2181)::PrepRequestProcessor@300] - Client credentials: ['ip,'172.18.0.2
, 'digest,'pat:KDzjoQ5VTKQfcjheJHwntPTKiXc=
]
2026-08-18 07:03:43,477 [myid:1] - DEBUG [ProcessThread(sid:0 cport:2181)::SessionTrackerImpl@296] - Checking session 0x10013915d9b0000
2026-08-18 07:03:43,477 [myid:1] - DEBUG [ProcessThread(sid:0 cport:2181)::PrepRequestProcessor@963] - Processing ACL: 31,s{'auth,}

2026-08-18 07:03:43,478 [myid:1] - DEBUG [ProcessThread(sid:0 cport:2181)::PrepRequestProcessor@298] - Permission requested: 4 
2026-08-18 07:03:43,478 [myid:1] - DEBUG [ProcessThread(sid:0 cport:2181)::PrepRequestProcessor@299] - ACLs for node: [31,s{'world,'anyone}
]
2026-08-18 07:03:43,478 [myid:1] - DEBUG [ProcessThread(sid:0 cport:2181)::PrepRequestProcessor@300] - Client credentials: ['ip,'172.18.0.2
, 'digest,'pat:KDzjoQ5VTKQfcjheJHwntPTKiXc=
]
2026-08-18 07:03:43,478 [myid:1] - DEBUG [ProcessThread(sid:0 cport:2181)::SessionTrackerImpl@296] - Checking session 0x10013915d9b0000
2026-08-18 07:03:43,478 [myid:1] - DEBUG [ProcessThread(sid:0 cport:2181)::PrepRequestProcessor@963] - Processing ACL: 31,s{'auth,}

2026-08-18 07:03:43,478 [myid:1] - DEBUG [ProcessThread(sid:0 cport:2181)::PrepRequestProcessor@298] - Permission requested: 4 
2026-08-18 07:03:43,478 [myid:1] - DEBUG [ProcessThread(sid:0 cport:2181)::PrepRequestProcessor@299] - ACLs for node: [31,s{'world,'anyone}
]
2026-08-18 07:03:43,478 [myid:1] - DEBUG [ProcessThread(sid:0 cport:2181)::PrepRequestProcessor@300] - Client credentials: ['ip,'172.18.0.2
, 'digest,'pat:KDzjoQ5VTKQfcjheJHwntPTKiXc=
]
2026-08-18 07:03:43,478 [myid:1] - DEBUG [ProcessThread(sid:0 cport:2181)::SessionTrackerImpl@296] - Checking session 0x10013915d9b0000
2026-08-18 07:03:43,478 [myid:1] - DEBUG [ProcessThread(sid:0 cport:2181)::PrepRequestProcessor@963] - Processing ACL: 31,s{'auth,}

2026-08-18 07:03:43,478 [myid:1] - DEBUG [ProcessThread(sid:0 cport:2181)::PrepRequestProcessor@298] - Permission requested: 4 
2026-08-18 07:03:43,478 [myid:1] - DEBUG [ProcessThread(sid:0 cport:2181)::PrepRequestProcessor@299] - ACLs for node: [31,s{'world,'anyone}
]
2026-08-18 07:03:43,478 [myid:1] - DEBUG [ProcessThread(sid:0 cport:2181)::PrepRequestProcessor@300] - Client credentials: ['ip,'172.18.0.2
, 'digest,'pat:KDzjoQ5VTKQfcjheJHwntPTKiXc=
]
2026-08-18 07:03:43,478 [myid:1] - DEBUG [ProcessThread(sid:0 cport:2181)::SessionTrackerImpl@296] - Checking session 0x10013915d9b0000
2026-08-18 07:03:43,478 [myid:1] - DEBUG [ProcessThread(sid:0 cport:2181)::PrepRequestProcessor@963] - Processing ACL: 31,s{'auth,}

2026-08-18 07:03:43,478 [myid:1] - DEBUG [ProcessThread(sid:0 cport:2181)::PrepRequestProcessor@298] - Permission requested: 4 
2026-08-18 07:03:43,478 [myid:1] - DEBUG [ProcessThread(sid:0 cport:2181)::PrepRequestProcessor@299] - ACLs for node: [31,s{'world,'anyone}
]
2026-08-18 07:03:43,478 [myid:1] - DEBUG [ProcessThread(sid:0 cport:2181)::PrepRequestProcessor@300] - Client credentials: ['ip,'172.18.0.2
, 'digest,'pat:KDzjoQ5VTKQfcjheJHwntPTKiXc=
]
2026-08-18 07:03:43,478 [myid:1] - DEBUG [ProcessThread(sid:0 cport:2181)::SessionTrackerImpl@296] - Checking session 0x10013915d9b0000
2026-08-18 07:03:43,478 [myid:1] - DEBUG [ProcessThread(sid:0 cport:2181)::PrepRequestProcessor@963] - Processing ACL: 31,s{'auth,}

2026-08-18 07:03:43,478 [myid:1] - DEBUG [ProcessThread(sid:0 cport:2181)::PrepRequestProcessor@298] - Permission requested: 4 
2026-08-18 07:03:43,478 [myid:1] - DEBUG [ProcessThread(sid:0 cport:2181)::PrepRequestProcessor@299] - ACLs for node: [31,s{'world,'anyone}
]
2026-08-18 07:03:43,479 [myid:1] - DEBUG [ProcessThread(sid:0 cport:2181)::PrepRequestProcessor@300] - Client credentials: ['ip,'172.18.0.2
, 'digest,'pat:KDzjoQ5VTKQfcjheJHwntPTKiXc=
]
2026-08-18 07:03:43,479 [myid:1] - DEBUG [ProcessThread(sid:0 cport:2181)::SessionTrackerImpl@296] - Checking session 0x10013915d9b0000
2026-08-18 07:03:43,479 [myid:1] - DEBUG [ProcessThread(sid:0 cport:2181)::PrepRequestProcessor@963] - Processing ACL: 31,s{'auth,}

2026-08-18 07:03:43,479 [myid:1] - DEBUG [ProcessThread(sid:0 cport:2181)::PrepRequestProcessor@298] - Permission requested: 4 
2026-08-18 07:03:43,479 [myid:1] - DEBUG [ProcessThread(sid:0 cport:2181)::PrepRequestProcessor@299] - ACLs for node: [31,s{'world,'anyone}
]
2026-08-18 07:03:43,479 [myid:1] - DEBUG [ProcessThread(sid:0 cport:2181)::PrepRequestProcessor@300] - Client credentials: ['ip,'172.18.0.2
, 'digest,'pat:KDzjoQ5VTKQfcjheJHwntPTKiXc=
]
2026-08-18 07:03:43,479 [myid:1] - DEBUG [ProcessThread(sid:0 cport:2181)::SessionTrackerImpl@296] - Checking session 0x10013915d9b0000
2026-08-18 07:03:43,479 [myid:1] - DEBUG [ProcessThread(sid:0 cport:2181)::PrepRequestProcessor@963] - Processing ACL: 31,s{'auth,}

2026-08-18 07:03:43,479 [myid:1] - DEBUG [ProcessThread(sid:0 cport:2181)::PrepRequestProcessor@298] - Permission requested: 4 
2026-08-18 07:03:43,479 [myid:1] - DEBUG [ProcessThread(sid:0 cport:2181)::PrepRequestProcessor@299] - ACLs for node: [31,s{'world,'anyone}
]
2026-08-18 07:03:43,479 [myid:1] - DEBUG [ProcessThread(sid:0 cport:2181)::PrepRequestProcessor@300] - Client credentials: ['ip,'172.18.0.2
, 'digest,'pat:KDzjoQ5VTKQfcjheJHwntPTKiXc=
]
2026-08-18 07:03:43,479 [myid:1] - DEBUG [ProcessThread(sid:0 cport:2181)::SessionTrackerImpl@296] - Checking session 0x10013915d9b0000
2026-08-18 07:03:43,479 [myid:1] - DEBUG [ProcessThread(sid:0 cport:2181)::PrepRequestProcessor@963] - Processing ACL: 31,s{'auth,}

2026-08-18 07:03:43,479 [myid:1] - DEBUG [ProcessThread(sid:0 cport:2181)::PrepRequestProcessor@298] - Permission requested: 4 
2026-08-18 07:03:43,479 [myid:1] - DEBUG [ProcessThread(sid:0 cport:2181)::PrepRequestProcessor@299] - ACLs for node: [31,s{'world,'anyone}
]
2026-08-18 07:03:43,479 [myid:1] - DEBUG [ProcessThread(sid:0 cport:2181)::PrepRequestProcessor@300] - Client credentials: ['ip,'172.18.0.2
, 'digest,'pat:KDzjoQ5VTKQfcjheJHwntPTKiXc=
]
2026-08-18 07:03:43,479 [myid:1] - DEBUG [ProcessThread(sid:0 cport:2181)::SessionTrackerImpl@296] - Checking session 0x10013915d9b0000
2026-08-18 07:03:43,479 [myid:1] - DEBUG [ProcessThread(sid:0 cport:2181)::PrepRequestProcessor@963] - Processing ACL: 31,s{'auth,}

2026-08-18 07:03:43,479 [myid:1] - DEBUG [ProcessThread(sid:0 cport:2181)::PrepRequestProcessor@298] - Permission requested: 4 
2026-08-18 07:03:43,480 [myid:1] - DEBUG [ProcessThread(sid:0 cport:2181)::PrepRequestProcessor@299] - ACLs for node: [31,s{'world,'anyone}
]
2026-08-18 07:03:43,480 [myid:1] - DEBUG [ProcessThread(sid:0 cport:2181)::PrepRequestProcessor@300] - Client credentials: ['ip,'172.18.0.2
, 'digest,'pat:KDzjoQ5VTKQfcjheJHwntPTKiXc=
]
2026-08-18 07:03:43,480 [myid:1] - DEBUG [ProcessThread(sid:0 cport:2181)::SessionTrackerImpl@296] - Checking session 0x10013915d9b0000
2026-08-18 07:03:43,480 [myid:1] - DEBUG [ProcessThread(sid:0 cport:2181)::PrepRequestProcessor@963] - Processing ACL: 31,s{'auth,}

2026-08-18 07:03:43,480 [myid:1] - DEBUG [ProcessThread(sid:0 cport:2181)::PrepRequestProcessor@298] - Permission requested: 4 
2026-08-18 07:03:43,480 [myid:1] - DEBUG [ProcessThread(sid:0 cport:2181)::PrepRequestProcessor@299] - ACLs for node: [31,s{'world,'anyone}
]
2026-08-18 07:03:43,480 [myid:1] - DEBUG [ProcessThread(sid:0 cport:2181)::PrepRequestProcessor@300] - Client credentials: ['ip,'172.18.0.2
, 'digest,'pat:KDzjoQ5VTKQfcjheJHwntPTKiXc=
]
2026-08-18 07:03:43,480 [myid:1] - DEBUG [ProcessThread(sid:0 cport:2181)::SessionTrackerImpl@296] - Checking session 0x10013915d9b0000
2026-08-18 07:03:43,480 [myid:1] - DEBUG [ProcessThread(sid:0 cport:2181)::PrepRequestProcessor@963] - Processing ACL: 31,s{'auth,}

2026-08-18 07:03:43,480 [myid:1] - DEBUG [ProcessThread(sid:0 cport:2181)::PrepRequestProcessor@298] - Permission requested: 4 
2026-08-18 07:03:43,480 [myid:1] - DEBUG [ProcessThread(sid:0 cport:2181)::PrepRequestProcessor@299] - ACLs for node: [31,s{'world,'anyone}
]
2026-08-18 07:03:43,480 [myid:1] - DEBUG [ProcessThread(sid:0 cport:2181)::PrepRequestProcessor@300] - Client credentials: ['ip,'172.18.0.2
, 'digest,'pat:KDzjoQ5VTKQfcjheJHwntPTKiXc=
]
2026-08-18 07:03:43,480 [myid:1] - DEBUG [ProcessThread(sid:0 cport:2181)::SessionTrackerImpl@296] - Checking session 0x10013915d9b0000
2026-08-18 07:03:43,480 [myid:1] - DEBUG [ProcessThread(sid:0 cport:2181)::PrepRequestProcessor@963] - Processing ACL: 31,s{'auth,}

2026-08-18 07:03:43,480 [myid:1] - DEBUG [ProcessThread(sid:0 cport:2181)::PrepRequestProcessor@298] - Permission requested: 4 
2026-08-18 07:03:43,480 [myid:1] - DEBUG [ProcessThread(sid:0 cport:2181)::PrepRequestProcessor@299] - ACLs for node: [31,s{'world,'anyone}
]
2026-08-18 07:03:43,480 [myid:1] - DEBUG [ProcessThread(sid:0 cport:2181)::PrepRequestProcessor@300] - Client credentials: ['ip,'172.18.0.2
, 'digest,'pat:KDzjoQ5VTKQfcjheJHwntPTKiXc=
]
2026-08-18 07:03:43,480 [myid:1] - DEBUG [ProcessThread(sid:0 cport:2181)::SessionTrackerImpl@296] - Checking session 0x10013915d9b0000
2026-08-18 07:03:43,480 [myid:1] - DEBUG [ProcessThread(sid:0 cport:2181)::PrepRequestProcessor@963] - Processing ACL: 31,s{'auth,}

2026-08-18 07:03:43,480 [myid:1] - DEBUG [ProcessThread(sid:0 cport:2181)::PrepRequestProcessor@298] - Permission requested: 4 
2026-08-18 07:03:43,480 [myid:1] - DEBUG [ProcessThread(sid:0 cport:2181)::PrepRequestProcessor@299] - ACLs for node: [31,s{'world,'anyone}
]
2026-08-18 07:03:43,480 [myid:1] - DEBUG [ProcessThread(sid:0 cport:2181)::PrepRequestProcessor@300] - Client credentials: ['ip,'172.18.0.2
, 'digest,'pat:KDzjoQ5VTKQfcjheJHwntPTKiXc=
]
2026-08-18 07:03:43,481 [myid:1] - DEBUG [ProcessThread(sid:0 cport:2181)::SessionTrackerImpl@296] - Checking session 0x10013915d9b0000
2026-08-18 07:03:43,481 [myid:1] - DEBUG [ProcessThread(sid:0 cport:2181)::PrepRequestProcessor@963] - Processing ACL: 31,s{'auth,}

2026-08-18 07:03:43,481 [myid:1] - DEBUG [ProcessThread(sid:0 cport:2181)::PrepRequestProcessor@298] - Permission requested: 4 
2026-08-18 07:03:43,481 [myid:1] - DEBUG [ProcessThread(sid:0 cport:2181)::PrepRequestProcessor@299] - ACLs for node: [31,s{'world,'anyone}
]
2026-08-18 07:03:43,481 [myid:1] - DEBUG [ProcessThread(sid:0 cport:2181)::PrepRequestProcessor@300] - Client credentials: ['ip,'172.18.0.2
, 'digest,'pat:KDzjoQ5VTKQfcjheJHwntPTKiXc=
]
2026-08-18 07:03:43,481 [myid:1] - DEBUG [ProcessThread(sid:0 cport:2181)::SessionTrackerImpl@296] - Checking session 0x10013915d9b0000
2026-08-18 07:03:43,481 [myid:1] - DEBUG [ProcessThread(sid:0 cport:2181)::PrepRequestProcessor@963] - Processing ACL: 31,s{'auth,}

2026-08-18 07:03:43,481 [myid:1] - DEBUG [ProcessThread(sid:0 cport:2181)::PrepRequestProcessor@298] - Permission requested: 4 
2026-08-18 07:03:43,481 [myid:1] - DEBUG [ProcessThread(sid:0 cport:2181)::PrepRequestProcessor@299] - ACLs for node: [31,s{'world,'anyone}
]
2026-08-18 07:03:43,481 [myid:1] - DEBUG [ProcessThread(sid:0 cport:2181)::PrepRequestProcessor@300] - Client credentials: ['ip,'172.18.0.2
, 'digest,'pat:KDzjoQ5VTKQfcjheJHwntPTKiXc=
]
2026-08-18 07:03:43,481 [myid:1] - DEBUG [ProcessThread(sid:0 cport:2181)::SessionTrackerImpl@296] - Checking session 0x10013915d9b0000
2026-08-18 07:03:43,481 [myid:1] - DEBUG [ProcessThread(sid:0 cport:2181)::PrepRequestProcessor@963] - Processing ACL: 31,s{'auth,}

2026-08-18 07:03:43,481 [myid:1] - DEBUG [ProcessThread(sid:0 cport:2181)::PrepRequestProcessor@298] - Permission requested: 4 
2026-08-18 07:03:43,481 [myid:1] - DEBUG [ProcessThread(sid:0 cport:2181)::PrepRequestProcessor@299] - ACLs for node: [31,s{'world,'anyone}
]
2026-08-18 07:03:43,482 [myid:1] - DEBUG [ProcessThread(sid:0 cport:2181)::PrepRequestProcessor@300] - Client credentials: ['ip,'172.18.0.2
, 'digest,'pat:KDzjoQ5VTKQfcjheJHwntPTKiXc=
]
2026-08-18 07:03:43,482 [myid:1] - DEBUG [ProcessThread(sid:0 cport:2181)::SessionTrackerImpl@296] - Checking session 0x10013915d9b0000
2026-08-18 07:03:43,482 [myid:1] - DEBUG [ProcessThread(sid:0 cport:2181)::PrepRequestProcessor@963] - Processing ACL: 31,s{'auth,}

2026-08-18 07:03:43,482 [myid:1] - DEBUG [ProcessThread(sid:0 cport:2181)::PrepRequestProcessor@298] - Permission requested: 4 
2026-08-18 07:03:43,482 [myid:1] - DEBUG [ProcessThread(sid:0 cport:2181)::PrepRequestProcessor@299] - ACLs for node: [31,s{'world,'anyone}
]
2026-08-18 07:03:43,482 [myid:1] - DEBUG [ProcessThread(sid:0 cport:2181)::PrepRequestProcessor@300] - Client credentials: ['ip,'172.18.0.2
, 'digest,'pat:KDzjoQ5VTKQfcjheJHwntPTKiXc=
]
2026-08-18 07:03:43,482 [myid:1] - DEBUG [ProcessThread(sid:0 cport:2181)::SessionTrackerImpl@296] - Checking session 0x10013915d9b0000
2026-08-18 07:03:43,482 [myid:1] - DEBUG [ProcessThread(sid:0 cport:2181)::PrepRequestProcessor@963] - Processing ACL: 31,s{'auth,}

2026-08-18 07:03:43,482 [myid:1] - DEBUG [ProcessThread(sid:0 cport:2181)::PrepRequestProcessor@298] - Permission requested: 4 
2026-08-18 07:03:43,482 [myid:1] - DEBUG [ProcessThread(sid:0 cport:2181)::PrepRequestProcessor@299] - ACLs for node: [31,s{'world,'anyone}
]
2026-08-18 07:03:43,482 [myid:1] - DEBUG [ProcessThread(sid:0 cport:2181)::PrepRequestProcessor@300] - Client credentials: ['ip,'172.18.0.2
, 'digest,'pat:KDzjoQ5VTKQfcjheJHwntPTKiXc=
]
2026-08-18 07:03:43,482 [myid:1] - DEBUG [ProcessThread(sid:0 cport:2181)::SessionTrackerImpl@296] - Checking session 0x10013915d9b0000
2026-08-18 07:03:43,482 [myid:1] - DEBUG [ProcessThread(sid:0 cport:2181)::PrepRequestProcessor@963] - Processing ACL: 31,s{'auth,}

2026-08-18 07:03:43,482 [myid:1] - DEBUG [ProcessThread(sid:0 cport:2181)::PrepRequestProcessor@298] - Permission requested: 4 
2026-08-18 07:03:43,482 [myid:1] - DEBUG [ProcessThread(sid:0 cport:2181)::PrepRequestProcessor@299] - ACLs for node: [31,s{'world,'anyone}
]
2026-08-18 07:03:43,483 [myid:1] - DEBUG [ProcessThread(sid:0 cport:2181)::PrepRequestProcessor@300] - Client credentials: ['ip,'172.18.0.2
, 'digest,'pat:KDzjoQ5VTKQfcjheJHwntPTKiXc=
]
2026-08-18 07:03:43,483 [myid:1] - DEBUG [ProcessThread(sid:0 cport:2181)::SessionTrackerImpl@296] - Checking session 0x10013915d9b0000
2026-08-18 07:03:43,483 [myid:1] - DEBUG [ProcessThread(sid:0 cport:2181)::PrepRequestProcessor@963] - Processing ACL: 31,s{'auth,}

2026-08-18 07:03:43,483 [myid:1] - DEBUG [ProcessThread(sid:0 cport:2181)::PrepRequestProcessor@298] - Permission requested: 4 
2026-08-18 07:03:43,483 [myid:1] - DEBUG [ProcessThread(sid:0 cport:2181)::PrepRequestProcessor@299] - ACLs for node: [31,s{'world,'anyone}
]
2026-08-18 07:03:43,483 [myid:1] - DEBUG [ProcessThread(sid:0 cport:2181)::PrepRequestProcessor@300] - Client credentials: ['ip,'172.18.0.2
, 'digest,'pat:KDzjoQ5VTKQfcjheJHwntPTKiXc=
]
2026-08-18 07:03:43,483 [myid:1] - DEBUG [ProcessThread(sid:0 cport:2181)::SessionTrackerImpl@296] - Checking session 0x10013915d9b0000
2026-08-18 07:03:43,483 [myid:1] - DEBUG [ProcessThread(sid:0 cport:2181)::PrepRequestProcessor@963] - Processing ACL: 31,s{'auth,}

2026-08-18 07:03:43,483 [myid:1] - DEBUG [ProcessThread(sid:0 cport:2181)::PrepRequestProcessor@298] - Permission requested: 4 
2026-08-18 07:03:43,483 [myid:1] - DEBUG [ProcessThread(sid:0 cport:2181)::PrepRequestProcessor@299] - ACLs for node: [31,s{'world,'anyone}
]
2026-08-18 07:03:43,483 [myid:1] - DEBUG [ProcessThread(sid:0 cport:2181)::PrepRequestProcessor@300] - Client credentials: ['ip,'172.18.0.2
, 'digest,'pat:KDzjoQ5VTKQfcjheJHwntPTKiXc=
]
2026-08-18 07:03:43,483 [myid:1] - DEBUG [ProcessThread(sid:0 cport:2181)::SessionTrackerImpl@296] - Checking session 0x10013915d9b0000
2026-08-18 07:03:43,483 [myid:1] - DEBUG [ProcessThread(sid:0 cport:2181)::PrepRequestProcessor@963] - Processing ACL: 31,s{'auth,}

2026-08-18 07:03:43,483 [myid:1] - DEBUG [ProcessThread(sid:0 cport:2181)::PrepRequestProcessor@298] - Permission requested: 4 
2026-08-18 07:03:43,483 [myid:1] - DEBUG [ProcessThread(sid:0 cport:2181)::PrepRequestProcessor@299] - ACLs for node: [31,s{'world,'anyone}
]
2026-08-18 07:03:43,483 [myid:1] - DEBUG [ProcessThread(sid:0 cport:2181)::PrepRequestProcessor@300] - Client credentials: ['ip,'172.18.0.2
, 'digest,'pat:KDzjoQ5VTKQfcjheJHwntPTKiXc=
]
2026-08-18 07:03:43,484 [myid:1] - DEBUG [ProcessThread(sid:0 cport:2181)::SessionTrackerImpl@296] - Checking session 0x10013915d9b0000
2026-08-18 07:03:43,484 [myid:1] - DEBUG [ProcessThread(sid:0 cport:2181)::PrepRequestProcessor@963] - Processing ACL: 31,s{'auth,}

2026-08-18 07:03:43,484 [myid:1] - DEBUG [ProcessThread(sid:0 cport:2181)::PrepRequestProcessor@298] - Permission requested: 4 
2026-08-18 07:03:43,484 [myid:1] - DEBUG [ProcessThread(sid:0 cport:2181)::PrepRequestProcessor@299] - ACLs for node: [31,s{'world,'anyone}
]
2026-08-18 07:03:43,484 [myid:1] - DEBUG [ProcessThread(sid:0 cport:2181)::PrepRequestProcessor@300] - Client credentials: ['ip,'172.18.0.2
, 'digest,'pat:KDzjoQ5VTKQfcjheJHwntPTKiXc=
]
2026-08-18 07:03:43,484 [myid:1] - DEBUG [ProcessThread(sid:0 cport:2181)::SessionTrackerImpl@296] - Checking session 0x10013915d9b0000
2026-08-18 07:03:43,484 [myid:1] - DEBUG [ProcessThread(sid:0 cport:2181)::PrepRequestProcessor@963] - Processing ACL: 31,s{'auth,}

2026-08-18 07:03:43,484 [myid:1] - DEBUG [ProcessThread(sid:0 cport:2181)::PrepRequestProcessor@298] - Permission requested: 4 
2026-08-18 07:03:43,484 [myid:1] - DEBUG [ProcessThread(sid:0 cport:2181)::PrepRequestProcessor@299] - ACLs for node: [31,s{'world,'anyone}
]
2026-08-18 07:03:43,484 [myid:1] - DEBUG [ProcessThread(sid:0 cport:2181)::PrepRequestProcessor@300] - Client credentials: ['ip,'172.18.0.2
, 'digest,'pat:KDzjoQ5VTKQfcjheJHwntPTKiXc=
]
2026-08-18 07:03:43,484 [myid:1] - DEBUG [ProcessThread(sid:0 cport:2181)::SessionTrackerImpl@296] - Checking session 0x10013915d9b0000
2026-08-18 07:03:43,484 [myid:1] - DEBUG [ProcessThread(sid:0 cport:2181)::PrepRequestProcessor@963] - Processing ACL: 31,s{'auth,}

2026-08-18 07:03:43,484 [myid:1] - DEBUG [ProcessThread(sid:0 cport:2181)::PrepRequestProcessor@298] - Permission requested: 4 
2026-08-18 07:03:43,484 [myid:1] - DEBUG [ProcessThread(sid:0 cport:2181)::PrepRequestProcessor@299] - ACLs for node: [31,s{'world,'anyone}
]
2026-08-18 07:03:43,484 [myid:1] - DEBUG [ProcessThread(sid:0 cport:2181)::PrepRequestProcessor@300] - Client credentials: ['ip,'172.18.0.2
, 'digest,'pat:KDzjoQ5VTKQfcjheJHwntPTKiXc=
]
2026-08-18 07:03:43,484 [myid:1] - DEBUG [ProcessThread(sid:0 cport:2181)::SessionTrackerImpl@296] - Checking session 0x10013915d9b0000
2026-08-18 07:03:43,485 [myid:1] - DEBUG [ProcessThread(sid:0 cport:2181)::PrepRequestProcessor@963] - Processing ACL: 31,s{'auth,}

2026-08-18 07:03:43,485 [myid:1] - DEBUG [ProcessThread(sid:0 cport:2181)::PrepRequestProcessor@298] - Permission requested: 4 
2026-08-18 07:03:43,485 [myid:1] - DEBUG [ProcessThread(sid:0 cport:2181)::PrepRequestProcessor@299] - ACLs for node: [31,s{'world,'anyone}
]
2026-08-18 07:03:43,485 [myid:1] - DEBUG [ProcessThread(sid:0 cport:2181)::PrepRequestProcessor@300] - Client credentials: ['ip,'172.18.0.2
, 'digest,'pat:KDzjoQ5VTKQfcjheJHwntPTKiXc=
]
2026-08-18 07:03:43,485 [myid:1] - DEBUG [ProcessThread(sid:0 cport:2181)::SessionTrackerImpl@296] - Checking session 0x10013915d9b0000
2026-08-18 07:03:43,485 [myid:1] - DEBUG [ProcessThread(sid:0 cport:2181)::PrepRequestProcessor@963] - Processing ACL: 31,s{'auth,}

2026-08-18 07:03:43,485 [myid:1] - DEBUG [ProcessThread(sid:0 cport:2181)::PrepRequestProcessor@298] - Permission requested: 4 
2026-08-18 07:03:43,485 [myid:1] - DEBUG [ProcessThread(sid:0 cport:2181)::PrepRequestProcessor@299] - ACLs for node: [31,s{'world,'anyone}
]
2026-08-18 07:03:43,485 [myid:1] - DEBUG [ProcessThread(sid:0 cport:2181)::PrepRequestProcessor@300] - Client credentials: ['ip,'172.18.0.2
, 'digest,'pat:KDzjoQ5VTKQfcjheJHwntPTKiXc=
]
2026-08-18 07:03:43,485 [myid:1] - DEBUG [ProcessThread(sid:0 cport:2181)::SessionTrackerImpl@296] - Checking session 0x10013915d9b0000
2026-08-18 07:03:43,485 [myid:1] - DEBUG [ProcessThread(sid:0 cport:2181)::PrepRequestProcessor@963] - Processing ACL: 31,s{'auth,}

2026-08-18 07:03:43,485 [myid:1] - DEBUG [ProcessThread(sid:0 cport:2181)::PrepRequestProcessor@298] - Permission requested: 4 
2026-08-18 07:03:43,485 [myid:1] - DEBUG [ProcessThread(sid:0 cport:2181)::PrepRequestProcessor@299] - ACLs for node: [31,s{'world,'anyone}
]
2026-08-18 07:03:43,485 [myid:1] - DEBUG [ProcessThread(sid:0 cport:2181)::PrepRequestProcessor@300] - Client credentials: ['ip,'172.18.0.2
, 'digest,'pat:KDzjoQ5VTKQfcjheJHwntPTKiXc=
]
2026-08-18 07:03:43,485 [myid:1] - DEBUG [ProcessThread(sid:0 cport:2181)::SessionTrackerImpl@296] - Checking session 0x10013915d9b0000
2026-08-18 07:03:43,485 [myid:1] - DEBUG [ProcessThread(sid:0 cport:2181)::PrepRequestProcessor@963] - Processing ACL: 31,s{'auth,}

2026-08-18 07:03:43,486 [myid:1] - DEBUG [ProcessThread(sid:0 cport:2181)::PrepRequestProcessor@298] - Permission requested: 4 
2026-08-18 07:03:43,486 [myid:1] - DEBUG [ProcessThread(sid:0 cport:2181)::PrepRequestProcessor@299] - ACLs for node: [31,s{'world,'anyone}
]
2026-08-18 07:03:43,486 [myid:1] - DEBUG [ProcessThread(sid:0 cport:2181)::PrepRequestProcessor@300] - Client credentials: ['ip,'172.18.0.2
, 'digest,'pat:KDzjoQ5VTKQfcjheJHwntPTKiXc=
]
2026-08-18 07:03:43,486 [myid:1] - DEBUG [ProcessThread(sid:0 cport:2181)::SessionTrackerImpl@296] - Checking session 0x10013915d9b0000
2026-08-18 07:03:43,486 [myid:1] - DEBUG [ProcessThread(sid:0 cport:2181)::PrepRequestProcessor@963] - Processing ACL: 31,s{'auth,}

2026-08-18 07:03:43,486 [myid:1] - DEBUG [ProcessThread(sid:0 cport:2181)::PrepRequestProcessor@298] - Permission requested: 4 
2026-08-18 07:03:43,486 [myid:1] - DEBUG [ProcessThread(sid:0 cport:2181)::PrepRequestProcessor@299] - ACLs for node: [31,s{'world,'anyone}
]
2026-08-18 07:03:43,486 [myid:1] - DEBUG [ProcessThread(sid:0 cport:2181)::PrepRequestProcessor@300] - Client credentials: ['ip,'172.18.0.2
, 'digest,'pat:KDzjoQ5VTKQfcjheJHwntPTKiXc=
]
2026-08-18 07:03:43,486 [myid:1] - DEBUG [ProcessThread(sid:0 cport:2181)::SessionTrackerImpl@296] - Checking session 0x10013915d9b0000
2026-08-18 07:03:43,486 [myid:1] - DEBUG [ProcessThread(sid:0 cport:2181)::PrepRequestProcessor@963] - Processing ACL: 31,s{'auth,}

2026-08-18 07:03:43,486 [myid:1] - DEBUG [ProcessThread(sid:0 cport:2181)::PrepRequestProcessor@298] - Permission requested: 4 
2026-08-18 07:03:43,486 [myid:1] - DEBUG [ProcessThread(sid:0 cport:2181)::PrepRequestProcessor@299] - ACLs for node: [31,s{'world,'anyone}
]
2026-08-18 07:03:43,486 [myid:1] - DEBUG [ProcessThread(sid:0 cport:2181)::PrepRequestProcessor@300] - Client credentials: ['ip,'172.18.0.2
, 'digest,'pat:KDzjoQ5VTKQfcjheJHwntPTKiXc=
]
2026-08-18 07:03:43,486 [myid:1] - DEBUG [ProcessThread(sid:0 cport:2181)::SessionTrackerImpl@296] - Checking session 0x10013915d9b0000
2026-08-18 07:03:43,486 [myid:1] - DEBUG [ProcessThread(sid:0 cport:2181)::PrepRequestProcessor@963] - Processing ACL: 31,s{'auth,}

2026-08-18 07:03:43,486 [myid:1] - DEBUG [ProcessThread(sid:0 cport:2181)::PrepRequestProcessor@298] - Permission requested: 4 
2026-08-18 07:03:43,486 [myid:1] - DEBUG [ProcessThread(sid:0 cport:2181)::PrepRequestProcessor@299] - ACLs for node: [31,s{'world,'anyone}
]
2026-08-18 07:03:43,487 [myid:1] - DEBUG [ProcessThread(sid:0 cport:2181)::PrepRequestProcessor@300] - Client credentials: ['ip,'172.18.0.2
, 'digest,'pat:KDzjoQ5VTKQfcjheJHwntPTKiXc=
]
2026-08-18 07:03:43,487 [myid:1] - DEBUG [ProcessThread(sid:0 cport:2181)::SessionTrackerImpl@296] - Checking session 0x10013915d9b0000
2026-08-18 07:03:43,487 [myid:1] - DEBUG [ProcessThread(sid:0 cport:2181)::PrepRequestProcessor@963] - Processing ACL: 31,s{'auth,}

2026-08-18 07:03:43,487 [myid:1] - DEBUG [ProcessThread(sid:0 cport:2181)::PrepRequestProcessor@298] - Permission requested: 4 
2026-08-18 07:03:43,487 [myid:1] - DEBUG [ProcessThread(sid:0 cport:2181)::PrepRequestProcessor@299] - ACLs for node: [31,s{'world,'anyone}
]
2026-08-18 07:03:43,487 [myid:1] - DEBUG [ProcessThread(sid:0 cport:2181)::PrepRequestProcessor@300] - Client credentials: ['ip,'172.18.0.2
, 'digest,'pat:KDzjoQ5VTKQfcjheJHwntPTKiXc=
]
2026-08-18 07:03:43,487 [myid:1] - DEBUG [ProcessThread(sid:0 cport:2181)::SessionTrackerImpl@296] - Checking session 0x10013915d9b0000
2026-08-18 07:03:43,487 [myid:1] - DEBUG [ProcessThread(sid:0 cport:2181)::PrepRequestProcessor@963] - Processing ACL: 31,s{'auth,}

2026-08-18 07:03:43,487 [myid:1] - DEBUG [ProcessThread(sid:0 cport:2181)::PrepRequestProcessor@298] - Permission requested: 4 
2026-08-18 07:03:43,487 [myid:1] - DEBUG [ProcessThread(sid:0 cport:2181)::PrepRequestProcessor@299] - ACLs for node: [31,s{'world,'anyone}
]
2026-08-18 07:03:43,487 [myid:1] - DEBUG [ProcessThread(sid:0 cport:2181)::PrepRequestProcessor@300] - Client credentials: ['ip,'172.18.0.2
, 'digest,'pat:KDzjoQ5VTKQfcjheJHwntPTKiXc=
]
2026-08-18 07:03:43,487 [myid:1] - DEBUG [ProcessThread(sid:0 cport:2181)::SessionTrackerImpl@296] - Checking session 0x10013915d9b0000
2026-08-18 07:03:43,487 [myid:1] - DEBUG [ProcessThread(sid:0 cport:2181)::PrepRequestProcessor@963] - Processing ACL: 31,s{'auth,}

2026-08-18 07:03:43,487 [myid:1] - DEBUG [ProcessThread(sid:0 cport:2181)::PrepRequestProcessor@298] - Permission requested: 4 
2026-08-18 07:03:43,487 [myid:1] - DEBUG [ProcessThread(sid:0 cport:2181)::PrepRequestProcessor@299] - ACLs for node: [31,s{'world,'anyone}
]
2026-08-18 07:03:43,487 [myid:1] - DEBUG [ProcessThread(sid:0 cport:2181)::PrepRequestProcessor@300] - Client credentials: ['ip,'172.18.0.2
, 'digest,'pat:KDzjoQ5VTKQfcjheJHwntPTKiXc=
]
2026-08-18 07:03:43,487 [myid:1] - DEBUG [ProcessThread(sid:0 cport:2181)::SessionTrackerImpl@296] - Checking session 0x10013915d9b0000
2026-08-18 07:03:43,487 [myid:1] - DEBUG [ProcessThread(sid:0 cport:2181)::PrepRequestProcessor@963] - Processing ACL: 31,s{'auth,}

2026-08-18 07:03:43,487 [myid:1] - DEBUG [ProcessThread(sid:0 cport:2181)::PrepRequestProcessor@298] - Permission requested: 4 
2026-08-18 07:03:43,488 [myid:1] - DEBUG [ProcessThread(sid:0 cport:2181)::PrepRequestProcessor@299] - ACLs for node: [31,s{'world,'anyone}
]
2026-08-18 07:03:43,488 [myid:1] - DEBUG [ProcessThread(sid:0 cport:2181)::PrepRequestProcessor@300] - Client credentials: ['ip,'172.18.0.2
, 'digest,'pat:KDzjoQ5VTKQfcjheJHwntPTKiXc=
]
2026-08-18 07:03:43,488 [myid:1] - DEBUG [ProcessThread(sid:0 cport:2181)::SessionTrackerImpl@296] - Checking session 0x10013915d9b0000
2026-08-18 07:03:43,488 [myid:1] - DEBUG [ProcessThread(sid:0 cport:2181)::PrepRequestProcessor@963] - Processing ACL: 31,s{'auth,}

2026-08-18 07:03:43,488 [myid:1] - DEBUG [ProcessThread(sid:0 cport:2181)::PrepRequestProcessor@298] - Permission requested: 4 
2026-08-18 07:03:43,488 [myid:1] - DEBUG [ProcessThread(sid:0 cport:2181)::PrepRequestProcessor@299] - ACLs for node: [31,s{'world,'anyone}
]
2026-08-18 07:03:43,488 [myid:1] - DEBUG [ProcessThread(sid:0 cport:2181)::PrepRequestProcessor@300] - Client credentials: ['ip,'172.18.0.2
, 'digest,'pat:KDzjoQ5VTKQfcjheJHwntPTKiXc=
]
2026-08-18 07:03:43,488 [myid:1] - DEBUG [ProcessThread(sid:0 cport:2181)::SessionTrackerImpl@296] - Checking session 0x10013915d9b0000
2026-08-18 07:03:43,488 [myid:1] - DEBUG [ProcessThread(sid:0 cport:2181)::PrepRequestProcessor@963] - Processing ACL: 31,s{'auth,}

2026-08-18 07:03:43,488 [myid:1] - DEBUG [ProcessThread(sid:0 cport:2181)::PrepRequestProcessor@298] - Permission requested: 4 
2026-08-18 07:03:43,488 [myid:1] - DEBUG [ProcessThread(sid:0 cport:2181)::PrepRequestProcessor@299] - ACLs for node: [31,s{'world,'anyone}
]
2026-08-18 07:03:43,488 [myid:1] - DEBUG [ProcessThread(sid:0 cport:2181)::PrepRequestProcessor@300] - Client credentials: ['ip,'172.18.0.2
, 'digest,'pat:KDzjoQ5VTKQfcjheJHwntPTKiXc=
]
2026-08-18 07:03:43,488 [myid:1] - DEBUG [ProcessThread(sid:0 cport:2181)::SessionTrackerImpl@296] - Checking session 0x10013915d9b0000
2026-08-18 07:03:43,488 [myid:1] - DEBUG [ProcessThread(sid:0 cport:2181)::PrepRequestProcessor@963] - Processing ACL: 31,s{'auth,}

2026-08-18 07:03:43,488 [myid:1] - DEBUG [ProcessThread(sid:0 cport:2181)::PrepRequestProcessor@298] - Permission requested: 4 
2026-08-18 07:03:43,488 [myid:1] - DEBUG [ProcessThread(sid:0 cport:2181)::PrepRequestProcessor@299] - ACLs for node: [31,s{'world,'anyone}
]
2026-08-18 07:03:43,488 [myid:1] - DEBUG [ProcessThread(sid:0 cport:2181)::PrepRequestProcessor@300] - Client credentials: ['ip,'172.18.0.2
, 'digest,'pat:KDzjoQ5VTKQfcjheJHwntPTKiXc=
]
2026-08-18 07:03:43,488 [myid:1] - DEBUG [ProcessThread(sid:0 cport:2181)::SessionTrackerImpl@296] - Checking session 0x10013915d9b0000
2026-08-18 07:03:43,488 [myid:1] - DEBUG [ProcessThread(sid:0 cport:2181)::PrepRequestProcessor@963] - Processing ACL: 31,s{'auth,}

2026-08-18 07:03:43,489 [myid:1] - DEBUG [ProcessThread(sid:0 cport:2181)::PrepRequestProcessor@298] - Permission requested: 4 
2026-08-18 07:03:43,489 [myid:1] - DEBUG [ProcessThread(sid:0 cport:2181)::PrepRequestProcessor@299] - ACLs for node: [31,s{'world,'anyone}
]
2026-08-18 07:03:43,489 [myid:1] - DEBUG [ProcessThread(sid:0 cport:2181)::PrepRequestProcessor@300] - Client credentials: ['ip,'172.18.0.2
, 'digest,'pat:KDzjoQ5VTKQfcjheJHwntPTKiXc=
]
2026-08-18 07:03:43,489 [myid:1] - DEBUG [ProcessThread(sid:0 cport:2181)::SessionTrackerImpl@296] - Checking session 0x10013915d9b0000
2026-08-18 07:03:43,489 [myid:1] - DEBUG [ProcessThread(sid:0 cport:2181)::PrepRequestProcessor@963] - Processing ACL: 31,s{'auth,}

2026-08-18 07:03:43,489 [myid:1] - DEBUG [ProcessThread(sid:0 cport:2181)::PrepRequestProcessor@298] - Permission requested: 4 
2026-08-18 07:03:43,489 [myid:1] - DEBUG [ProcessThread(sid:0 cport:2181)::PrepRequestProcessor@299] - ACLs for node: [31,s{'world,'anyone}
]
2026-08-18 07:03:43,489 [myid:1] - DEBUG [ProcessThread(sid:0 cport:2181)::PrepRequestProcessor@300] - Client credentials: ['ip,'172.18.0.2
, 'digest,'pat:KDzjoQ5VTKQfcjheJHwntPTKiXc=
]
2026-08-18 07:03:43,489 [myid:1] - DEBUG [ProcessThread(sid:0 cport:2181)::SessionTrackerImpl@296] - Checking session 0x10013915d9b0000
2026-08-18 07:03:43,489 [myid:1] - DEBUG [ProcessThread(sid:0 cport:2181)::PrepRequestProcessor@963] - Processing ACL: 31,s{'auth,}

2026-08-18 07:03:43,489 [myid:1] - DEBUG [ProcessThread(sid:0 cport:2181)::PrepRequestProcessor@298] - Permission requested: 4 
2026-08-18 07:03:43,489 [myid:1] - DEBUG [ProcessThread(sid:0 cport:2181)::PrepRequestProcessor@299] - ACLs for node: [31,s{'world,'anyone}
]
2026-08-18 07:03:43,489 [myid:1] - DEBUG [ProcessThread(sid:0 cport:2181)::PrepRequestProcessor@300] - Client credentials: ['ip,'172.18.0.2
, 'digest,'pat:KDzjoQ5VTKQfcjheJHwntPTKiXc=
]
2026-08-18 07:03:43,489 [myid:1] - DEBUG [ProcessThread(sid:0 cport:2181)::SessionTrackerImpl@296] - Checking session 0x10013915d9b0000
2026-08-18 07:03:43,489 [myid:1] - DEBUG [ProcessThread(sid:0 cport:2181)::PrepRequestProcessor@963] - Processing ACL: 31,s{'auth,}

2026-08-18 07:03:43,489 [myid:1] - DEBUG [ProcessThread(sid:0 cport:2181)::PrepRequestProcessor@298] - Permission requested: 4 
2026-08-18 07:03:43,489 [myid:1] - DEBUG [ProcessThread(sid:0 cport:2181)::PrepRequestProcessor@299] - ACLs for node: [31,s{'world,'anyone}
]
2026-08-18 07:03:43,489 [myid:1] - DEBUG [ProcessThread(sid:0 cport:2181)::PrepRequestProcessor@300] - Client credentials: ['ip,'172.18.0.2
, 'digest,'pat:KDzjoQ5VTKQfcjheJHwntPTKiXc=
]
2026-08-18 07:03:43,489 [myid:1] - DEBUG [ProcessThread(sid:0 cport:2181)::SessionTrackerImpl@296] - Checking session 0x10013915d9b0000
2026-08-18 07:03:43,489 [myid:1] - DEBUG [ProcessThread(sid:0 cport:2181)::PrepRequestProcessor@963] - Processing ACL: 31,s{'auth,}

2026-08-18 07:03:43,489 [myid:1] - DEBUG [ProcessThread(sid:0 cport:2181)::PrepRequestProcessor@298] - Permission requested: 4 
2026-08-18 07:03:43,490 [myid:1] - DEBUG [ProcessThread(sid:0 cport:2181)::PrepRequestProcessor@299] - ACLs for node: [31,s{'world,'anyone}
]
2026-08-18 07:03:43,490 [myid:1] - DEBUG [ProcessThread(sid:0 cport:2181)::PrepRequestProcessor@300] - Client credentials: ['ip,'172.18.0.2
, 'digest,'pat:KDzjoQ5VTKQfcjheJHwntPTKiXc=
]
2026-08-18 07:03:43,490 [myid:1] - DEBUG [ProcessThread(sid:0 cport:2181)::SessionTrackerImpl@296] - Checking session 0x10013915d9b0000
2026-08-18 07:03:43,490 [myid:1] - DEBUG [ProcessThread(sid:0 cport:2181)::PrepRequestProcessor@963] - Processing ACL: 31,s{'auth,}

2026-08-18 07:03:43,490 [myid:1] - DEBUG [ProcessThread(sid:0 cport:2181)::PrepRequestProcessor@298] - Permission requested: 4 
2026-08-18 07:03:43,490 [myid:1] - DEBUG [ProcessThread(sid:0 cport:2181)::PrepRequestProcessor@299] - ACLs for node: [31,s{'world,'anyone}
]
2026-08-18 07:03:43,490 [myid:1] - DEBUG [ProcessThread(sid:0 cport:2181)::PrepRequestProcessor@300] - Client credentials: ['ip,'172.18.0.2
, 'digest,'pat:KDzjoQ5VTKQfcjheJHwntPTKiXc=
]
2026-08-18 07:03:43,490 [myid:1] - DEBUG [ProcessThread(sid:0 cport:2181)::SessionTrackerImpl@296] - Checking session 0x10013915d9b0000
2026-08-18 07:03:43,490 [myid:1] - DEBUG [ProcessThread(sid:0 cport:2181)::PrepRequestProcessor@963] - Processing ACL: 31,s{'auth,}

2026-08-18 07:03:43,490 [myid:1] - DEBUG [ProcessThread(sid:0 cport:2181)::PrepRequestProcessor@298] - Permission requested: 4 
2026-08-18 07:03:43,490 [myid:1] - DEBUG [ProcessThread(sid:0 cport:2181)::PrepRequestProcessor@299] - ACLs for node: [31,s{'world,'anyone}
]
2026-08-18 07:03:43,490 [myid:1] - DEBUG [ProcessThread(sid:0 cport:2181)::PrepRequestProcessor@300] - Client credentials: ['ip,'172.18.0.2
, 'digest,'pat:KDzjoQ5VTKQfcjheJHwntPTKiXc=
]
2026-08-18 07:03:43,490 [myid:1] - DEBUG [ProcessThread(sid:0 cport:2181)::SessionTrackerImpl@296] - Checking session 0x10013915d9b0000
2026-08-18 07:03:43,490 [myid:1] - DEBUG [ProcessThread(sid:0 cport:2181)::PrepRequestProcessor@963] - Processing ACL: 31,s{'auth,}

2026-08-18 07:03:43,490 [myid:1] - DEBUG [ProcessThread(sid:0 cport:2181)::PrepRequestProcessor@298] - Permission requested: 4 
2026-08-18 07:03:43,490 [myid:1] - DEBUG [ProcessThread(sid:0 cport:2181)::PrepRequestProcessor@299] - ACLs for node: [31,s{'world,'anyone}
]
2026-08-18 07:03:43,490 [myid:1] - DEBUG [ProcessThread(sid:0 cport:2181)::PrepRequestProcessor@300] - Client credentials: ['ip,'172.18.0.2
, 'digest,'pat:KDzjoQ5VTKQfcjheJHwntPTKiXc=
]
2026-08-18 07:03:43,490 [myid:1] - DEBUG [ProcessThread(sid:0 cport:2181)::SessionTrackerImpl@296] - Checking session 0x10013915d9b0000
2026-08-18 07:03:43,490 [myid:1] - DEBUG [ProcessThread(sid:0 cport:2181)::PrepRequestProcessor@963] - Processing ACL: 31,s{'auth,}

2026-08-18 07:03:43,491 [myid:1] - DEBUG [ProcessThread(sid:0 cport:2181)::PrepRequestProcessor@298] - Permission requested: 4 
2026-08-18 07:03:43,491 [myid:1] - DEBUG [ProcessThread(sid:0 cport:2181)::PrepRequestProcessor@299] - ACLs for node: [31,s{'world,'anyone}
]
2026-08-18 07:03:43,491 [myid:1] - DEBUG [ProcessThread(sid:0 cport:2181)::PrepRequestProcessor@300] - Client credentials: ['ip,'172.18.0.2
, 'digest,'pat:KDzjoQ5VTKQfcjheJHwntPTKiXc=
]
2026-08-18 07:03:43,491 [myid:1] - DEBUG [ProcessThread(sid:0 cport:2181)::SessionTrackerImpl@296] - Checking session 0x10013915d9b0000
2026-08-18 07:03:43,491 [myid:1] - DEBUG [ProcessThread(sid:0 cport:2181)::PrepRequestProcessor@963] - Processing ACL: 31,s{'auth,}

2026-08-18 07:03:43,491 [myid:1] - DEBUG [ProcessThread(sid:0 cport:2181)::PrepRequestProcessor@298] - Permission requested: 4 
2026-08-18 07:03:43,491 [myid:1] - DEBUG [ProcessThread(sid:0 cport:2181)::PrepRequestProcessor@299] - ACLs for node: [31,s{'world,'anyone}
]
2026-08-18 07:03:43,491 [myid:1] - DEBUG [ProcessThread(sid:0 cport:2181)::PrepRequestProcessor@300] - Client credentials: ['ip,'172.18.0.2
, 'digest,'pat:KDzjoQ5VTKQfcjheJHwntPTKiXc=
]
2026-08-18 07:03:43,491 [myid:1] - DEBUG [ProcessThread(sid:0 cport:2181)::SessionTrackerImpl@296] - Checking session 0x10013915d9b0000
2026-08-18 07:03:43,491 [myid:1] - DEBUG [ProcessThread(sid:0 cport:2181)::PrepRequestProcessor@963] - Processing ACL: 31,s{'auth,}

2026-08-18 07:03:43,491 [myid:1] - DEBUG [ProcessThread(sid:0 cport:2181)::PrepRequestProcessor@298] - Permission requested: 4 
2026-08-18 07:03:43,491 [myid:1] - DEBUG [ProcessThread(sid:0 cport:2181)::PrepRequestProcessor@299] - ACLs for node: [31,s{'world,'anyone}
]
2026-08-18 07:03:43,491 [myid:1] - DEBUG [ProcessThread(sid:0 cport:2181)::PrepRequestProcessor@300] - Client credentials: ['ip,'172.18.0.2
, 'digest,'pat:KDzjoQ5VTKQfcjheJHwntPTKiXc=
]
2026-08-18 07:03:43,491 [myid:1] - DEBUG [ProcessThread(sid:0 cport:2181)::SessionTrackerImpl@296] - Checking session 0x10013915d9b0000
2026-08-18 07:03:43,491 [myid:1] - DEBUG [ProcessThread(sid:0 cport:2181)::PrepRequestProcessor@963] - Processing ACL: 31,s{'auth,}

2026-08-18 07:03:43,491 [myid:1] - DEBUG [ProcessThread(sid:0 cport:2181)::PrepRequestProcessor@298] - Permission requested: 4 
2026-08-18 07:03:43,491 [myid:1] - DEBUG [ProcessThread(sid:0 cport:2181)::PrepRequestProcessor@299] - ACLs for node: [31,s{'world,'anyone}
]
2026-08-18 07:03:43,491 [myid:1] - DEBUG [ProcessThread(sid:0 cport:2181)::PrepRequestProcessor@300] - Client credentials: ['ip,'172.18.0.2
, 'digest,'pat:KDzjoQ5VTKQfcjheJHwntPTKiXc=
]
2026-08-18 07:03:43,491 [myid:1] - DEBUG [ProcessThread(sid:0 cport:2181)::SessionTrackerImpl@296] - Checking session 0x10013915d9b0000
2026-08-18 07:03:43,492 [myid:1] - DEBUG [ProcessThread(sid:0 cport:2181)::PrepRequestProcessor@963] - Processing ACL: 31,s{'auth,}

2026-08-18 07:03:43,492 [myid:1] - DEBUG [ProcessThread(sid:0 cport:2181)::PrepRequestProcessor@298] - Permission requested: 4 
2026-08-18 07:03:43,492 [myid:1] - DEBUG [ProcessThread(sid:0 cport:2181)::PrepRequestProcessor@299] - ACLs for node: [31,s{'world,'anyone}
]
2026-08-18 07:03:43,492 [myid:1] - DEBUG [ProcessThread(sid:0 cport:2181)::PrepRequestProcessor@300] - Client credentials: ['ip,'172.18.0.2
, 'digest,'pat:KDzjoQ5VTKQfcjheJHwntPTKiXc=
]
2026-08-18 07:03:43,492 [myid:1] - DEBUG [ProcessThread(sid:0 cport:2181)::SessionTrackerImpl@296] - Checking session 0x10013915d9b0000
2026-08-18 07:03:43,492 [myid:1] - DEBUG [ProcessThread(sid:0 cport:2181)::PrepRequestProcessor@963] - Processing ACL: 31,s{'auth,}

2026-08-18 07:03:43,492 [myid:1] - DEBUG [ProcessThread(sid:0 cport:2181)::PrepRequestProcessor@298] - Permission requested: 4 
2026-08-18 07:03:43,492 [myid:1] - DEBUG [ProcessThread(sid:0 cport:2181)::PrepRequestProcessor@299] - ACLs for node: [31,s{'world,'anyone}
]
2026-08-18 07:03:43,492 [myid:1] - DEBUG [ProcessThread(sid:0 cport:2181)::PrepRequestProcessor@300] - Client credentials: ['ip,'172.18.0.2
, 'digest,'pat:KDzjoQ5VTKQfcjheJHwntPTKiXc=
]
2026-08-18 07:03:43,492 [myid:1] - DEBUG [ProcessThread(sid:0 cport:2181)::SessionTrackerImpl@296] - Checking session 0x10013915d9b0000
2026-08-18 07:03:43,492 [myid:1] - DEBUG [ProcessThread(sid:0 cport:2181)::PrepRequestProcessor@963] - Processing ACL: 31,s{'auth,}

2026-08-18 07:03:43,492 [myid:1] - DEBUG [ProcessThread(sid:0 cport:2181)::PrepRequestProcessor@298] - Permission requested: 4 
2026-08-18 07:03:43,492 [myid:1] - DEBUG [ProcessThread(sid:0 cport:2181)::PrepRequestProcessor@299] - ACLs for node: [31,s{'world,'anyone}
]
2026-08-18 07:03:43,492 [myid:1] - DEBUG [ProcessThread(sid:0 cport:2181)::PrepRequestProcessor@300] - Client credentials: ['ip,'172.18.0.2
, 'digest,'pat:KDzjoQ5VTKQfcjheJHwntPTKiXc=
]
2026-08-18 07:03:43,492 [myid:1] - DEBUG [ProcessThread(sid:0 cport:2181)::SessionTrackerImpl@296] - Checking session 0x10013915d9b0000
2026-08-18 07:03:43,492 [myid:1] - DEBUG [ProcessThread(sid:0 cport:2181)::PrepRequestProcessor@963] - Processing ACL: 31,s{'auth,}

2026-08-18 07:03:43,492 [myid:1] - DEBUG [ProcessThread(sid:0 cport:2181)::PrepRequestProcessor@298] - Permission requested: 4 
2026-08-18 07:03:43,492 [myid:1] - DEBUG [ProcessThread(sid:0 cport:2181)::PrepRequestProcessor@299] - ACLs for node: [31,s{'world,'anyone}
]
2026-08-18 07:03:43,492 [myid:1] - DEBUG [ProcessThread(sid:0 cport:2181)::PrepRequestProcessor@300] - Client credentials: ['ip,'172.18.0.2
, 'digest,'pat:KDzjoQ5VTKQfcjheJHwntPTKiXc=
]
2026-08-18 07:03:43,492 [myid:1] - DEBUG [ProcessThread(sid:0 cport:2181)::SessionTrackerImpl@296] - Checking session 0x10013915d9b0000
2026-08-18 07:03:43,493 [myid:1] - DEBUG [ProcessThread(sid:0 cport:2181)::PrepRequestProcessor@963] - Processing ACL: 31,s{'auth,}

2026-08-18 07:03:43,493 [myid:1] - DEBUG [ProcessThread(sid:0 cport:2181)::PrepRequestProcessor@298] - Permission requested: 4 
2026-08-18 07:03:43,493 [myid:1] - DEBUG [ProcessThread(sid:0 cport:2181)::PrepRequestProcessor@299] - ACLs for node: [31,s{'world,'anyone}
]
2026-08-18 07:03:43,493 [myid:1] - DEBUG [ProcessThread(sid:0 cport:2181)::PrepRequestProcessor@300] - Client credentials: ['ip,'172.18.0.2
, 'digest,'pat:KDzjoQ5VTKQfcjheJHwntPTKiXc=
]
2026-08-18 07:03:43,493 [myid:1] - DEBUG [ProcessThread(sid:0 cport:2181)::SessionTrackerImpl@296] - Checking session 0x10013915d9b0000
2026-08-18 07:03:43,493 [myid:1] - DEBUG [ProcessThread(sid:0 cport:2181)::PrepRequestProcessor@963] - Processing ACL: 31,s{'auth,}

2026-08-18 07:03:43,493 [myid:1] - DEBUG [ProcessThread(sid:0 cport:2181)::PrepRequestProcessor@298] - Permission requested: 4 
2026-08-18 07:03:43,493 [myid:1] - DEBUG [ProcessThread(sid:0 cport:2181)::PrepRequestProcessor@299] - ACLs for node: [31,s{'world,'anyone}
]
2026-08-18 07:03:43,493 [myid:1] - DEBUG [ProcessThread(sid:0 cport:2181)::PrepRequestProcessor@300] - Client credentials: ['ip,'172.18.0.2
, 'digest,'pat:KDzjoQ5VTKQfcjheJHwntPTKiXc=
]
2026-08-18 07:03:43,493 [myid:1] - DEBUG [ProcessThread(sid:0 cport:2181)::SessionTrackerImpl@296] - Checking session 0x10013915d9b0000
2026-08-18 07:03:43,493 [myid:1] - DEBUG [ProcessThread(sid:0 cport:2181)::PrepRequestProcessor@963] - Processing ACL: 31,s{'auth,}

2026-08-18 07:03:43,493 [myid:1] - DEBUG [ProcessThread(sid:0 cport:2181)::PrepRequestProcessor@298] - Permission requested: 4 
2026-08-18 07:03:43,493 [myid:1] - DEBUG [ProcessThread(sid:0 cport:2181)::PrepRequestProcessor@299] - ACLs for node: [31,s{'world,'anyone}
]
2026-08-18 07:03:43,493 [myid:1] - DEBUG [ProcessThread(sid:0 cport:2181)::PrepRequestProcessor@300] - Client credentials: ['ip,'172.18.0.2
, 'digest,'pat:KDzjoQ5VTKQfcjheJHwntPTKiXc=
]
2026-08-18 07:03:43,493 [myid:1] - DEBUG [ProcessThread(sid:0 cport:2181)::SessionTrackerImpl@296] - Checking session 0x10013915d9b0000
2026-08-18 07:03:43,493 [myid:1] - DEBUG [ProcessThread(sid:0 cport:2181)::PrepRequestProcessor@963] - Processing ACL: 31,s{'auth,}

2026-08-18 07:03:43,493 [myid:1] - DEBUG [ProcessThread(sid:0 cport:2181)::PrepRequestProcessor@298] - Permission requested: 4 
2026-08-18 07:03:43,493 [myid:1] - DEBUG [ProcessThread(sid:0 cport:2181)::PrepRequestProcessor@299] - ACLs for node: [31,s{'world,'anyone}
]
2026-08-18 07:03:43,493 [myid:1] - DEBUG [ProcessThread(sid:0 cport:2181)::PrepRequestProcessor@300] - Client credentials: ['ip,'172.18.0.2
, 'digest,'pat:KDzjoQ5VTKQfcjheJHwntPTKiXc=
]
2026-08-18 07:03:43,493 [myid:1] - DEBUG [ProcessThread(sid:0 cport:2181)::SessionTrackerImpl@296] - Checking session 0x10013915d9b0000
2026-08-18 07:03:43,493 [myid:1] - DEBUG [ProcessThread(sid:0 cport:2181)::PrepRequestProcessor@963] - Processing ACL: 31,s{'auth,}

2026-08-18 07:03:43,494 [myid:1] - DEBUG [ProcessThread(sid:0 cport:2181)::PrepRequestProcessor@298] - Permission requested: 4 
2026-08-18 07:03:43,494 [myid:1] - DEBUG [ProcessThread(sid:0 cport:2181)::PrepRequestProcessor@299] - ACLs for node: [31,s{'world,'anyone}
]
2026-08-18 07:03:43,494 [myid:1] - DEBUG [ProcessThread(sid:0 cport:2181)::PrepRequestProcessor@300] - Client credentials: ['ip,'172.18.0.2
, 'digest,'pat:KDzjoQ5VTKQfcjheJHwntPTKiXc=
]
2026-08-18 07:03:43,494 [myid:1] - DEBUG [ProcessThread(sid:0 cport:2181)::SessionTrackerImpl@296] - Checking session 0x10013915d9b0000
2026-08-18 07:03:43,494 [myid:1] - DEBUG [ProcessThread(sid:0 cport:2181)::PrepRequestProcessor@963] - Processing ACL: 31,s{'auth,}

2026-08-18 07:03:43,494 [myid:1] - DEBUG [ProcessThread(sid:0 cport:2181)::PrepRequestProcessor@298] - Permission requested: 4 
2026-08-18 07:03:43,494 [myid:1] - DEBUG [ProcessThread(sid:0 cport:2181)::PrepRequestProcessor@299] - ACLs for node: [31,s{'world,'anyone}
]
2026-08-18 07:03:43,494 [myid:1] - DEBUG [ProcessThread(sid:0 cport:2181)::PrepRequestProcessor@300] - Client credentials: ['ip,'172.18.0.2
, 'digest,'pat:KDzjoQ5VTKQfcjheJHwntPTKiXc=
]
2026-08-18 07:03:43,494 [myid:1] - DEBUG [ProcessThread(sid:0 cport:2181)::SessionTrackerImpl@296] - Checking session 0x10013915d9b0000
2026-08-18 07:03:43,494 [myid:1] - DEBUG [ProcessThread(sid:0 cport:2181)::PrepRequestProcessor@963] - Processing ACL: 31,s{'auth,}

2026-08-18 07:03:43,494 [myid:1] - DEBUG [ProcessThread(sid:0 cport:2181)::PrepRequestProcessor@298] - Permission requested: 4 
2026-08-18 07:03:43,494 [myid:1] - DEBUG [ProcessThread(sid:0 cport:2181)::PrepRequestProcessor@299] - ACLs for node: [31,s{'world,'anyone}
]
2026-08-18 07:03:43,494 [myid:1] - DEBUG [ProcessThread(sid:0 cport:2181)::PrepRequestProcessor@300] - Client credentials: ['ip,'172.18.0.2
, 'digest,'pat:KDzjoQ5VTKQfcjheJHwntPTKiXc=
]
2026-08-18 07:03:43,494 [myid:1] - DEBUG [ProcessThread(sid:0 cport:2181)::SessionTrackerImpl@296] - Checking session 0x10013915d9b0000
2026-08-18 07:03:43,494 [myid:1] - DEBUG [ProcessThread(sid:0 cport:2181)::PrepRequestProcessor@963] - Processing ACL: 31,s{'auth,}

2026-08-18 07:03:43,494 [myid:1] - DEBUG [ProcessThread(sid:0 cport:2181)::PrepRequestProcessor@298] - Permission requested: 4 
2026-08-18 07:03:43,494 [myid:1] - DEBUG [ProcessThread(sid:0 cport:2181)::PrepRequestProcessor@299] - ACLs for node: [31,s{'world,'anyone}
]
2026-08-18 07:03:43,494 [myid:1] - DEBUG [ProcessThread(sid:0 cport:2181)::PrepRequestProcessor@300] - Client credentials: ['ip,'172.18.0.2
, 'digest,'pat:KDzjoQ5VTKQfcjheJHwntPTKiXc=
]
2026-08-18 07:03:43,494 [myid:1] - DEBUG [ProcessThread(sid:0 cport:2181)::SessionTrackerImpl@296] - Checking session 0x10013915d9b0000
2026-08-18 07:03:43,494 [myid:1] - DEBUG [ProcessThread(sid:0 cport:2181)::PrepRequestProcessor@963] - Processing ACL: 31,s{'auth,}

2026-08-18 07:03:43,494 [myid:1] - DEBUG [ProcessThread(sid:0 cport:2181)::PrepRequestProcessor@298] - Permission requested: 4 
2026-08-18 07:03:43,495 [myid:1] - DEBUG [ProcessThread(sid:0 cport:2181)::PrepRequestProcessor@299] - ACLs for node: [31,s{'world,'anyone}
]
2026-08-18 07:03:43,495 [myid:1] - DEBUG [ProcessThread(sid:0 cport:2181)::PrepRequestProcessor@300] - Client credentials: ['ip,'172.18.0.2
, 'digest,'pat:KDzjoQ5VTKQfcjheJHwntPTKiXc=
]
2026-08-18 07:03:43,495 [myid:1] - DEBUG [ProcessThread(sid:0 cport:2181)::SessionTrackerImpl@296] - Checking session 0x10013915d9b0000
2026-08-18 07:03:43,495 [myid:1] - DEBUG [ProcessThread(sid:0 cport:2181)::PrepRequestProcessor@963] - Processing ACL: 31,s{'auth,}

2026-08-18 07:03:43,495 [myid:1] - DEBUG [ProcessThread(sid:0 cport:2181)::PrepRequestProcessor@298] - Permission requested: 4 
2026-08-18 07:03:43,495 [myid:1] - DEBUG [ProcessThread(sid:0 cport:2181)::PrepRequestProcessor@299] - ACLs for node: [31,s{'world,'anyone}
]
2026-08-18 07:03:43,495 [myid:1] - DEBUG [ProcessThread(sid:0 cport:2181)::PrepRequestProcessor@300] - Client credentials: ['ip,'172.18.0.2
, 'digest,'pat:KDzjoQ5VTKQfcjheJHwntPTKiXc=
]
2026-08-18 07:03:43,495 [myid:1] - DEBUG [ProcessThread(sid:0 cport:2181)::SessionTrackerImpl@296] - Checking session 0x10013915d9b0000
2026-08-18 07:03:43,495 [myid:1] - DEBUG [ProcessThread(sid:0 cport:2181)::PrepRequestProcessor@963] - Processing ACL: 31,s{'auth,}

2026-08-18 07:03:43,495 [myid:1] - DEBUG [ProcessThread(sid:0 cport:2181)::PrepRequestProcessor@298] - Permission requested: 4 
2026-08-18 07:03:43,495 [myid:1] - DEBUG [ProcessThread(sid:0 cport:2181)::PrepRequestProcessor@299] - ACLs for node: [31,s{'world,'anyone}
]
2026-08-18 07:03:43,495 [myid:1] - DEBUG [ProcessThread(sid:0 cport:2181)::PrepRequestProcessor@300] - Client credentials: ['ip,'172.18.0.2
, 'digest,'pat:KDzjoQ5VTKQfcjheJHwntPTKiXc=
]
2026-08-18 07:03:43,495 [myid:1] - DEBUG [ProcessThread(sid:0 cport:2181)::SessionTrackerImpl@296] - Checking session 0x10013915d9b0000
2026-08-18 07:03:43,495 [myid:1] - DEBUG [ProcessThread(sid:0 cport:2181)::PrepRequestProcessor@963] - Processing ACL: 31,s{'auth,}

2026-08-18 07:03:43,495 [myid:1] - DEBUG [ProcessThread(sid:0 cport:2181)::PrepRequestProcessor@298] - Permission requested: 4 
2026-08-18 07:03:43,495 [myid:1] - DEBUG [ProcessThread(sid:0 cport:2181)::PrepRequestProcessor@299] - ACLs for node: [31,s{'world,'anyone}
]
2026-08-18 07:03:43,495 [myid:1] - DEBUG [ProcessThread(sid:0 cport:2181)::PrepRequestProcessor@300] - Client credentials: ['ip,'172.18.0.2
, 'digest,'pat:KDzjoQ5VTKQfcjheJHwntPTKiXc=
]
2026-08-18 07:03:43,495 [myid:1] - DEBUG [ProcessThread(sid:0 cport:2181)::SessionTrackerImpl@296] - Checking session 0x10013915d9b0000
2026-08-18 07:03:43,496 [myid:1] - DEBUG [ProcessThread(sid:0 cport:2181)::PrepRequestProcessor@963] - Processing ACL: 31,s{'auth,}

2026-08-18 07:03:43,496 [myid:1] - DEBUG [ProcessThread(sid:0 cport:2181)::PrepRequestProcessor@298] - Permission requested: 4 
2026-08-18 07:03:43,496 [myid:1] - DEBUG [ProcessThread(sid:0 cport:2181)::PrepRequestProcessor@299] - ACLs for node: [31,s{'world,'anyone}
]
2026-08-18 07:03:43,496 [myid:1] - DEBUG [ProcessThread(sid:0 cport:2181)::PrepRequestProcessor@300] - Client credentials: ['ip,'172.18.0.2
, 'digest,'pat:KDzjoQ5VTKQfcjheJHwntPTKiXc=
]
2026-08-18 07:03:43,496 [myid:1] - DEBUG [ProcessThread(sid:0 cport:2181)::SessionTrackerImpl@296] - Checking session 0x10013915d9b0000
2026-08-18 07:03:43,496 [myid:1] - DEBUG [ProcessThread(sid:0 cport:2181)::PrepRequestProcessor@963] - Processing ACL: 31,s{'auth,}

2026-08-18 07:03:43,496 [myid:1] - DEBUG [ProcessThread(sid:0 cport:2181)::PrepRequestProcessor@298] - Permission requested: 4 
2026-08-18 07:03:43,496 [myid:1] - DEBUG [ProcessThread(sid:0 cport:2181)::PrepRequestProcessor@299] - ACLs for node: [31,s{'world,'anyone}
]
2026-08-18 07:03:43,496 [myid:1] - DEBUG [ProcessThread(sid:0 cport:2181)::PrepRequestProcessor@300] - Client credentials: ['ip,'172.18.0.2
, 'digest,'pat:KDzjoQ5VTKQfcjheJHwntPTKiXc=
]
2026-08-18 07:03:43,496 [myid:1] - DEBUG [ProcessThread(sid:0 cport:2181)::SessionTrackerImpl@296] - Checking session 0x10013915d9b0000
2026-08-18 07:03:43,496 [myid:1] - DEBUG [ProcessThread(sid:0 cport:2181)::PrepRequestProcessor@963] - Processing ACL: 31,s{'auth,}

2026-08-18 07:03:43,496 [myid:1] - DEBUG [ProcessThread(sid:0 cport:2181)::PrepRequestProcessor@298] - Permission requested: 4 
2026-08-18 07:03:43,496 [myid:1] - DEBUG [ProcessThread(sid:0 cport:2181)::PrepRequestProcessor@299] - ACLs for node: [31,s{'world,'anyone}
]
2026-08-18 07:03:43,496 [myid:1] - DEBUG [ProcessThread(sid:0 cport:2181)::PrepRequestProcessor@300] - Client credentials: ['ip,'172.18.0.2
, 'digest,'pat:KDzjoQ5VTKQfcjheJHwntPTKiXc=
]
2026-08-18 07:03:43,496 [myid:1] - DEBUG [ProcessThread(sid:0 cport:2181)::SessionTrackerImpl@296] - Checking session 0x10013915d9b0000
2026-08-18 07:03:43,496 [myid:1] - DEBUG [ProcessThread(sid:0 cport:2181)::PrepRequestProcessor@963] - Processing ACL: 31,s{'auth,}

2026-08-18 07:03:43,496 [myid:1] - DEBUG [ProcessThread(sid:0 cport:2181)::PrepRequestProcessor@298] - Permission requested: 4 
2026-08-18 07:03:43,496 [myid:1] - DEBUG [ProcessThread(sid:0 cport:2181)::PrepRequestProcessor@299] - ACLs for node: [31,s{'world,'anyone}
]
2026-08-18 07:03:43,496 [myid:1] - DEBUG [ProcessThread(sid:0 cport:2181)::PrepRequestProcessor@300] - Client credentials: ['ip,'172.18.0.2
, 'digest,'pat:KDzjoQ5VTKQfcjheJHwntPTKiXc=
]
2026-08-18 07:03:43,496 [myid:1] - DEBUG [ProcessThread(sid:0 cport:2181)::SessionTrackerImpl@296] - Checking session 0x10013915d9b0000
2026-08-18 07:03:43,496 [myid:1] - DEBUG [ProcessThread(sid:0 cport:2181)::PrepRequestProcessor@963] - Processing ACL: 31,s{'auth,}

2026-08-18 07:03:43,496 [myid:1] - DEBUG [ProcessThread(sid:0 cport:2181)::PrepRequestProcessor@298] - Permission requested: 4 
2026-08-18 07:03:43,496 [myid:1] - DEBUG [ProcessThread(sid:0 cport:2181)::PrepRequestProcessor@299] - ACLs for node: [31,s{'world,'anyone}
]
2026-08-18 07:03:43,496 [myid:1] - DEBUG [ProcessThread(sid:0 cport:2181)::PrepRequestProcessor@300] - Client credentials: ['ip,'172.18.0.2
, 'digest,'pat:KDzjoQ5VTKQfcjheJHwntPTKiXc=
]
2026-08-18 07:03:43,496 [myid:1] - DEBUG [ProcessThread(sid:0 cport:2181)::SessionTrackerImpl@296] - Checking session 0x10013915d9b0000
2026-08-18 07:03:43,496 [myid:1] - DEBUG [ProcessThread(sid:0 cport:2181)::PrepRequestProcessor@963] - Processing ACL: 31,s{'auth,}

2026-08-18 07:03:43,496 [myid:1] - DEBUG [ProcessThread(sid:0 cport:2181)::PrepRequestProcessor@298] - Permission requested: 4 
2026-08-18 07:03:43,496 [myid:1] - DEBUG [ProcessThread(sid:0 cport:2181)::PrepRequestProcessor@299] - ACLs for node: [31,s{'world,'anyone}
]
2026-08-18 07:03:43,496 [myid:1] - DEBUG [ProcessThread(sid:0 cport:2181)::PrepRequestProcessor@300] - Client credentials: ['ip,'172.18.0.2
, 'digest,'pat:KDzjoQ5VTKQfcjheJHwntPTKiXc=
]
2026-08-18 07:03:43,497 [myid:1] - DEBUG [ProcessThread(sid:0 cport:2181)::SessionTrackerImpl@296] - Checking session 0x10013915d9b0000
2026-08-18 07:03:43,497 [myid:1] - DEBUG [ProcessThread(sid:0 cport:2181)::PrepRequestProcessor@963] - Processing ACL: 31,s{'auth,}

2026-08-18 07:03:43,497 [myid:1] - DEBUG [ProcessThread(sid:0 cport:2181)::PrepRequestProcessor@298] - Permission requested: 4 
2026-08-18 07:03:43,497 [myid:1] - DEBUG [ProcessThread(sid:0 cport:2181)::PrepRequestProcessor@299] - ACLs for node: [31,s{'world,'anyone}
]
2026-08-18 07:03:43,497 [myid:1] - DEBUG [ProcessThread(sid:0 cport:2181)::PrepRequestProcessor@300] - Client credentials: ['ip,'172.18.0.2
, 'digest,'pat:KDzjoQ5VTKQfcjheJHwntPTKiXc=
]
2026-08-18 07:03:43,497 [myid:1] - DEBUG [ProcessThread(sid:0 cport:2181)::SessionTrackerImpl@296] - Checking session 0x10013915d9b0000
2026-08-18 07:03:43,497 [myid:1] - DEBUG [ProcessThread(sid:0 cport:2181)::PrepRequestProcessor@963] - Processing ACL: 31,s{'auth,}

2026-08-18 07:03:43,497 [myid:1] - DEBUG [ProcessThread(sid:0 cport:2181)::PrepRequestProcessor@298] - Permission requested: 4 
2026-08-18 07:03:43,497 [myid:1] - DEBUG [ProcessThread(sid:0 cport:2181)::PrepRequestProcessor@299] - ACLs for node: [31,s{'world,'anyone}
]
2026-08-18 07:03:43,497 [myid:1] - DEBUG [ProcessThread(sid:0 cport:2181)::PrepRequestProcessor@300] - Client credentials: ['ip,'172.18.0.2
, 'digest,'pat:KDzjoQ5VTKQfcjheJHwntPTKiXc=
]
2026-08-18 07:03:43,497 [myid:1] - DEBUG [ProcessThread(sid:0 cport:2181)::SessionTrackerImpl@296] - Checking session 0x10013915d9b0000
2026-08-18 07:03:43,497 [myid:1] - DEBUG [ProcessThread(sid:0 cport:2181)::PrepRequestProcessor@963] - Processing ACL: 31,s{'auth,}

2026-08-18 07:03:43,497 [myid:1] - DEBUG [ProcessThread(sid:0 cport:2181)::PrepRequestProcessor@298] - Permission requested: 4 
2026-08-18 07:03:43,497 [myid:1] - DEBUG [ProcessThread(sid:0 cport:2181)::PrepRequestProcessor@299] - ACLs for node: [31,s{'world,'anyone}
]
2026-08-18 07:03:43,497 [myid:1] - DEBUG [ProcessThread(sid:0 cport:2181)::PrepRequestProcessor@300] - Client credentials: ['ip,'172.18.0.2
, 'digest,'pat:KDzjoQ5VTKQfcjheJHwntPTKiXc=
]
2026-08-18 07:03:43,497 [myid:1] - DEBUG [ProcessThread(sid:0 cport:2181)::SessionTrackerImpl@296] - Checking session 0x10013915d9b0000
2026-08-18 07:03:43,497 [myid:1] - DEBUG [ProcessThread(sid:0 cport:2181)::PrepRequestProcessor@963] - Processing ACL: 31,s{'auth,}

2026-08-18 07:03:43,497 [myid:1] - DEBUG [ProcessThread(sid:0 cport:2181)::PrepRequestProcessor@298] - Permission requested: 4 
2026-08-18 07:03:43,497 [myid:1] - DEBUG [ProcessThread(sid:0 cport:2181)::PrepRequestProcessor@299] - ACLs for node: [31,s{'world,'anyone}
]
2026-08-18 07:03:43,497 [myid:1] - DEBUG [ProcessThread(sid:0 cport:2181)::PrepRequestProcessor@300] - Client credentials: ['ip,'172.18.0.2
, 'digest,'pat:KDzjoQ5VTKQfcjheJHwntPTKiXc=
]
2026-08-18 07:03:43,497 [myid:1] - DEBUG [ProcessThread(sid:0 cport:2181)::SessionTrackerImpl@296] - Checking session 0x10013915d9b0000
2026-08-18 07:03:43,497 [myid:1] - DEBUG [ProcessThread(sid:0 cport:2181)::PrepRequestProcessor@963] - Processing ACL: 31,s{'auth,}

2026-08-18 07:03:43,497 [myid:1] - DEBUG [ProcessThread(sid:0 cport:2181)::PrepRequestProcessor@298] - Permission requested: 4 
2026-08-18 07:03:43,497 [myid:1] - DEBUG [ProcessThread(sid:0 cport:2181)::PrepRequestProcessor@299] - ACLs for node: [31,s{'world,'anyone}
]
2026-08-18 07:03:43,497 [myid:1] - DEBUG [ProcessThread(sid:0 cport:2181)::PrepRequestProcessor@300] - Client credentials: ['ip,'172.18.0.2
, 'digest,'pat:KDzjoQ5VTKQfcjheJHwntPTKiXc=
]
2026-08-18 07:03:43,498 [myid:1] - DEBUG [ProcessThread(sid:0 cport:2181)::SessionTrackerImpl@296] - Checking session 0x10013915d9b0000
2026-08-18 07:03:43,498 [myid:1] - DEBUG [ProcessThread(sid:0 cport:2181)::PrepRequestProcessor@963] - Processing ACL: 31,s{'auth,}

2026-08-18 07:03:43,498 [myid:1] - DEBUG [ProcessThread(sid:0 cport:2181)::PrepRequestProcessor@298] - Permission requested: 4 
2026-08-18 07:03:43,498 [myid:1] - DEBUG [ProcessThread(sid:0 cport:2181)::PrepRequestProcessor@299] - ACLs for node: [31,s{'world,'anyone}
]
2026-08-18 07:03:43,498 [myid:1] - DEBUG [ProcessThread(sid:0 cport:2181)::PrepRequestProcessor@300] - Client credentials: ['ip,'172.18.0.2
, 'digest,'pat:KDzjoQ5VTKQfcjheJHwntPTKiXc=
]
2026-08-18 07:03:43,498 [myid:1] - DEBUG [ProcessThread(sid:0 cport:2181)::SessionTrackerImpl@296] - Checking session 0x10013915d9b0000
2026-08-18 07:03:43,498 [myid:1] - DEBUG [ProcessThread(sid:0 cport:2181)::PrepRequestProcessor@963] - Processing ACL: 31,s{'auth,}

2026-08-18 07:03:43,498 [myid:1] - DEBUG [ProcessThread(sid:0 cport:2181)::PrepRequestProcessor@298] - Permission requested: 4 
2026-08-18 07:03:43,498 [myid:1] - DEBUG [ProcessThread(sid:0 cport:2181)::PrepRequestProcessor@299] - ACLs for node: [31,s{'world,'anyone}
]
2026-08-18 07:03:43,498 [myid:1] - DEBUG [ProcessThread(sid:0 cport:2181)::PrepRequestProcessor@300] - Client credentials: ['ip,'172.18.0.2
, 'digest,'pat:KDzjoQ5VTKQfcjheJHwntPTKiXc=
]
2026-08-18 07:03:43,498 [myid:1] - DEBUG [ProcessThread(sid:0 cport:2181)::SessionTrackerImpl@296] - Checking session 0x10013915d9b0000
2026-08-18 07:03:43,498 [myid:1] - DEBUG [ProcessThread(sid:0 cport:2181)::PrepRequestProcessor@963] - Processing ACL: 31,s{'auth,}

2026-08-18 07:03:43,498 [myid:1] - DEBUG [ProcessThread(sid:0 cport:2181)::PrepRequestProcessor@298] - Permission requested: 4 
2026-08-18 07:03:43,498 [myid:1] - DEBUG [ProcessThread(sid:0 cport:2181)::PrepRequestProcessor@299] - ACLs for node: [31,s{'world,'anyone}
]
2026-08-18 07:03:43,498 [myid:1] - DEBUG [ProcessThread(sid:0 cport:2181)::PrepRequestProcessor@300] - Client credentials: ['ip,'172.18.0.2
, 'digest,'pat:KDzjoQ5VTKQfcjheJHwntPTKiXc=
]
2026-08-18 07:03:43,498 [myid:1] - DEBUG [ProcessThread(sid:0 cport:2181)::SessionTrackerImpl@296] - Checking session 0x10013915d9b0000
2026-08-18 07:03:43,498 [myid:1] - DEBUG [ProcessThread(sid:0 cport:2181)::PrepRequestProcessor@963] - Processing ACL: 31,s{'auth,}

2026-08-18 07:03:43,498 [myid:1] - DEBUG [ProcessThread(sid:0 cport:2181)::PrepRequestProcessor@298] - Permission requested: 4 
2026-08-18 07:03:43,498 [myid:1] - DEBUG [ProcessThread(sid:0 cport:2181)::PrepRequestProcessor@299] - ACLs for node: [31,s{'world,'anyone}
]
2026-08-18 07:03:43,498 [myid:1] - DEBUG [ProcessThread(sid:0 cport:2181)::PrepRequestProcessor@300] - Client credentials: ['ip,'172.18.0.2
, 'digest,'pat:KDzjoQ5VTKQfcjheJHwntPTKiXc=
]
2026-08-18 07:03:43,498 [myid:1] - DEBUG [ProcessThread(sid:0 cport:2181)::SessionTrackerImpl@296] - Checking session 0x10013915d9b0000
2026-08-18 07:03:43,498 [myid:1] - DEBUG [ProcessThread(sid:0 cport:2181)::PrepRequestProcessor@963] - Processing ACL: 31,s{'auth,}

2026-08-18 07:03:43,499 [myid:1] - DEBUG [ProcessThread(sid:0 cport:2181)::PrepRequestProcessor@298] - Permission requested: 4 
2026-08-18 07:03:43,499 [myid:1] - DEBUG [ProcessThread(sid:0 cport:2181)::PrepRequestProcessor@299] - ACLs for node: [31,s{'world,'anyone}
]
2026-08-18 07:03:43,499 [myid:1] - DEBUG [ProcessThread(sid:0 cport:2181)::PrepRequestProcessor@300] - Client credentials: ['ip,'172.18.0.2
, 'digest,'pat:KDzjoQ5VTKQfcjheJHwntPTKiXc=
]
2026-08-18 07:03:43,499 [myid:1] - DEBUG [ProcessThread(sid:0 cport:2181)::SessionTrackerImpl@296] - Checking session 0x10013915d9b0000
2026-08-18 07:03:43,499 [myid:1] - DEBUG [ProcessThread(sid:0 cport:2181)::PrepRequestProcessor@963] - Processing ACL: 31,s{'auth,}

2026-08-18 07:03:43,499 [myid:1] - DEBUG [ProcessThread(sid:0 cport:2181)::PrepRequestProcessor@298] - Permission requested: 4 
2026-08-18 07:03:43,499 [myid:1] - DEBUG [ProcessThread(sid:0 cport:2181)::PrepRequestProcessor@299] - ACLs for node: [31,s{'world,'anyone}
]
2026-08-18 07:03:43,499 [myid:1] - DEBUG [ProcessThread(sid:0 cport:2181)::PrepRequestProcessor@300] - Client credentials: ['ip,'172.18.0.2
, 'digest,'pat:KDzjoQ5VTKQfcjheJHwntPTKiXc=
]
2026-08-18 07:03:43,499 [myid:1] - DEBUG [ProcessThread(sid:0 cport:2181)::SessionTrackerImpl@296] - Checking session 0x10013915d9b0000
2026-08-18 07:03:43,499 [myid:1] - DEBUG [ProcessThread(sid:0 cport:2181)::PrepRequestProcessor@963] - Processing ACL: 31,s{'auth,}

2026-08-18 07:03:43,499 [myid:1] - DEBUG [ProcessThread(sid:0 cport:2181)::PrepRequestProcessor@298] - Permission requested: 4 
2026-08-18 07:03:43,499 [myid:1] - DEBUG [ProcessThread(sid:0 cport:2181)::PrepRequestProcessor@299] - ACLs for node: [31,s{'world,'anyone}
]
2026-08-18 07:03:43,499 [myid:1] - DEBUG [ProcessThread(sid:0 cport:2181)::PrepRequestProcessor@300] - Client credentials: ['ip,'172.18.0.2
, 'digest,'pat:KDzjoQ5VTKQfcjheJHwntPTKiXc=
]
2026-08-18 07:03:43,499 [myid:1] - DEBUG [ProcessThread(sid:0 cport:2181)::SessionTrackerImpl@296] - Checking session 0x10013915d9b0000
2026-08-18 07:03:43,499 [myid:1] - DEBUG [ProcessThread(sid:0 cport:2181)::PrepRequestProcessor@963] - Processing ACL: 31,s{'auth,}

2026-08-18 07:03:43,499 [myid:1] - DEBUG [ProcessThread(sid:0 cport:2181)::PrepRequestProcessor@298] - Permission requested: 4 
2026-08-18 07:03:43,499 [myid:1] - DEBUG [ProcessThread(sid:0 cport:2181)::PrepRequestProcessor@299] - ACLs for node: [31,s{'world,'anyone}
]
2026-08-18 07:03:43,499 [myid:1] - DEBUG [ProcessThread(sid:0 cport:2181)::PrepRequestProcessor@300] - Client credentials: ['ip,'172.18.0.2
, 'digest,'pat:KDzjoQ5VTKQfcjheJHwntPTKiXc=
]
2026-08-18 07:03:43,499 [myid:1] - DEBUG [ProcessThread(sid:0 cport:2181)::SessionTrackerImpl@296] - Checking session 0x10013915d9b0000
2026-08-18 07:03:43,499 [myid:1] - DEBUG [ProcessThread(sid:0 cport:2181)::PrepRequestProcessor@963] - Processing ACL: 31,s{'auth,}

2026-08-18 07:03:43,499 [myid:1] - DEBUG [ProcessThread(sid:0 cport:2181)::PrepRequestProcessor@298] - Permission requested: 4 
2026-08-18 07:03:43,500 [myid:1] - DEBUG [ProcessThread(sid:0 cport:2181)::PrepRequestProcessor@299] - ACLs for node: [31,s{'world,'anyone}
]
2026-08-18 07:03:43,500 [myid:1] - DEBUG [ProcessThread(sid:0 cport:2181)::PrepRequestProcessor@300] - Client credentials: ['ip,'172.18.0.2
, 'digest,'pat:KDzjoQ5VTKQfcjheJHwntPTKiXc=
]
2026-08-18 07:03:43,500 [myid:1] - DEBUG [ProcessThread(sid:0 cport:2181)::SessionTrackerImpl@296] - Checking session 0x10013915d9b0000
2026-08-18 07:03:43,500 [myid:1] - DEBUG [ProcessThread(sid:0 cport:2181)::PrepRequestProcessor@963] - Processing ACL: 31,s{'auth,}

2026-08-18 07:03:43,500 [myid:1] - DEBUG [ProcessThread(sid:0 cport:2181)::PrepRequestProcessor@298] - Permission requested: 4 
2026-08-18 07:03:43,500 [myid:1] - DEBUG [ProcessThread(sid:0 cport:2181)::PrepRequestProcessor@299] - ACLs for node: [31,s{'world,'anyone}
]
2026-08-18 07:03:43,500 [myid:1] - DEBUG [ProcessThread(sid:0 cport:2181)::PrepRequestProcessor@300] - Client credentials: ['ip,'172.18.0.2
, 'digest,'pat:KDzjoQ5VTKQfcjheJHwntPTKiXc=
]
2026-08-18 07:03:43,500 [myid:1] - DEBUG [ProcessThread(sid:0 cport:2181)::SessionTrackerImpl@296] - Checking session 0x10013915d9b0000
2026-08-18 07:03:43,500 [myid:1] - DEBUG [ProcessThread(sid:0 cport:2181)::PrepRequestProcessor@963] - Processing ACL: 31,s{'auth,}

2026-08-18 07:03:43,500 [myid:1] - DEBUG [ProcessThread(sid:0 cport:2181)::PrepRequestProcessor@298] - Permission requested: 4 
2026-08-18 07:03:43,500 [myid:1] - DEBUG [ProcessThread(sid:0 cport:2181)::PrepRequestProcessor@299] - ACLs for node: [31,s{'world,'anyone}
]
2026-08-18 07:03:43,500 [myid:1] - DEBUG [ProcessThread(sid:0 cport:2181)::PrepRequestProcessor@300] - Client credentials: ['ip,'172.18.0.2
, 'digest,'pat:KDzjoQ5VTKQfcjheJHwntPTKiXc=
]
2026-08-18 07:03:43,500 [myid:1] - DEBUG [ProcessThread(sid:0 cport:2181)::SessionTrackerImpl@296] - Checking session 0x10013915d9b0000
2026-08-18 07:03:43,500 [myid:1] - DEBUG [ProcessThread(sid:0 cport:2181)::PrepRequestProcessor@963] - Processing ACL: 31,s{'auth,}

2026-08-18 07:03:43,500 [myid:1] - DEBUG [ProcessThread(sid:0 cport:2181)::PrepRequestProcessor@298] - Permission requested: 4 
2026-08-18 07:03:43,500 [myid:1] - DEBUG [ProcessThread(sid:0 cport:2181)::PrepRequestProcessor@299] - ACLs for node: [31,s{'world,'anyone}
]
2026-08-18 07:03:43,500 [myid:1] - DEBUG [ProcessThread(sid:0 cport:2181)::PrepRequestProcessor@300] - Client credentials: ['ip,'172.18.0.2
, 'digest,'pat:KDzjoQ5VTKQfcjheJHwntPTKiXc=
]
2026-08-18 07:03:43,500 [myid:1] - DEBUG [ProcessThread(sid:0 cport:2181)::SessionTrackerImpl@296] - Checking session 0x10013915d9b0000
2026-08-18 07:03:43,500 [myid:1] - DEBUG [ProcessThread(sid:0 cport:2181)::PrepRequestProcessor@963] - Processing ACL: 31,s{'auth,}

2026-08-18 07:03:43,500 [myid:1] - DEBUG [ProcessThread(sid:0 cport:2181)::PrepRequestProcessor@298] - Permission requested: 4 
2026-08-18 07:03:43,500 [myid:1] - DEBUG [ProcessThread(sid:0 cport:2181)::PrepRequestProcessor@299] - ACLs for node: [31,s{'world,'anyone}
]
2026-08-18 07:03:43,500 [myid:1] - DEBUG [ProcessThread(sid:0 cport:2181)::PrepRequestProcessor@300] - Client credentials: ['ip,'172.18.0.2
, 'digest,'pat:KDzjoQ5VTKQfcjheJHwntPTKiXc=
]
2026-08-18 07:03:43,500 [myid:1] - DEBUG [ProcessThread(sid:0 cport:2181)::SessionTrackerImpl@296] - Checking session 0x10013915d9b0000
2026-08-18 07:03:43,501 [myid:1] - DEBUG [ProcessThread(sid:0 cport:2181)::PrepRequestProcessor@963] - Processing ACL: 31,s{'auth,}

2026-08-18 07:03:43,501 [myid:1] - DEBUG [ProcessThread(sid:0 cport:2181)::PrepRequestProcessor@298] - Permission requested: 4 
2026-08-18 07:03:43,501 [myid:1] - DEBUG [ProcessThread(sid:0 cport:2181)::PrepRequestProcessor@299] - ACLs for node: [31,s{'world,'anyone}
]
2026-08-18 07:03:43,501 [myid:1] - DEBUG [ProcessThread(sid:0 cport:2181)::PrepRequestProcessor@300] - Client credentials: ['ip,'172.18.0.2
, 'digest,'pat:KDzjoQ5VTKQfcjheJHwntPTKiXc=
]
2026-08-18 07:03:43,501 [myid:1] - DEBUG [ProcessThread(sid:0 cport:2181)::SessionTrackerImpl@296] - Checking session 0x10013915d9b0000
2026-08-18 07:03:43,501 [myid:1] - DEBUG [ProcessThread(sid:0 cport:2181)::PrepRequestProcessor@963] - Processing ACL: 31,s{'auth,}

2026-08-18 07:03:43,501 [myid:1] - DEBUG [ProcessThread(sid:0 cport:2181)::PrepRequestProcessor@298] - Permission requested: 4 
2026-08-18 07:03:43,501 [myid:1] - DEBUG [ProcessThread(sid:0 cport:2181)::PrepRequestProcessor@299] - ACLs for node: [31,s{'world,'anyone}
]
2026-08-18 07:03:43,501 [myid:1] - DEBUG [ProcessThread(sid:0 cport:2181)::PrepRequestProcessor@300] - Client credentials: ['ip,'172.18.0.2
, 'digest,'pat:KDzjoQ5VTKQfcjheJHwntPTKiXc=
]
2026-08-18 07:03:43,501 [myid:1] - DEBUG [ProcessThread(sid:0 cport:2181)::SessionTrackerImpl@296] - Checking session 0x10013915d9b0000
2026-08-18 07:03:43,501 [myid:1] - DEBUG [ProcessThread(sid:0 cport:2181)::PrepRequestProcessor@963] - Processing ACL: 31,s{'auth,}

2026-08-18 07:03:43,501 [myid:1] - DEBUG [ProcessThread(sid:0 cport:2181)::PrepRequestProcessor@298] - Permission requested: 4 
2026-08-18 07:03:43,501 [myid:1] - DEBUG [ProcessThread(sid:0 cport:2181)::PrepRequestProcessor@299] - ACLs for node: [31,s{'world,'anyone}
]
2026-08-18 07:03:43,501 [myid:1] - DEBUG [ProcessThread(sid:0 cport:2181)::PrepRequestProcessor@300] - Client credentials: ['ip,'172.18.0.2
, 'digest,'pat:KDzjoQ5VTKQfcjheJHwntPTKiXc=
]
2026-08-18 07:03:43,501 [myid:1] - DEBUG [ProcessThread(sid:0 cport:2181)::SessionTrackerImpl@296] - Checking session 0x10013915d9b0000
2026-08-18 07:03:43,501 [myid:1] - DEBUG [ProcessThread(sid:0 cport:2181)::PrepRequestProcessor@963] - Processing ACL: 31,s{'auth,}

2026-08-18 07:03:43,501 [myid:1] - DEBUG [ProcessThread(sid:0 cport:2181)::PrepRequestProcessor@298] - Permission requested: 4 
2026-08-18 07:03:43,501 [myid:1] - DEBUG [ProcessThread(sid:0 cport:2181)::PrepRequestProcessor@299] - ACLs for node: [31,s{'world,'anyone}
]
2026-08-18 07:03:43,501 [myid:1] - DEBUG [ProcessThread(sid:0 cport:2181)::PrepRequestProcessor@300] - Client credentials: ['ip,'172.18.0.2
, 'digest,'pat:KDzjoQ5VTKQfcjheJHwntPTKiXc=
]
2026-08-18 07:03:43,501 [myid:1] - DEBUG [ProcessThread(sid:0 cport:2181)::SessionTrackerImpl@296] - Checking session 0x10013915d9b0000
2026-08-18 07:03:43,501 [myid:1] - DEBUG [ProcessThread(sid:0 cport:2181)::PrepRequestProcessor@963] - Processing ACL: 31,s{'auth,}

2026-08-18 07:03:43,501 [myid:1] - DEBUG [ProcessThread(sid:0 cport:2181)::PrepRequestProcessor@298] - Permission requested: 4 
2026-08-18 07:03:43,502 [myid:1] - DEBUG [ProcessThread(sid:0 cport:2181)::PrepRequestProcessor@299] - ACLs for node: [31,s{'world,'anyone}
]
2026-08-18 07:03:43,502 [myid:1] - DEBUG [ProcessThread(sid:0 cport:2181)::PrepRequestProcessor@300] - Client credentials: ['ip,'172.18.0.2
, 'digest,'pat:KDzjoQ5VTKQfcjheJHwntPTKiXc=
]
2026-08-18 07:03:43,502 [myid:1] - DEBUG [ProcessThread(sid:0 cport:2181)::SessionTrackerImpl@296] - Checking session 0x10013915d9b0000
2026-08-18 07:03:43,502 [myid:1] - DEBUG [ProcessThread(sid:0 cport:2181)::PrepRequestProcessor@963] - Processing ACL: 31,s{'auth,}

2026-08-18 07:03:43,502 [myid:1] - DEBUG [ProcessThread(sid:0 cport:2181)::PrepRequestProcessor@298] - Permission requested: 4 
2026-08-18 07:03:43,502 [myid:1] - DEBUG [ProcessThread(sid:0 cport:2181)::PrepRequestProcessor@299] - ACLs for node: [31,s{'world,'anyone}
]
2026-08-18 07:03:43,502 [myid:1] - DEBUG [ProcessThread(sid:0 cport:2181)::PrepRequestProcessor@300] - Client credentials: ['ip,'172.18.0.2
, 'digest,'pat:KDzjoQ5VTKQfcjheJHwntPTKiXc=
]
2026-08-18 07:03:43,502 [myid:1] - DEBUG [ProcessThread(sid:0 cport:2181)::SessionTrackerImpl@296] - Checking session 0x10013915d9b0000
2026-08-18 07:03:43,502 [myid:1] - DEBUG [ProcessThread(sid:0 cport:2181)::PrepRequestProcessor@963] - Processing ACL: 31,s{'auth,}

2026-08-18 07:03:43,502 [myid:1] - DEBUG [ProcessThread(sid:0 cport:2181)::PrepRequestProcessor@298] - Permission requested: 4 
2026-08-18 07:03:43,502 [myid:1] - DEBUG [ProcessThread(sid:0 cport:2181)::PrepRequestProcessor@299] - ACLs for node: [31,s{'world,'anyone}
]
2026-08-18 07:03:43,502 [myid:1] - DEBUG [ProcessThread(sid:0 cport:2181)::PrepRequestProcessor@300] - Client credentials: ['ip,'172.18.0.2
, 'digest,'pat:KDzjoQ5VTKQfcjheJHwntPTKiXc=
]
2026-08-18 07:03:43,502 [myid:1] - DEBUG [ProcessThread(sid:0 cport:2181)::SessionTrackerImpl@296] - Checking session 0x10013915d9b0000
2026-08-18 07:03:43,502 [myid:1] - DEBUG [ProcessThread(sid:0 cport:2181)::PrepRequestProcessor@963] - Processing ACL: 31,s{'auth,}

2026-08-18 07:03:43,502 [myid:1] - DEBUG [ProcessThread(sid:0 cport:2181)::PrepRequestProcessor@298] - Permission requested: 4 
2026-08-18 07:03:43,502 [myid:1] - DEBUG [ProcessThread(sid:0 cport:2181)::PrepRequestProcessor@299] - ACLs for node: [31,s{'world,'anyone}
]
2026-08-18 07:03:43,502 [myid:1] - DEBUG [ProcessThread(sid:0 cport:2181)::PrepRequestProcessor@300] - Client credentials: ['ip,'172.18.0.2
, 'digest,'pat:KDzjoQ5VTKQfcjheJHwntPTKiXc=
]
2026-08-18 07:03:43,502 [myid:1] - DEBUG [ProcessThread(sid:0 cport:2181)::SessionTrackerImpl@296] - Checking session 0x10013915d9b0000
2026-08-18 07:03:43,502 [myid:1] - DEBUG [ProcessThread(sid:0 cport:2181)::PrepRequestProcessor@963] - Processing ACL: 31,s{'auth,}

2026-08-18 07:03:43,502 [myid:1] - DEBUG [ProcessThread(sid:0 cport:2181)::PrepRequestProcessor@298] - Permission requested: 4 
2026-08-18 07:03:43,502 [myid:1] - DEBUG [ProcessThread(sid:0 cport:2181)::PrepRequestProcessor@299] - ACLs for node: [31,s{'world,'anyone}
]
2026-08-18 07:03:43,503 [myid:1] - DEBUG [ProcessThread(sid:0 cport:2181)::PrepRequestProcessor@300] - Client credentials: ['ip,'172.18.0.2
, 'digest,'pat:KDzjoQ5VTKQfcjheJHwntPTKiXc=
]
2026-08-18 07:03:43,503 [myid:1] - DEBUG [ProcessThread(sid:0 cport:2181)::SessionTrackerImpl@296] - Checking session 0x10013915d9b0000
2026-08-18 07:03:43,503 [myid:1] - DEBUG [ProcessThread(sid:0 cport:2181)::PrepRequestProcessor@963] - Processing ACL: 31,s{'auth,}

2026-08-18 07:03:43,503 [myid:1] - DEBUG [ProcessThread(sid:0 cport:2181)::PrepRequestProcessor@298] - Permission requested: 4 
2026-08-18 07:03:43,503 [myid:1] - DEBUG [ProcessThread(sid:0 cport:2181)::PrepRequestProcessor@299] - ACLs for node: [31,s{'world,'anyone}
]
2026-08-18 07:03:43,503 [myid:1] - DEBUG [ProcessThread(sid:0 cport:2181)::PrepRequestProcessor@300] - Client credentials: ['ip,'172.18.0.2
, 'digest,'pat:KDzjoQ5VTKQfcjheJHwntPTKiXc=
]
2026-08-18 07:03:43,503 [myid:1] - DEBUG [ProcessThread(sid:0 cport:2181)::SessionTrackerImpl@296] - Checking session 0x10013915d9b0000
2026-08-18 07:03:43,503 [myid:1] - DEBUG [ProcessThread(sid:0 cport:2181)::PrepRequestProcessor@963] - Processing ACL: 31,s{'auth,}

2026-08-18 07:03:43,503 [myid:1] - DEBUG [ProcessThread(sid:0 cport:2181)::PrepRequestProcessor@298] - Permission requested: 4 
2026-08-18 07:03:43,503 [myid:1] - DEBUG [ProcessThread(sid:0 cport:2181)::PrepRequestProcessor@299] - ACLs for node: [31,s{'world,'anyone}
]
2026-08-18 07:03:43,503 [myid:1] - DEBUG [ProcessThread(sid:0 cport:2181)::PrepRequestProcessor@300] - Client credentials: ['ip,'172.18.0.2
, 'digest,'pat:KDzjoQ5VTKQfcjheJHwntPTKiXc=
]
2026-08-18 07:03:43,503 [myid:1] - DEBUG [ProcessThread(sid:0 cport:2181)::SessionTrackerImpl@296] - Checking session 0x10013915d9b0000
2026-08-18 07:03:43,503 [myid:1] - DEBUG [ProcessThread(sid:0 cport:2181)::PrepRequestProcessor@963] - Processing ACL: 31,s{'auth,}

2026-08-18 07:03:43,503 [myid:1] - DEBUG [ProcessThread(sid:0 cport:2181)::PrepRequestProcessor@298] - Permission requested: 4 
2026-08-18 07:03:43,503 [myid:1] - DEBUG [ProcessThread(sid:0 cport:2181)::PrepRequestProcessor@299] - ACLs for node: [31,s{'world,'anyone}
]
2026-08-18 07:03:43,503 [myid:1] - DEBUG [ProcessThread(sid:0 cport:2181)::PrepRequestProcessor@300] - Client credentials: ['ip,'172.18.0.2
, 'digest,'pat:KDzjoQ5VTKQfcjheJHwntPTKiXc=
]
2026-08-18 07:03:43,503 [myid:1] - DEBUG [ProcessThread(sid:0 cport:2181)::SessionTrackerImpl@296] - Checking session 0x10013915d9b0000
2026-08-18 07:03:43,503 [myid:1] - DEBUG [ProcessThread(sid:0 cport:2181)::PrepRequestProcessor@963] - Processing ACL: 31,s{'auth,}

2026-08-18 07:03:43,503 [myid:1] - DEBUG [ProcessThread(sid:0 cport:2181)::PrepRequestProcessor@298] - Permission requested: 4 
2026-08-18 07:03:43,503 [myid:1] - DEBUG [ProcessThread(sid:0 cport:2181)::PrepRequestProcessor@299] - ACLs for node: [31,s{'world,'anyone}
]
2026-08-18 07:03:43,503 [myid:1] - DEBUG [ProcessThread(sid:0 cport:2181)::PrepRequestProcessor@300] - Client credentials: ['ip,'172.18.0.2
, 'digest,'pat:KDzjoQ5VTKQfcjheJHwntPTKiXc=
]
2026-08-18 07:03:43,504 [myid:1] - DEBUG [ProcessThread(sid:0 cport:2181)::SessionTrackerImpl@296] - Checking session 0x10013915d9b0000
2026-08-18 07:03:43,504 [myid:1] - DEBUG [ProcessThread(sid:0 cport:2181)::PrepRequestProcessor@963] - Processing ACL: 31,s{'auth,}

2026-08-18 07:03:43,504 [myid:1] - DEBUG [ProcessThread(sid:0 cport:2181)::PrepRequestProcessor@298] - Permission requested: 4 
2026-08-18 07:03:43,504 [myid:1] - DEBUG [ProcessThread(sid:0 cport:2181)::PrepRequestProcessor@299] - ACLs for node: [31,s{'world,'anyone}
]
2026-08-18 07:03:43,504 [myid:1] - DEBUG [ProcessThread(sid:0 cport:2181)::PrepRequestProcessor@300] - Client credentials: ['ip,'172.18.0.2
, 'digest,'pat:KDzjoQ5VTKQfcjheJHwntPTKiXc=
]
2026-08-18 07:03:43,504 [myid:1] - DEBUG [ProcessThread(sid:0 cport:2181)::SessionTrackerImpl@296] - Checking session 0x10013915d9b0000
2026-08-18 07:03:43,504 [myid:1] - DEBUG [ProcessThread(sid:0 cport:2181)::PrepRequestProcessor@963] - Processing ACL: 31,s{'auth,}

2026-08-18 07:03:43,504 [myid:1] - DEBUG [ProcessThread(sid:0 cport:2181)::PrepRequestProcessor@298] - Permission requested: 4 
2026-08-18 07:03:43,504 [myid:1] - DEBUG [ProcessThread(sid:0 cport:2181)::PrepRequestProcessor@299] - ACLs for node: [31,s{'world,'anyone}
]
2026-08-18 07:03:43,504 [myid:1] - DEBUG [ProcessThread(sid:0 cport:2181)::PrepRequestProcessor@300] - Client credentials: ['ip,'172.18.0.2
, 'digest,'pat:KDzjoQ5VTKQfcjheJHwntPTKiXc=
]
2026-08-18 07:03:43,504 [myid:1] - DEBUG [ProcessThread(sid:0 cport:2181)::SessionTrackerImpl@296] - Checking session 0x10013915d9b0000
2026-08-18 07:03:43,504 [myid:1] - DEBUG [ProcessThread(sid:0 cport:2181)::PrepRequestProcessor@963] - Processing ACL: 31,s{'auth,}

2026-08-18 07:03:43,504 [myid:1] - DEBUG [ProcessThread(sid:0 cport:2181)::PrepRequestProcessor@298] - Permission requested: 4 
2026-08-18 07:03:43,504 [myid:1] - DEBUG [ProcessThread(sid:0 cport:2181)::PrepRequestProcessor@299] - ACLs for node: [31,s{'world,'anyone}
]
2026-08-18 07:03:43,504 [myid:1] - DEBUG [ProcessThread(sid:0 cport:2181)::PrepRequestProcessor@300] - Client credentials: ['ip,'172.18.0.2
, 'digest,'pat:KDzjoQ5VTKQfcjheJHwntPTKiXc=
]
2026-08-18 07:03:43,504 [myid:1] - DEBUG [ProcessThread(sid:0 cport:2181)::SessionTrackerImpl@296] - Checking session 0x10013915d9b0000
2026-08-18 07:03:43,504 [myid:1] - DEBUG [ProcessThread(sid:0 cport:2181)::PrepRequestProcessor@963] - Processing ACL: 31,s{'auth,}

2026-08-18 07:03:43,504 [myid:1] - DEBUG [ProcessThread(sid:0 cport:2181)::PrepRequestProcessor@298] - Permission requested: 4 
2026-08-18 07:03:43,505 [myid:1] - DEBUG [ProcessThread(sid:0 cport:2181)::PrepRequestProcessor@299] - ACLs for node: [31,s{'world,'anyone}
]
2026-08-18 07:03:43,505 [myid:1] - DEBUG [ProcessThread(sid:0 cport:2181)::PrepRequestProcessor@300] - Client credentials: ['ip,'172.18.0.2
, 'digest,'pat:KDzjoQ5VTKQfcjheJHwntPTKiXc=
]
2026-08-18 07:03:43,505 [myid:1] - DEBUG [ProcessThread(sid:0 cport:2181)::SessionTrackerImpl@296] - Checking session 0x10013915d9b0000
2026-08-18 07:03:43,505 [myid:1] - DEBUG [ProcessThread(sid:0 cport:2181)::PrepRequestProcessor@963] - Processing ACL: 31,s{'auth,}

2026-08-18 07:03:43,505 [myid:1] - DEBUG [ProcessThread(sid:0 cport:2181)::PrepRequestProcessor@298] - Permission requested: 4 
2026-08-18 07:03:43,505 [myid:1] - DEBUG [ProcessThread(sid:0 cport:2181)::PrepRequestProcessor@299] - ACLs for node: [31,s{'world,'anyone}
]
2026-08-18 07:03:43,505 [myid:1] - DEBUG [ProcessThread(sid:0 cport:2181)::PrepRequestProcessor@300] - Client credentials: ['ip,'172.18.0.2
, 'digest,'pat:KDzjoQ5VTKQfcjheJHwntPTKiXc=
]
2026-08-18 07:03:43,505 [myid:1] - DEBUG [ProcessThread(sid:0 cport:2181)::SessionTrackerImpl@296] - Checking session 0x10013915d9b0000
2026-08-18 07:03:43,505 [myid:1] - DEBUG [ProcessThread(sid:0 cport:2181)::PrepRequestProcessor@963] - Processing ACL: 31,s{'auth,}

2026-08-18 07:03:43,505 [myid:1] - DEBUG [ProcessThread(sid:0 cport:2181)::PrepRequestProcessor@298] - Permission requested: 4 
2026-08-18 07:03:43,505 [myid:1] - DEBUG [ProcessThread(sid:0 cport:2181)::PrepRequestProcessor@299] - ACLs for node: [31,s{'world,'anyone}
]
2026-08-18 07:03:43,505 [myid:1] - DEBUG [ProcessThread(sid:0 cport:2181)::PrepRequestProcessor@300] - Client credentials: ['ip,'172.18.0.2
, 'digest,'pat:KDzjoQ5VTKQfcjheJHwntPTKiXc=
]
2026-08-18 07:03:43,505 [myid:1] - DEBUG [ProcessThread(sid:0 cport:2181)::SessionTrackerImpl@296] - Checking session 0x10013915d9b0000
2026-08-18 07:03:43,505 [myid:1] - DEBUG [ProcessThread(sid:0 cport:2181)::PrepRequestProcessor@963] - Processing ACL: 31,s{'auth,}

2026-08-18 07:03:43,505 [myid:1] - DEBUG [ProcessThread(sid:0 cport:2181)::PrepRequestProcessor@298] - Permission requested: 4 
2026-08-18 07:03:43,505 [myid:1] - DEBUG [ProcessThread(sid:0 cport:2181)::PrepRequestProcessor@299] - ACLs for node: [31,s{'world,'anyone}
]
2026-08-18 07:03:43,505 [myid:1] - DEBUG [ProcessThread(sid:0 cport:2181)::PrepRequestProcessor@300] - Client credentials: ['ip,'172.18.0.2
, 'digest,'pat:KDzjoQ5VTKQfcjheJHwntPTKiXc=
]
2026-08-18 07:03:43,505 [myid:1] - DEBUG [ProcessThread(sid:0 cport:2181)::SessionTrackerImpl@296] - Checking session 0x10013915d9b0000
2026-08-18 07:03:43,505 [myid:1] - DEBUG [ProcessThread(sid:0 cport:2181)::PrepRequestProcessor@963] - Processing ACL: 31,s{'auth,}

2026-08-18 07:03:43,505 [myid:1] - DEBUG [ProcessThread(sid:0 cport:2181)::PrepRequestProcessor@298] - Permission requested: 4 
2026-08-18 07:03:43,505 [myid:1] - DEBUG [ProcessThread(sid:0 cport:2181)::PrepRequestProcessor@299] - ACLs for node: [31,s{'world,'anyone}
]
2026-08-18 07:03:43,506 [myid:1] - DEBUG [ProcessThread(sid:0 cport:2181)::PrepRequestProcessor@300] - Client credentials: ['ip,'172.18.0.2
, 'digest,'pat:KDzjoQ5VTKQfcjheJHwntPTKiXc=
]
2026-08-18 07:03:43,506 [myid:1] - DEBUG [ProcessThread(sid:0 cport:2181)::SessionTrackerImpl@296] - Checking session 0x10013915d9b0000
2026-08-18 07:03:43,506 [myid:1] - DEBUG [ProcessThread(sid:0 cport:2181)::PrepRequestProcessor@963] - Processing ACL: 31,s{'auth,}

2026-08-18 07:03:43,506 [myid:1] - DEBUG [ProcessThread(sid:0 cport:2181)::PrepRequestProcessor@298] - Permission requested: 4 
2026-08-18 07:03:43,506 [myid:1] - DEBUG [ProcessThread(sid:0 cport:2181)::PrepRequestProcessor@299] - ACLs for node: [31,s{'world,'anyone}
]
2026-08-18 07:03:43,506 [myid:1] - DEBUG [ProcessThread(sid:0 cport:2181)::PrepRequestProcessor@300] - Client credentials: ['ip,'172.18.0.2
, 'digest,'pat:KDzjoQ5VTKQfcjheJHwntPTKiXc=
]
2026-08-18 07:03:43,506 [myid:1] - DEBUG [ProcessThread(sid:0 cport:2181)::SessionTrackerImpl@296] - Checking session 0x10013915d9b0000
2026-08-18 07:03:43,506 [myid:1] - DEBUG [ProcessThread(sid:0 cport:2181)::PrepRequestProcessor@963] - Processing ACL: 31,s{'auth,}

2026-08-18 07:03:43,506 [myid:1] - DEBUG [ProcessThread(sid:0 cport:2181)::PrepRequestProcessor@298] - Permission requested: 4 
2026-08-18 07:03:43,506 [myid:1] - DEBUG [ProcessThread(sid:0 cport:2181)::PrepRequestProcessor@299] - ACLs for node: [31,s{'world,'anyone}
]
2026-08-18 07:03:43,506 [myid:1] - DEBUG [ProcessThread(sid:0 cport:2181)::PrepRequestProcessor@300] - Client credentials: ['ip,'172.18.0.2
, 'digest,'pat:KDzjoQ5VTKQfcjheJHwntPTKiXc=
]
2026-08-18 07:03:43,506 [myid:1] - DEBUG [ProcessThread(sid:0 cport:2181)::SessionTrackerImpl@296] - Checking session 0x10013915d9b0000
2026-08-18 07:03:43,506 [myid:1] - DEBUG [ProcessThread(sid:0 cport:2181)::PrepRequestProcessor@963] - Processing ACL: 31,s{'auth,}

2026-08-18 07:03:43,506 [myid:1] - DEBUG [ProcessThread(sid:0 cport:2181)::PrepRequestProcessor@298] - Permission requested: 4 
2026-08-18 07:03:43,506 [myid:1] - DEBUG [ProcessThread(sid:0 cport:2181)::PrepRequestProcessor@299] - ACLs for node: [31,s{'world,'anyone}
]
2026-08-18 07:03:43,506 [myid:1] - DEBUG [ProcessThread(sid:0 cport:2181)::PrepRequestProcessor@300] - Client credentials: ['ip,'172.18.0.2
, 'digest,'pat:KDzjoQ5VTKQfcjheJHwntPTKiXc=
]
2026-08-18 07:03:43,506 [myid:1] - DEBUG [ProcessThread(sid:0 cport:2181)::SessionTrackerImpl@296] - Checking session 0x10013915d9b0000
2026-08-18 07:03:43,506 [myid:1] - DEBUG [ProcessThread(sid:0 cport:2181)::PrepRequestProcessor@963] - Processing ACL: 31,s{'auth,}

2026-08-18 07:03:43,506 [myid:1] - DEBUG [ProcessThread(sid:0 cport:2181)::PrepRequestProcessor@298] - Permission requested: 4 
2026-08-18 07:03:43,506 [myid:1] - DEBUG [ProcessThread(sid:0 cport:2181)::PrepRequestProcessor@299] - ACLs for node: [31,s{'world,'anyone}
]
2026-08-18 07:03:43,506 [myid:1] - DEBUG [ProcessThread(sid:0 cport:2181)::PrepRequestProcessor@300] - Client credentials: ['ip,'172.18.0.2
, 'digest,'pat:KDzjoQ5VTKQfcjheJHwntPTKiXc=
]
2026-08-18 07:03:43,507 [myid:1] - DEBUG [ProcessThread(sid:0 cport:2181)::SessionTrackerImpl@296] - Checking session 0x10013915d9b0000
2026-08-18 07:03:43,507 [myid:1] - DEBUG [ProcessThread(sid:0 cport:2181)::PrepRequestProcessor@963] - Processing ACL: 31,s{'auth,}

2026-08-18 07:03:43,507 [myid:1] - DEBUG [ProcessThread(sid:0 cport:2181)::PrepRequestProcessor@298] - Permission requested: 4 
2026-08-18 07:03:43,507 [myid:1] - DEBUG [ProcessThread(sid:0 cport:2181)::PrepRequestProcessor@299] - ACLs for node: [31,s{'world,'anyone}
]
2026-08-18 07:03:43,507 [myid:1] - DEBUG [ProcessThread(sid:0 cport:2181)::PrepRequestProcessor@300] - Client credentials: ['ip,'172.18.0.2
, 'digest,'pat:KDzjoQ5VTKQfcjheJHwntPTKiXc=
]
2026-08-18 07:03:43,507 [myid:1] - DEBUG [ProcessThread(sid:0 cport:2181)::SessionTrackerImpl@296] - Checking session 0x10013915d9b0000
2026-08-18 07:03:43,507 [myid:1] - DEBUG [ProcessThread(sid:0 cport:2181)::PrepRequestProcessor@963] - Processing ACL: 31,s{'auth,}

2026-08-18 07:03:43,507 [myid:1] - DEBUG [ProcessThread(sid:0 cport:2181)::PrepRequestProcessor@298] - Permission requested: 4 
2026-08-18 07:03:43,507 [myid:1] - DEBUG [ProcessThread(sid:0 cport:2181)::PrepRequestProcessor@299] - ACLs for node: [31,s{'world,'anyone}
]
2026-08-18 07:03:43,507 [myid:1] - DEBUG [ProcessThread(sid:0 cport:2181)::PrepRequestProcessor@300] - Client credentials: ['ip,'172.18.0.2
, 'digest,'pat:KDzjoQ5VTKQfcjheJHwntPTKiXc=
]
2026-08-18 07:03:43,507 [myid:1] - DEBUG [ProcessThread(sid:0 cport:2181)::SessionTrackerImpl@296] - Checking session 0x10013915d9b0000
2026-08-18 07:03:43,507 [myid:1] - DEBUG [ProcessThread(sid:0 cport:2181)::PrepRequestProcessor@963] - Processing ACL: 31,s{'auth,}

2026-08-18 07:03:43,507 [myid:1] - DEBUG [ProcessThread(sid:0 cport:2181)::PrepRequestProcessor@298] - Permission requested: 4 
2026-08-18 07:03:43,507 [myid:1] - DEBUG [ProcessThread(sid:0 cport:2181)::PrepRequestProcessor@299] - ACLs for node: [31,s{'world,'anyone}
]
2026-08-18 07:03:43,507 [myid:1] - DEBUG [ProcessThread(sid:0 cport:2181)::PrepRequestProcessor@300] - Client credentials: ['ip,'172.18.0.2
, 'digest,'pat:KDzjoQ5VTKQfcjheJHwntPTKiXc=
]
2026-08-18 07:03:43,507 [myid:1] - DEBUG [ProcessThread(sid:0 cport:2181)::SessionTrackerImpl@296] - Checking session 0x10013915d9b0000
2026-08-18 07:03:43,507 [myid:1] - DEBUG [ProcessThread(sid:0 cport:2181)::PrepRequestProcessor@963] - Processing ACL: 31,s{'auth,}

2026-08-18 07:03:43,507 [myid:1] - DEBUG [ProcessThread(sid:0 cport:2181)::PrepRequestProcessor@298] - Permission requested: 4 
2026-08-18 07:03:43,507 [myid:1] - DEBUG [ProcessThread(sid:0 cport:2181)::PrepRequestProcessor@299] - ACLs for node: [31,s{'world,'anyone}
]
2026-08-18 07:03:43,507 [myid:1] - DEBUG [ProcessThread(sid:0 cport:2181)::PrepRequestProcessor@300] - Client credentials: ['ip,'172.18.0.2
, 'digest,'pat:KDzjoQ5VTKQfcjheJHwntPTKiXc=
]
2026-08-18 07:03:43,507 [myid:1] - DEBUG [ProcessThread(sid:0 cport:2181)::SessionTrackerImpl@296] - Checking session 0x10013915d9b0000
2026-08-18 07:03:43,507 [myid:1] - DEBUG [ProcessThread(sid:0 cport:2181)::PrepRequestProcessor@963] - Processing ACL: 31,s{'auth,}

2026-08-18 07:03:43,508 [myid:1] - DEBUG [ProcessThread(sid:0 cport:2181)::PrepRequestProcessor@298] - Permission requested: 4 
2026-08-18 07:03:43,508 [myid:1] - DEBUG [ProcessThread(sid:0 cport:2181)::PrepRequestProcessor@299] - ACLs for node: [31,s{'world,'anyone}
]
2026-08-18 07:03:43,508 [myid:1] - DEBUG [ProcessThread(sid:0 cport:2181)::PrepRequestProcessor@300] - Client credentials: ['ip,'172.18.0.2
, 'digest,'pat:KDzjoQ5VTKQfcjheJHwntPTKiXc=
]
2026-08-18 07:03:43,508 [myid:1] - DEBUG [ProcessThread(sid:0 cport:2181)::SessionTrackerImpl@296] - Checking session 0x10013915d9b0000
2026-08-18 07:03:43,508 [myid:1] - DEBUG [ProcessThread(sid:0 cport:2181)::PrepRequestProcessor@963] - Processing ACL: 31,s{'auth,}

2026-08-18 07:03:43,508 [myid:1] - DEBUG [ProcessThread(sid:0 cport:2181)::PrepRequestProcessor@298] - Permission requested: 4 
2026-08-18 07:03:43,508 [myid:1] - DEBUG [ProcessThread(sid:0 cport:2181)::PrepRequestProcessor@299] - ACLs for node: [31,s{'world,'anyone}
]
2026-08-18 07:03:43,508 [myid:1] - DEBUG [ProcessThread(sid:0 cport:2181)::PrepRequestProcessor@300] - Client credentials: ['ip,'172.18.0.2
, 'digest,'pat:KDzjoQ5VTKQfcjheJHwntPTKiXc=
]
2026-08-18 07:03:43,508 [myid:1] - DEBUG [ProcessThread(sid:0 cport:2181)::SessionTrackerImpl@296] - Checking session 0x10013915d9b0000
2026-08-18 07:03:43,508 [myid:1] - DEBUG [ProcessThread(sid:0 cport:2181)::PrepRequestProcessor@963] - Processing ACL: 31,s{'auth,}

2026-08-18 07:03:43,508 [myid:1] - DEBUG [ProcessThread(sid:0 cport:2181)::PrepRequestProcessor@298] - Permission requested: 4 
2026-08-18 07:03:43,508 [myid:1] - DEBUG [ProcessThread(sid:0 cport:2181)::PrepRequestProcessor@299] - ACLs for node: [31,s{'world,'anyone}
]
2026-08-18 07:03:43,508 [myid:1] - DEBUG [ProcessThread(sid:0 cport:2181)::PrepRequestProcessor@300] - Client credentials: ['ip,'172.18.0.2
, 'digest,'pat:KDzjoQ5VTKQfcjheJHwntPTKiXc=
]
2026-08-18 07:03:43,508 [myid:1] - DEBUG [ProcessThread(sid:0 cport:2181)::SessionTrackerImpl@296] - Checking session 0x10013915d9b0000
2026-08-18 07:03:43,508 [myid:1] - DEBUG [ProcessThread(sid:0 cport:2181)::PrepRequestProcessor@963] - Processing ACL: 31,s{'auth,}

2026-08-18 07:03:43,508 [myid:1] - DEBUG [ProcessThread(sid:0 cport:2181)::PrepRequestProcessor@298] - Permission requested: 4 
2026-08-18 07:03:43,508 [myid:1] - DEBUG [ProcessThread(sid:0 cport:2181)::PrepRequestProcessor@299] - ACLs for node: [31,s{'world,'anyone}
]
2026-08-18 07:03:43,508 [myid:1] - DEBUG [ProcessThread(sid:0 cport:2181)::PrepRequestProcessor@300] - Client credentials: ['ip,'172.18.0.2
, 'digest,'pat:KDzjoQ5VTKQfcjheJHwntPTKiXc=
]
2026-08-18 07:03:43,508 [myid:1] - DEBUG [ProcessThread(sid:0 cport:2181)::SessionTrackerImpl@296] - Checking session 0x10013915d9b0000
2026-08-18 07:03:43,508 [myid:1] - DEBUG [ProcessThread(sid:0 cport:2181)::PrepRequestProcessor@963] - Processing ACL: 31,s{'auth,}

2026-08-18 07:03:43,508 [myid:1] - DEBUG [ProcessThread(sid:0 cport:2181)::PrepRequestProcessor@298] - Permission requested: 4 
2026-08-18 07:03:43,508 [myid:1] - DEBUG [ProcessThread(sid:0 cport:2181)::PrepRequestProcessor@299] - ACLs for node: [31,s{'world,'anyone}
]
2026-08-18 07:03:43,509 [myid:1] - DEBUG [ProcessThread(sid:0 cport:2181)::PrepRequestProcessor@300] - Client credentials: ['ip,'172.18.0.2
, 'digest,'pat:KDzjoQ5VTKQfcjheJHwntPTKiXc=
]
2026-08-18 07:03:43,509 [myid:1] - DEBUG [ProcessThread(sid:0 cport:2181)::SessionTrackerImpl@296] - Checking session 0x10013915d9b0000
2026-08-18 07:03:43,509 [myid:1] - DEBUG [ProcessThread(sid:0 cport:2181)::PrepRequestProcessor@963] - Processing ACL: 31,s{'auth,}

2026-08-18 07:03:43,509 [myid:1] - DEBUG [ProcessThread(sid:0 cport:2181)::PrepRequestProcessor@298] - Permission requested: 4 
2026-08-18 07:03:43,509 [myid:1] - DEBUG [ProcessThread(sid:0 cport:2181)::PrepRequestProcessor@299] - ACLs for node: [31,s{'world,'anyone}
]
2026-08-18 07:03:43,509 [myid:1] - DEBUG [ProcessThread(sid:0 cport:2181)::PrepRequestProcessor@300] - Client credentials: ['ip,'172.18.0.2
, 'digest,'pat:KDzjoQ5VTKQfcjheJHwntPTKiXc=
]
2026-08-18 07:03:43,509 [myid:1] - DEBUG [ProcessThread(sid:0 cport:2181)::SessionTrackerImpl@296] - Checking session 0x10013915d9b0000
2026-08-18 07:03:43,509 [myid:1] - DEBUG [ProcessThread(sid:0 cport:2181)::PrepRequestProcessor@963] - Processing ACL: 31,s{'auth,}

2026-08-18 07:03:43,509 [myid:1] - DEBUG [ProcessThread(sid:0 cport:2181)::PrepRequestProcessor@298] - Permission requested: 4 
2026-08-18 07:03:43,509 [myid:1] - DEBUG [ProcessThread(sid:0 cport:2181)::PrepRequestProcessor@299] - ACLs for node: [31,s{'world,'anyone}
]
2026-08-18 07:03:43,509 [myid:1] - DEBUG [ProcessThread(sid:0 cport:2181)::PrepRequestProcessor@300] - Client credentials: ['ip,'172.18.0.2
, 'digest,'pat:KDzjoQ5VTKQfcjheJHwntPTKiXc=
]
2026-08-18 07:03:43,509 [myid:1] - DEBUG [ProcessThread(sid:0 cport:2181)::SessionTrackerImpl@296] - Checking session 0x10013915d9b0000
2026-08-18 07:03:43,509 [myid:1] - DEBUG [ProcessThread(sid:0 cport:2181)::PrepRequestProcessor@963] - Processing ACL: 31,s{'auth,}

2026-08-18 07:03:43,509 [myid:1] - DEBUG [ProcessThread(sid:0 cport:2181)::PrepRequestProcessor@298] - Permission requested: 4 
2026-08-18 07:03:43,509 [myid:1] - DEBUG [ProcessThread(sid:0 cport:2181)::PrepRequestProcessor@299] - ACLs for node: [31,s{'world,'anyone}
]
2026-08-18 07:03:43,509 [myid:1] - DEBUG [ProcessThread(sid:0 cport:2181)::PrepRequestProcessor@300] - Client credentials: ['ip,'172.18.0.2
, 'digest,'pat:KDzjoQ5VTKQfcjheJHwntPTKiXc=
]
2026-08-18 07:03:43,509 [myid:1] - DEBUG [ProcessThread(sid:0 cport:2181)::SessionTrackerImpl@296] - Checking session 0x10013915d9b0000
2026-08-18 07:03:43,509 [myid:1] - DEBUG [ProcessThread(sid:0 cport:2181)::PrepRequestProcessor@963] - Processing ACL: 31,s{'auth,}

2026-08-18 07:03:43,509 [myid:1] - DEBUG [ProcessThread(sid:0 cport:2181)::PrepRequestProcessor@298] - Permission requested: 4 
2026-08-18 07:03:43,509 [myid:1] - DEBUG [ProcessThread(sid:0 cport:2181)::PrepRequestProcessor@299] - ACLs for node: [31,s{'world,'anyone}
]
2026-08-18 07:03:43,509 [myid:1] - DEBUG [ProcessThread(sid:0 cport:2181)::PrepRequestProcessor@300] - Client credentials: ['ip,'172.18.0.2
, 'digest,'pat:KDzjoQ5VTKQfcjheJHwntPTKiXc=
]
2026-08-18 07:03:43,509 [myid:1] - DEBUG [ProcessThread(sid:0 cport:2181)::SessionTrackerImpl@296] - Checking session 0x10013915d9b0000
2026-08-18 07:03:43,510 [myid:1] - DEBUG [ProcessThread(sid:0 cport:2181)::PrepRequestProcessor@963] - Processing ACL: 31,s{'auth,}

2026-08-18 07:03:43,510 [myid:1] - DEBUG [ProcessThread(sid:0 cport:2181)::PrepRequestProcessor@298] - Permission requested: 4 
2026-08-18 07:03:43,510 [myid:1] - DEBUG [ProcessThread(sid:0 cport:2181)::PrepRequestProcessor@299] - ACLs for node: [31,s{'world,'anyone}
]
2026-08-18 07:03:43,510 [myid:1] - DEBUG [ProcessThread(sid:0 cport:2181)::PrepRequestProcessor@300] - Client credentials: ['ip,'172.18.0.2
, 'digest,'pat:KDzjoQ5VTKQfcjheJHwntPTKiXc=
]
2026-08-18 07:03:43,510 [myid:1] - DEBUG [ProcessThread(sid:0 cport:2181)::SessionTrackerImpl@296] - Checking session 0x10013915d9b0000
2026-08-18 07:03:43,510 [myid:1] - DEBUG [ProcessThread(sid:0 cport:2181)::PrepRequestProcessor@963] - Processing ACL: 31,s{'auth,}

2026-08-18 07:03:43,510 [myid:1] - DEBUG [ProcessThread(sid:0 cport:2181)::PrepRequestProcessor@298] - Permission requested: 4 
2026-08-18 07:03:43,510 [myid:1] - DEBUG [ProcessThread(sid:0 cport:2181)::PrepRequestProcessor@299] - ACLs for node: [31,s{'world,'anyone}
]
2026-08-18 07:03:43,510 [myid:1] - DEBUG [ProcessThread(sid:0 cport:2181)::PrepRequestProcessor@300] - Client credentials: ['ip,'172.18.0.2
, 'digest,'pat:KDzjoQ5VTKQfcjheJHwntPTKiXc=
]
2026-08-18 07:03:43,510 [myid:1] - DEBUG [ProcessThread(sid:0 cport:2181)::SessionTrackerImpl@296] - Checking session 0x10013915d9b0000
2026-08-18 07:03:43,510 [myid:1] - DEBUG [ProcessThread(sid:0 cport:2181)::PrepRequestProcessor@963] - Processing ACL: 31,s{'auth,}

2026-08-18 07:03:43,510 [myid:1] - DEBUG [ProcessThread(sid:0 cport:2181)::PrepRequestProcessor@298] - Permission requested: 4 
2026-08-18 07:03:43,510 [myid:1] - DEBUG [ProcessThread(sid:0 cport:2181)::PrepRequestProcessor@299] - ACLs for node: [31,s{'world,'anyone}
]
2026-08-18 07:03:43,510 [myid:1] - DEBUG [ProcessThread(sid:0 cport:2181)::PrepRequestProcessor@300] - Client credentials: ['ip,'172.18.0.2
, 'digest,'pat:KDzjoQ5VTKQfcjheJHwntPTKiXc=
]
2026-08-18 07:03:43,510 [myid:1] - DEBUG [ProcessThread(sid:0 cport:2181)::SessionTrackerImpl@296] - Checking session 0x10013915d9b0000
2026-08-18 07:03:43,510 [myid:1] - DEBUG [ProcessThread(sid:0 cport:2181)::PrepRequestProcessor@963] - Processing ACL: 31,s{'auth,}

2026-08-18 07:03:43,510 [myid:1] - DEBUG [ProcessThread(sid:0 cport:2181)::PrepRequestProcessor@298] - Permission requested: 4 
2026-08-18 07:03:43,510 [myid:1] - DEBUG [ProcessThread(sid:0 cport:2181)::PrepRequestProcessor@299] - ACLs for node: [31,s{'world,'anyone}
]
2026-08-18 07:03:43,511 [myid:1] - DEBUG [ProcessThread(sid:0 cport:2181)::PrepRequestProcessor@300] - Client credentials: ['ip,'172.18.0.2
, 'digest,'pat:KDzjoQ5VTKQfcjheJHwntPTKiXc=
]
2026-08-18 07:03:43,511 [myid:1] - DEBUG [ProcessThread(sid:0 cport:2181)::SessionTrackerImpl@296] - Checking session 0x10013915d9b0000
2026-08-18 07:03:43,511 [myid:1] - DEBUG [ProcessThread(sid:0 cport:2181)::PrepRequestProcessor@963] - Processing ACL: 31,s{'auth,}

2026-08-18 07:03:43,511 [myid:1] - DEBUG [ProcessThread(sid:0 cport:2181)::PrepRequestProcessor@298] - Permission requested: 4 
2026-08-18 07:03:43,511 [myid:1] - DEBUG [ProcessThread(sid:0 cport:2181)::PrepRequestProcessor@299] - ACLs for node: [31,s{'world,'anyone}
]
2026-08-18 07:03:43,511 [myid:1] - DEBUG [ProcessThread(sid:0 cport:2181)::PrepRequestProcessor@300] - Client credentials: ['ip,'172.18.0.2
, 'digest,'pat:KDzjoQ5VTKQfcjheJHwntPTKiXc=
]
2026-08-18 07:03:43,511 [myid:1] - DEBUG [ProcessThread(sid:0 cport:2181)::SessionTrackerImpl@296] - Checking session 0x10013915d9b0000
2026-08-18 07:03:43,511 [myid:1] - DEBUG [ProcessThread(sid:0 cport:2181)::PrepRequestProcessor@963] - Processing ACL: 31,s{'auth,}

2026-08-18 07:03:43,511 [myid:1] - DEBUG [ProcessThread(sid:0 cport:2181)::PrepRequestProcessor@298] - Permission requested: 4 
2026-08-18 07:03:43,511 [myid:1] - DEBUG [ProcessThread(sid:0 cport:2181)::PrepRequestProcessor@299] - ACLs for node: [31,s{'world,'anyone}
]
2026-08-18 07:03:43,511 [myid:1] - DEBUG [ProcessThread(sid:0 cport:2181)::PrepRequestProcessor@300] - Client credentials: ['ip,'172.18.0.2
, 'digest,'pat:KDzjoQ5VTKQfcjheJHwntPTKiXc=
]
2026-08-18 07:03:43,511 [myid:1] - DEBUG [ProcessThread(sid:0 cport:2181)::SessionTrackerImpl@296] - Checking session 0x10013915d9b0000
2026-08-18 07:03:43,511 [myid:1] - DEBUG [ProcessThread(sid:0 cport:2181)::PrepRequestProcessor@963] - Processing ACL: 31,s{'auth,}

2026-08-18 07:03:43,511 [myid:1] - DEBUG [ProcessThread(sid:0 cport:2181)::PrepRequestProcessor@298] - Permission requested: 4 
2026-08-18 07:03:43,511 [myid:1] - DEBUG [ProcessThread(sid:0 cport:2181)::PrepRequestProcessor@299] - ACLs for node: [31,s{'world,'anyone}
]
2026-08-18 07:03:43,511 [myid:1] - DEBUG [ProcessThread(sid:0 cport:2181)::PrepRequestProcessor@300] - Client credentials: ['ip,'172.18.0.2
, 'digest,'pat:KDzjoQ5VTKQfcjheJHwntPTKiXc=
]
2026-08-18 07:03:43,512 [myid:1] - DEBUG [ProcessThread(sid:0 cport:2181)::SessionTrackerImpl@296] - Checking session 0x10013915d9b0000
2026-08-18 07:03:43,512 [myid:1] - DEBUG [ProcessThread(sid:0 cport:2181)::PrepRequestProcessor@963] - Processing ACL: 31,s{'auth,}

2026-08-18 07:03:43,512 [myid:1] - DEBUG [ProcessThread(sid:0 cport:2181)::PrepRequestProcessor@298] - Permission requested: 4 
2026-08-18 07:03:43,512 [myid:1] - DEBUG [ProcessThread(sid:0 cport:2181)::PrepRequestProcessor@299] - ACLs for node: [31,s{'world,'anyone}
]
2026-08-18 07:03:43,512 [myid:1] - DEBUG [ProcessThread(sid:0 cport:2181)::PrepRequestProcessor@300] - Client credentials: ['ip,'172.18.0.2
, 'digest,'pat:KDzjoQ5VTKQfcjheJHwntPTKiXc=
]
2026-08-18 07:03:43,512 [myid:1] - DEBUG [ProcessThread(sid:0 cport:2181)::SessionTrackerImpl@296] - Checking session 0x10013915d9b0000
2026-08-18 07:03:43,512 [myid:1] - DEBUG [ProcessThread(sid:0 cport:2181)::PrepRequestProcessor@963] - Processing ACL: 31,s{'auth,}

2026-08-18 07:03:43,512 [myid:1] - DEBUG [ProcessThread(sid:0 cport:2181)::PrepRequestProcessor@298] - Permission requested: 4 
2026-08-18 07:03:43,512 [myid:1] - DEBUG [ProcessThread(sid:0 cport:2181)::PrepRequestProcessor@299] - ACLs for node: [31,s{'world,'anyone}
]
2026-08-18 07:03:43,512 [myid:1] - DEBUG [ProcessThread(sid:0 cport:2181)::PrepRequestProcessor@300] - Client credentials: ['ip,'172.18.0.2
, 'digest,'pat:KDzjoQ5VTKQfcjheJHwntPTKiXc=
]
2026-08-18 07:03:43,512 [myid:1] - DEBUG [ProcessThread(sid:0 cport:2181)::SessionTrackerImpl@296] - Checking session 0x10013915d9b0000
2026-08-18 07:03:43,512 [myid:1] - DEBUG [ProcessThread(sid:0 cport:2181)::PrepRequestProcessor@963] - Processing ACL: 31,s{'auth,}

2026-08-18 07:03:43,512 [myid:1] - DEBUG [ProcessThread(sid:0 cport:2181)::PrepRequestProcessor@298] - Permission requested: 4 
2026-08-18 07:03:43,512 [myid:1] - DEBUG [ProcessThread(sid:0 cport:2181)::PrepRequestProcessor@299] - ACLs for node: [31,s{'world,'anyone}
]
2026-08-18 07:03:43,512 [myid:1] - DEBUG [ProcessThread(sid:0 cport:2181)::PrepRequestProcessor@300] - Client credentials: ['ip,'172.18.0.2
, 'digest,'pat:KDzjoQ5VTKQfcjheJHwntPTKiXc=
]
2026-08-18 07:03:43,513 [myid:1] - DEBUG [ProcessThread(sid:0 cport:2181)::SessionTrackerImpl@296] - Checking session 0x10013915d9b0000
2026-08-18 07:03:43,513 [myid:1] - DEBUG [ProcessThread(sid:0 cport:2181)::PrepRequestProcessor@963] - Processing ACL: 31,s{'auth,}

2026-08-18 07:03:43,513 [myid:1] - DEBUG [ProcessThread(sid:0 cport:2181)::PrepRequestProcessor@298] - Permission requested: 4 
2026-08-18 07:03:43,513 [myid:1] - DEBUG [ProcessThread(sid:0 cport:2181)::PrepRequestProcessor@299] - ACLs for node: [31,s{'world,'anyone}
]
2026-08-18 07:03:43,513 [myid:1] - DEBUG [ProcessThread(sid:0 cport:2181)::PrepRequestProcessor@300] - Client credentials: ['ip,'172.18.0.2
, 'digest,'pat:KDzjoQ5VTKQfcjheJHwntPTKiXc=
]
2026-08-18 07:03:43,513 [myid:1] - DEBUG [ProcessThread(sid:0 cport:2181)::SessionTrackerImpl@296] - Checking session 0x10013915d9b0000
2026-08-18 07:03:43,513 [myid:1] - DEBUG [ProcessThread(sid:0 cport:2181)::PrepRequestProcessor@963] - Processing ACL: 31,s{'auth,}

2026-08-18 07:03:43,513 [myid:1] - DEBUG [ProcessThread(sid:0 cport:2181)::PrepRequestProcessor@298] - Permission requested: 4 
2026-08-18 07:03:43,513 [myid:1] - DEBUG [ProcessThread(sid:0 cport:2181)::PrepRequestProcessor@299] - ACLs for node: [31,s{'world,'anyone}
]
2026-08-18 07:03:43,513 [myid:1] - DEBUG [ProcessThread(sid:0 cport:2181)::PrepRequestProcessor@300] - Client credentials: ['ip,'172.18.0.2
, 'digest,'pat:KDzjoQ5VTKQfcjheJHwntPTKiXc=
]
2026-08-18 07:03:43,513 [myid:1] - DEBUG [ProcessThread(sid:0 cport:2181)::SessionTrackerImpl@296] - Checking session 0x10013915d9b0000
2026-08-18 07:03:43,513 [myid:1] - DEBUG [ProcessThread(sid:0 cport:2181)::PrepRequestProcessor@963] - Processing ACL: 31,s{'auth,}

2026-08-18 07:03:43,513 [myid:1] - DEBUG [ProcessThread(sid:0 cport:2181)::PrepRequestProcessor@298] - Permission requested: 4 
2026-08-18 07:03:43,513 [myid:1] - DEBUG [ProcessThread(sid:0 cport:2181)::PrepRequestProcessor@299] - ACLs for node: [31,s{'world,'anyone}
]
2026-08-18 07:03:43,513 [myid:1] - DEBUG [ProcessThread(sid:0 cport:2181)::PrepRequestProcessor@300] - Client credentials: ['ip,'172.18.0.2
, 'digest,'pat:KDzjoQ5VTKQfcjheJHwntPTKiXc=
]
2026-08-18 07:03:43,513 [myid:1] - DEBUG [ProcessThread(sid:0 cport:2181)::SessionTrackerImpl@296] - Checking session 0x10013915d9b0000
2026-08-18 07:03:43,513 [myid:1] - DEBUG [ProcessThread(sid:0 cport:2181)::PrepRequestProcessor@963] - Processing ACL: 31,s{'auth,}

2026-08-18 07:03:43,513 [myid:1] - DEBUG [ProcessThread(sid:0 cport:2181)::PrepRequestProcessor@298] - Permission requested: 4 
2026-08-18 07:03:43,514 [myid:1] - DEBUG [ProcessThread(sid:0 cport:2181)::PrepRequestProcessor@299] - ACLs for node: [31,s{'world,'anyone}
]
2026-08-18 07:03:43,514 [myid:1] - DEBUG [ProcessThread(sid:0 cport:2181)::PrepRequestProcessor@300] - Client credentials: ['ip,'172.18.0.2
, 'digest,'pat:KDzjoQ5VTKQfcjheJHwntPTKiXc=
]
2026-08-18 07:03:43,514 [myid:1] - DEBUG [ProcessThread(sid:0 cport:2181)::SessionTrackerImpl@296] - Checking session 0x10013915d9b0000
2026-08-18 07:03:43,514 [myid:1] - DEBUG [ProcessThread(sid:0 cport:2181)::PrepRequestProcessor@963] - Processing ACL: 31,s{'auth,}

2026-08-18 07:03:43,514 [myid:1] - DEBUG [ProcessThread(sid:0 cport:2181)::PrepRequestProcessor@298] - Permission requested: 4 
2026-08-18 07:03:43,514 [myid:1] - DEBUG [ProcessThread(sid:0 cport:2181)::PrepRequestProcessor@299] - ACLs for node: [31,s{'world,'anyone}
]
2026-08-18 07:03:43,514 [myid:1] - DEBUG [ProcessThread(sid:0 cport:2181)::PrepRequestProcessor@300] - Client credentials: ['ip,'172.18.0.2
, 'digest,'pat:KDzjoQ5VTKQfcjheJHwntPTKiXc=
]
2026-08-18 07:03:43,514 [myid:1] - DEBUG [ProcessThread(sid:0 cport:2181)::SessionTrackerImpl@296] - Checking session 0x10013915d9b0000
2026-08-18 07:03:43,514 [myid:1] - DEBUG [ProcessThread(sid:0 cport:2181)::PrepRequestProcessor@963] - Processing ACL: 31,s{'auth,}

2026-08-18 07:03:43,514 [myid:1] - DEBUG [ProcessThread(sid:0 cport:2181)::PrepRequestProcessor@298] - Permission requested: 4 
2026-08-18 07:03:43,514 [myid:1] - DEBUG [ProcessThread(sid:0 cport:2181)::PrepRequestProcessor@299] - ACLs for node: [31,s{'world,'anyone}
]
2026-08-18 07:03:43,514 [myid:1] - DEBUG [ProcessThread(sid:0 cport:2181)::PrepRequestProcessor@300] - Client credentials: ['ip,'172.18.0.2
, 'digest,'pat:KDzjoQ5VTKQfcjheJHwntPTKiXc=
]
2026-08-18 07:03:43,514 [myid:1] - DEBUG [ProcessThread(sid:0 cport:2181)::SessionTrackerImpl@296] - Checking session 0x10013915d9b0000
2026-08-18 07:03:43,514 [myid:1] - DEBUG [ProcessThread(sid:0 cport:2181)::PrepRequestProcessor@963] - Processing ACL: 31,s{'auth,}

2026-08-18 07:03:43,514 [myid:1] - DEBUG [ProcessThread(sid:0 cport:2181)::PrepRequestProcessor@298] - Permission requested: 4 
2026-08-18 07:03:43,514 [myid:1] - DEBUG [ProcessThread(sid:0 cport:2181)::PrepRequestProcessor@299] - ACLs for node: [31,s{'world,'anyone}
]
2026-08-18 07:03:43,514 [myid:1] - DEBUG [ProcessThread(sid:0 cport:2181)::PrepRequestProcessor@300] - Client credentials: ['ip,'172.18.0.2
, 'digest,'pat:KDzjoQ5VTKQfcjheJHwntPTKiXc=
]
2026-08-18 07:03:43,514 [myid:1] - DEBUG [ProcessThread(sid:0 cport:2181)::SessionTrackerImpl@296] - Checking session 0x10013915d9b0000
2026-08-18 07:03:43,514 [myid:1] - DEBUG [ProcessThread(sid:0 cport:2181)::PrepRequestProcessor@963] - Processing ACL: 31,s{'auth,}

2026-08-18 07:03:43,514 [myid:1] - DEBUG [ProcessThread(sid:0 cport:2181)::PrepRequestProcessor@298] - Permission requested: 4 
2026-08-18 07:03:43,514 [myid:1] - DEBUG [ProcessThread(sid:0 cport:2181)::PrepRequestProcessor@299] - ACLs for node: [31,s{'world,'anyone}
]
2026-08-18 07:03:43,515 [myid:1] - DEBUG [ProcessThread(sid:0 cport:2181)::PrepRequestProcessor@300] - Client credentials: ['ip,'172.18.0.2
, 'digest,'pat:KDzjoQ5VTKQfcjheJHwntPTKiXc=
]
2026-08-18 07:03:43,515 [myid:1] - DEBUG [ProcessThread(sid:0 cport:2181)::SessionTrackerImpl@296] - Checking session 0x10013915d9b0000
2026-08-18 07:03:43,515 [myid:1] - DEBUG [ProcessThread(sid:0 cport:2181)::PrepRequestProcessor@963] - Processing ACL: 31,s{'auth,}

2026-08-18 07:03:43,515 [myid:1] - DEBUG [ProcessThread(sid:0 cport:2181)::PrepRequestProcessor@298] - Permission requested: 4 
2026-08-18 07:03:43,515 [myid:1] - DEBUG [ProcessThread(sid:0 cport:2181)::PrepRequestProcessor@299] - ACLs for node: [31,s{'world,'anyone}
]
2026-08-18 07:03:43,515 [myid:1] - DEBUG [ProcessThread(sid:0 cport:2181)::PrepRequestProcessor@300] - Client credentials: ['ip,'172.18.0.2
, 'digest,'pat:KDzjoQ5VTKQfcjheJHwntPTKiXc=
]
2026-08-18 07:03:43,515 [myid:1] - DEBUG [ProcessThread(sid:0 cport:2181)::SessionTrackerImpl@296] - Checking session 0x10013915d9b0000
2026-08-18 07:03:43,515 [myid:1] - DEBUG [ProcessThread(sid:0 cport:2181)::PrepRequestProcessor@963] - Processing ACL: 31,s{'auth,}

2026-08-18 07:03:43,515 [myid:1] - DEBUG [ProcessThread(sid:0 cport:2181)::PrepRequestProcessor@298] - Permission requested: 4 
2026-08-18 07:03:43,515 [myid:1] - DEBUG [ProcessThread(sid:0 cport:2181)::PrepRequestProcessor@299] - ACLs for node: [31,s{'world,'anyone}
]
2026-08-18 07:03:43,515 [myid:1] - DEBUG [ProcessThread(sid:0 cport:2181)::PrepRequestProcessor@300] - Client credentials: ['ip,'172.18.0.2
, 'digest,'pat:KDzjoQ5VTKQfcjheJHwntPTKiXc=
]
2026-08-18 07:03:43,515 [myid:1] - DEBUG [ProcessThread(sid:0 cport:2181)::SessionTrackerImpl@296] - Checking session 0x10013915d9b0000
2026-08-18 07:03:43,515 [myid:1] - DEBUG [ProcessThread(sid:0 cport:2181)::PrepRequestProcessor@963] - Processing ACL: 31,s{'auth,}

2026-08-18 07:03:43,515 [myid:1] - DEBUG [ProcessThread(sid:0 cport:2181)::PrepRequestProcessor@298] - Permission requested: 4 
2026-08-18 07:03:43,515 [myid:1] - DEBUG [ProcessThread(sid:0 cport:2181)::PrepRequestProcessor@299] - ACLs for node: [31,s{'world,'anyone}
]
2026-08-18 07:03:43,515 [myid:1] - DEBUG [ProcessThread(sid:0 cport:2181)::PrepRequestProcessor@300] - Client credentials: ['ip,'172.18.0.2
, 'digest,'pat:KDzjoQ5VTKQfcjheJHwntPTKiXc=
]
2026-08-18 07:03:43,515 [myid:1] - DEBUG [ProcessThread(sid:0 cport:2181)::SessionTrackerImpl@296] - Checking session 0x10013915d9b0000
2026-08-18 07:03:43,515 [myid:1] - DEBUG [ProcessThread(sid:0 cport:2181)::PrepRequestProcessor@963] - Processing ACL: 31,s{'auth,}

2026-08-18 07:03:43,515 [myid:1] - DEBUG [ProcessThread(sid:0 cport:2181)::PrepRequestProcessor@298] - Permission requested: 4 
2026-08-18 07:03:43,515 [myid:1] - DEBUG [ProcessThread(sid:0 cport:2181)::PrepRequestProcessor@299] - ACLs for node: [31,s{'world,'anyone}
]
2026-08-18 07:03:43,515 [myid:1] - DEBUG [ProcessThread(sid:0 cport:2181)::PrepRequestProcessor@300] - Client credentials: ['ip,'172.18.0.2
, 'digest,'pat:KDzjoQ5VTKQfcjheJHwntPTKiXc=
]
2026-08-18 07:03:43,515 [myid:1] - DEBUG [ProcessThread(sid:0 cport:2181)::SessionTrackerImpl@296] - Checking session 0x10013915d9b0000
2026-08-18 07:03:43,516 [myid:1] - DEBUG [ProcessThread(sid:0 cport:2181)::PrepRequestProcessor@963] - Processing ACL: 31,s{'auth,}

2026-08-18 07:03:43,516 [myid:1] - DEBUG [ProcessThread(sid:0 cport:2181)::PrepRequestProcessor@298] - Permission requested: 4 
2026-08-18 07:03:43,516 [myid:1] - DEBUG [ProcessThread(sid:0 cport:2181)::PrepRequestProcessor@299] - ACLs for node: [31,s{'world,'anyone}
]
2026-08-18 07:03:43,516 [myid:1] - DEBUG [ProcessThread(sid:0 cport:2181)::PrepRequestProcessor@300] - Client credentials: ['ip,'172.18.0.2
, 'digest,'pat:KDzjoQ5VTKQfcjheJHwntPTKiXc=
]
2026-08-18 07:03:43,516 [myid:1] - DEBUG [ProcessThread(sid:0 cport:2181)::SessionTrackerImpl@296] - Checking session 0x10013915d9b0000
2026-08-18 07:03:43,516 [myid:1] - DEBUG [ProcessThread(sid:0 cport:2181)::PrepRequestProcessor@963] - Processing ACL: 31,s{'auth,}

2026-08-18 07:03:43,516 [myid:1] - DEBUG [ProcessThread(sid:0 cport:2181)::PrepRequestProcessor@298] - Permission requested: 4 
2026-08-18 07:03:43,516 [myid:1] - DEBUG [ProcessThread(sid:0 cport:2181)::PrepRequestProcessor@299] - ACLs for node: [31,s{'world,'anyone}
]
2026-08-18 07:03:43,516 [myid:1] - DEBUG [ProcessThread(sid:0 cport:2181)::PrepRequestProcessor@300] - Client credentials: ['ip,'172.18.0.2
, 'digest,'pat:KDzjoQ5VTKQfcjheJHwntPTKiXc=
]
2026-08-18 07:03:43,516 [myid:1] - DEBUG [ProcessThread(sid:0 cport:2181)::SessionTrackerImpl@296] - Checking session 0x10013915d9b0000
2026-08-18 07:03:43,516 [myid:1] - DEBUG [ProcessThread(sid:0 cport:2181)::PrepRequestProcessor@963] - Processing ACL: 31,s{'auth,}

2026-08-18 07:03:43,516 [myid:1] - DEBUG [ProcessThread(sid:0 cport:2181)::PrepRequestProcessor@298] - Permission requested: 4 
2026-08-18 07:03:43,516 [myid:1] - DEBUG [ProcessThread(sid:0 cport:2181)::PrepRequestProcessor@299] - ACLs for node: [31,s{'world,'anyone}
]
2026-08-18 07:03:43,516 [myid:1] - DEBUG [ProcessThread(sid:0 cport:2181)::PrepRequestProcessor@300] - Client credentials: ['ip,'172.18.0.2
, 'digest,'pat:KDzjoQ5VTKQfcjheJHwntPTKiXc=
]
2026-08-18 07:03:43,516 [myid:1] - DEBUG [ProcessThread(sid:0 cport:2181)::SessionTrackerImpl@296] - Checking session 0x10013915d9b0000
2026-08-18 07:03:43,516 [myid:1] - DEBUG [ProcessThread(sid:0 cport:2181)::PrepRequestProcessor@963] - Processing ACL: 31,s{'auth,}

2026-08-18 07:03:43,516 [myid:1] - DEBUG [ProcessThread(sid:0 cport:2181)::PrepRequestProcessor@298] - Permission requested: 4 
2026-08-18 07:03:43,516 [myid:1] - DEBUG [ProcessThread(sid:0 cport:2181)::PrepRequestProcessor@299] - ACLs for node: [31,s{'world,'anyone}
]
2026-08-18 07:03:43,517 [myid:1] - DEBUG [ProcessThread(sid:0 cport:2181)::PrepRequestProcessor@300] - Client credentials: ['ip,'172.18.0.2
, 'digest,'pat:KDzjoQ5VTKQfcjheJHwntPTKiXc=
]
2026-08-18 07:03:43,517 [myid:1] - DEBUG [ProcessThread(sid:0 cport:2181)::SessionTrackerImpl@296] - Checking session 0x10013915d9b0000
2026-08-18 07:03:43,517 [myid:1] - DEBUG [ProcessThread(sid:0 cport:2181)::PrepRequestProcessor@963] - Processing ACL: 31,s{'auth,}

2026-08-18 07:03:43,517 [myid:1] - DEBUG [ProcessThread(sid:0 cport:2181)::PrepRequestProcessor@298] - Permission requested: 4 
2026-08-18 07:03:43,517 [myid:1] - DEBUG [ProcessThread(sid:0 cport:2181)::PrepRequestProcessor@299] - ACLs for node: [31,s{'world,'anyone}
]
2026-08-18 07:03:43,517 [myid:1] - DEBUG [ProcessThread(sid:0 cport:2181)::PrepRequestProcessor@300] - Client credentials: ['ip,'172.18.0.2
, 'digest,'pat:KDzjoQ5VTKQfcjheJHwntPTKiXc=
]
2026-08-18 07:03:43,517 [myid:1] - DEBUG [ProcessThread(sid:0 cport:2181)::SessionTrackerImpl@296] - Checking session 0x10013915d9b0000
2026-08-18 07:03:43,517 [myid:1] - DEBUG [ProcessThread(sid:0 cport:2181)::PrepRequestProcessor@963] - Processing ACL: 31,s{'auth,}

2026-08-18 07:03:43,517 [myid:1] - DEBUG [ProcessThread(sid:0 cport:2181)::PrepRequestProcessor@298] - Permission requested: 4 
2026-08-18 07:03:43,517 [myid:1] - DEBUG [ProcessThread(sid:0 cport:2181)::PrepRequestProcessor@299] - ACLs for node: [31,s{'world,'anyone}
]
2026-08-18 07:03:43,517 [myid:1] - DEBUG [ProcessThread(sid:0 cport:2181)::PrepRequestProcessor@300] - Client credentials: ['ip,'172.18.0.2
, 'digest,'pat:KDzjoQ5VTKQfcjheJHwntPTKiXc=
]
2026-08-18 07:03:43,517 [myid:1] - DEBUG [ProcessThread(sid:0 cport:2181)::SessionTrackerImpl@296] - Checking session 0x10013915d9b0000
2026-08-18 07:03:43,517 [myid:1] - DEBUG [ProcessThread(sid:0 cport:2181)::PrepRequestProcessor@963] - Processing ACL: 31,s{'auth,}

2026-08-18 07:03:43,517 [myid:1] - DEBUG [ProcessThread(sid:0 cport:2181)::PrepRequestProcessor@298] - Permission requested: 4 
2026-08-18 07:03:43,517 [myid:1] - DEBUG [ProcessThread(sid:0 cport:2181)::PrepRequestProcessor@299] - ACLs for node: [31,s{'world,'anyone}
]
2026-08-18 07:03:43,517 [myid:1] - DEBUG [ProcessThread(sid:0 cport:2181)::PrepRequestProcessor@300] - Client credentials: ['ip,'172.18.0.2
, 'digest,'pat:KDzjoQ5VTKQfcjheJHwntPTKiXc=
]
2026-08-18 07:03:43,517 [myid:1] - DEBUG [ProcessThread(sid:0 cport:2181)::SessionTrackerImpl@296] - Checking session 0x10013915d9b0000
2026-08-18 07:03:43,517 [myid:1] - DEBUG [ProcessThread(sid:0 cport:2181)::PrepRequestProcessor@963] - Processing ACL: 31,s{'auth,}

2026-08-18 07:03:43,518 [myid:1] - DEBUG [ProcessThread(sid:0 cport:2181)::PrepRequestProcessor@298] - Permission requested: 4 
2026-08-18 07:03:43,518 [myid:1] - DEBUG [ProcessThread(sid:0 cport:2181)::PrepRequestProcessor@299] - ACLs for node: [31,s{'world,'anyone}
]
2026-08-18 07:03:43,518 [myid:1] - DEBUG [ProcessThread(sid:0 cport:2181)::PrepRequestProcessor@300] - Client credentials: ['ip,'172.18.0.2
, 'digest,'pat:KDzjoQ5VTKQfcjheJHwntPTKiXc=
]
2026-08-18 07:03:43,518 [myid:1] - DEBUG [ProcessThread(sid:0 cport:2181)::SessionTrackerImpl@296] - Checking session 0x10013915d9b0000
2026-08-18 07:03:43,518 [myid:1] - DEBUG [ProcessThread(sid:0 cport:2181)::PrepRequestProcessor@963] - Processing ACL: 31,s{'auth,}

2026-08-18 07:03:43,518 [myid:1] - DEBUG [ProcessThread(sid:0 cport:2181)::PrepRequestProcessor@298] - Permission requested: 4 
2026-08-18 07:03:43,518 [myid:1] - DEBUG [ProcessThread(sid:0 cport:2181)::PrepRequestProcessor@299] - ACLs for node: [31,s{'world,'anyone}
]
2026-08-18 07:03:43,518 [myid:1] - DEBUG [ProcessThread(sid:0 cport:2181)::PrepRequestProcessor@300] - Client credentials: ['ip,'172.18.0.2
, 'digest,'pat:KDzjoQ5VTKQfcjheJHwntPTKiXc=
]
2026-08-18 07:03:43,518 [myid:1] - DEBUG [ProcessThread(sid:0 cport:2181)::SessionTrackerImpl@296] - Checking session 0x10013915d9b0000
2026-08-18 07:03:43,518 [myid:1] - DEBUG [ProcessThread(sid:0 cport:2181)::PrepRequestProcessor@963] - Processing ACL: 31,s{'auth,}

2026-08-18 07:03:43,518 [myid:1] - DEBUG [ProcessThread(sid:0 cport:2181)::PrepRequestProcessor@298] - Permission requested: 4 
2026-08-18 07:03:43,518 [myid:1] - DEBUG [ProcessThread(sid:0 cport:2181)::PrepRequestProcessor@299] - ACLs for node: [31,s{'world,'anyone}
]
2026-08-18 07:03:43,518 [myid:1] - DEBUG [ProcessThread(sid:0 cport:2181)::PrepRequestProcessor@300] - Client credentials: ['ip,'172.18.0.2
, 'digest,'pat:KDzjoQ5VTKQfcjheJHwntPTKiXc=
]
2026-08-18 07:03:43,518 [myid:1] - DEBUG [ProcessThread(sid:0 cport:2181)::SessionTrackerImpl@296] - Checking session 0x10013915d9b0000
2026-08-18 07:03:43,518 [myid:1] - DEBUG [ProcessThread(sid:0 cport:2181)::PrepRequestProcessor@963] - Processing ACL: 31,s{'auth,}

2026-08-18 07:03:43,518 [myid:1] - DEBUG [ProcessThread(sid:0 cport:2181)::PrepRequestProcessor@298] - Permission requested: 4 
2026-08-18 07:03:43,518 [myid:1] - DEBUG [ProcessThread(sid:0 cport:2181)::PrepRequestProcessor@299] - ACLs for node: [31,s{'world,'anyone}
]
2026-08-18 07:03:43,518 [myid:1] - DEBUG [ProcessThread(sid:0 cport:2181)::PrepRequestProcessor@300] - Client credentials: ['ip,'172.18.0.2
, 'digest,'pat:KDzjoQ5VTKQfcjheJHwntPTKiXc=
]
2026-08-18 07:03:43,519 [myid:1] - DEBUG [ProcessThread(sid:0 cport:2181)::SessionTrackerImpl@296] - Checking session 0x10013915d9b0000
2026-08-18 07:03:43,519 [myid:1] - DEBUG [ProcessThread(sid:0 cport:2181)::PrepRequestProcessor@963] - Processing ACL: 31,s{'auth,}

2026-08-18 07:03:43,519 [myid:1] - DEBUG [ProcessThread(sid:0 cport:2181)::PrepRequestProcessor@298] - Permission requested: 4 
2026-08-18 07:03:43,519 [myid:1] - DEBUG [ProcessThread(sid:0 cport:2181)::PrepRequestProcessor@299] - ACLs for node: [31,s{'world,'anyone}
]
2026-08-18 07:03:43,519 [myid:1] - DEBUG [ProcessThread(sid:0 cport:2181)::PrepRequestProcessor@300] - Client credentials: ['ip,'172.18.0.2
, 'digest,'pat:KDzjoQ5VTKQfcjheJHwntPTKiXc=
]
2026-08-18 07:03:43,519 [myid:1] - DEBUG [ProcessThread(sid:0 cport:2181)::SessionTrackerImpl@296] - Checking session 0x10013915d9b0000
2026-08-18 07:03:43,519 [myid:1] - DEBUG [ProcessThread(sid:0 cport:2181)::PrepRequestProcessor@963] - Processing ACL: 31,s{'auth,}

2026-08-18 07:03:43,519 [myid:1] - DEBUG [ProcessThread(sid:0 cport:2181)::PrepRequestProcessor@298] - Permission requested: 4 
2026-08-18 07:03:43,519 [myid:1] - DEBUG [ProcessThread(sid:0 cport:2181)::PrepRequestProcessor@299] - ACLs for node: [31,s{'world,'anyone}
]
2026-08-18 07:03:43,519 [myid:1] - DEBUG [ProcessThread(sid:0 cport:2181)::PrepRequestProcessor@300] - Client credentials: ['ip,'172.18.0.2
, 'digest,'pat:KDzjoQ5VTKQfcjheJHwntPTKiXc=
]
2026-08-18 07:03:43,519 [myid:1] - DEBUG [ProcessThread(sid:0 cport:2181)::SessionTrackerImpl@296] - Checking session 0x10013915d9b0000
2026-08-18 07:03:43,519 [myid:1] - DEBUG [ProcessThread(sid:0 cport:2181)::PrepRequestProcessor@963] - Processing ACL: 31,s{'auth,}

2026-08-18 07:03:43,519 [myid:1] - DEBUG [ProcessThread(sid:0 cport:2181)::PrepRequestProcessor@298] - Permission requested: 4 
2026-08-18 07:03:43,519 [myid:1] - DEBUG [ProcessThread(sid:0 cport:2181)::PrepRequestProcessor@299] - ACLs for node: [31,s{'world,'anyone}
]
2026-08-18 07:03:43,519 [myid:1] - DEBUG [ProcessThread(sid:0 cport:2181)::PrepRequestProcessor@300] - Client credentials: ['ip,'172.18.0.2
, 'digest,'pat:KDzjoQ5VTKQfcjheJHwntPTKiXc=
]
2026-08-18 07:03:43,519 [myid:1] - DEBUG [ProcessThread(sid:0 cport:2181)::SessionTrackerImpl@296] - Checking session 0x10013915d9b0000
2026-08-18 07:03:43,519 [myid:1] - DEBUG [ProcessThread(sid:0 cport:2181)::PrepRequestProcessor@963] - Processing ACL: 31,s{'auth,}

2026-08-18 07:03:43,520 [myid:1] - DEBUG [ProcessThread(sid:0 cport:2181)::PrepRequestProcessor@298] - Permission requested: 4 
2026-08-18 07:03:43,520 [myid:1] - DEBUG [ProcessThread(sid:0 cport:2181)::PrepRequestProcessor@299] - ACLs for node: [31,s{'world,'anyone}
]
2026-08-18 07:03:43,520 [myid:1] - DEBUG [ProcessThread(sid:0 cport:2181)::PrepRequestProcessor@300] - Client credentials: ['ip,'172.18.0.2
, 'digest,'pat:KDzjoQ5VTKQfcjheJHwntPTKiXc=
]
2026-08-18 07:03:43,520 [myid:1] - DEBUG [ProcessThread(sid:0 cport:2181)::SessionTrackerImpl@296] - Checking session 0x10013915d9b0000
2026-08-18 07:03:43,520 [myid:1] - DEBUG [ProcessThread(sid:0 cport:2181)::PrepRequestProcessor@963] - Processing ACL: 31,s{'auth,}

2026-08-18 07:03:43,520 [myid:1] - DEBUG [ProcessThread(sid:0 cport:2181)::PrepRequestProcessor@298] - Permission requested: 4 
2026-08-18 07:03:43,520 [myid:1] - DEBUG [ProcessThread(sid:0 cport:2181)::PrepRequestProcessor@299] - ACLs for node: [31,s{'world,'anyone}
]
2026-08-18 07:03:43,520 [myid:1] - DEBUG [ProcessThread(sid:0 cport:2181)::PrepRequestProcessor@300] - Client credentials: ['ip,'172.18.0.2
, 'digest,'pat:KDzjoQ5VTKQfcjheJHwntPTKiXc=
]
2026-08-18 07:03:43,520 [myid:1] - DEBUG [ProcessThread(sid:0 cport:2181)::SessionTrackerImpl@296] - Checking session 0x10013915d9b0000
2026-08-18 07:03:43,520 [myid:1] - DEBUG [ProcessThread(sid:0 cport:2181)::PrepRequestProcessor@963] - Processing ACL: 31,s{'auth,}

2026-08-18 07:03:43,520 [myid:1] - DEBUG [ProcessThread(sid:0 cport:2181)::PrepRequestProcessor@298] - Permission requested: 4 
2026-08-18 07:03:43,520 [myid:1] - DEBUG [ProcessThread(sid:0 cport:2181)::PrepRequestProcessor@299] - ACLs for node: [31,s{'world,'anyone}
]
2026-08-18 07:03:43,520 [myid:1] - DEBUG [ProcessThread(sid:0 cport:2181)::PrepRequestProcessor@300] - Client credentials: ['ip,'172.18.0.2
, 'digest,'pat:KDzjoQ5VTKQfcjheJHwntPTKiXc=
]
2026-08-18 07:03:43,520 [myid:1] - DEBUG [ProcessThread(sid:0 cport:2181)::SessionTrackerImpl@296] - Checking session 0x10013915d9b0000
2026-08-18 07:03:43,520 [myid:1] - DEBUG [ProcessThread(sid:0 cport:2181)::PrepRequestProcessor@963] - Processing ACL: 31,s{'auth,}

2026-08-18 07:03:43,520 [myid:1] - DEBUG [ProcessThread(sid:0 cport:2181)::PrepRequestProcessor@298] - Permission requested: 4 
2026-08-18 07:03:43,520 [myid:1] - DEBUG [ProcessThread(sid:0 cport:2181)::PrepRequestProcessor@299] - ACLs for node: [31,s{'world,'anyone}
]
2026-08-18 07:03:43,520 [myid:1] - DEBUG [ProcessThread(sid:0 cport:2181)::PrepRequestProcessor@300] - Client credentials: ['ip,'172.18.0.2
, 'digest,'pat:KDzjoQ5VTKQfcjheJHwntPTKiXc=
]
2026-08-18 07:03:43,520 [myid:1] - DEBUG [ProcessThread(sid:0 cport:2181)::SessionTrackerImpl@296] - Checking session 0x10013915d9b0000
2026-08-18 07:03:43,521 [myid:1] - DEBUG [ProcessThread(sid:0 cport:2181)::PrepRequestProcessor@963] - Processing ACL: 31,s{'auth,}

2026-08-18 07:03:43,521 [myid:1] - DEBUG [ProcessThread(sid:0 cport:2181)::PrepRequestProcessor@298] - Permission requested: 4 
2026-08-18 07:03:43,521 [myid:1] - DEBUG [ProcessThread(sid:0 cport:2181)::PrepRequestProcessor@299] - ACLs for node: [31,s{'world,'anyone}
]
2026-08-18 07:03:43,521 [myid:1] - DEBUG [ProcessThread(sid:0 cport:2181)::PrepRequestProcessor@300] - Client credentials: ['ip,'172.18.0.2
, 'digest,'pat:KDzjoQ5VTKQfcjheJHwntPTKiXc=
]
2026-08-18 07:03:43,521 [myid:1] - DEBUG [ProcessThread(sid:0 cport:2181)::SessionTrackerImpl@296] - Checking session 0x10013915d9b0000
2026-08-18 07:03:43,521 [myid:1] - DEBUG [ProcessThread(sid:0 cport:2181)::PrepRequestProcessor@963] - Processing ACL: 31,s{'auth,}

2026-08-18 07:03:43,521 [myid:1] - DEBUG [ProcessThread(sid:0 cport:2181)::PrepRequestProcessor@298] - Permission requested: 4 
2026-08-18 07:03:43,521 [myid:1] - DEBUG [ProcessThread(sid:0 cport:2181)::PrepRequestProcessor@299] - ACLs for node: [31,s{'world,'anyone}
]
2026-08-18 07:03:43,521 [myid:1] - DEBUG [ProcessThread(sid:0 cport:2181)::PrepRequestProcessor@300] - Client credentials: ['ip,'172.18.0.2
, 'digest,'pat:KDzjoQ5VTKQfcjheJHwntPTKiXc=
]
2026-08-18 07:03:43,521 [myid:1] - DEBUG [ProcessThread(sid:0 cport:2181)::SessionTrackerImpl@296] - Checking session 0x10013915d9b0000
2026-08-18 07:03:43,521 [myid:1] - DEBUG [ProcessThread(sid:0 cport:2181)::PrepRequestProcessor@963] - Processing ACL: 31,s{'auth,}

2026-08-18 07:03:43,521 [myid:1] - DEBUG [ProcessThread(sid:0 cport:2181)::PrepRequestProcessor@298] - Permission requested: 4 
2026-08-18 07:03:43,521 [myid:1] - DEBUG [ProcessThread(sid:0 cport:2181)::PrepRequestProcessor@299] - ACLs for node: [31,s{'world,'anyone}
]
2026-08-18 07:03:43,521 [myid:1] - DEBUG [ProcessThread(sid:0 cport:2181)::PrepRequestProcessor@300] - Client credentials: ['ip,'172.18.0.2
, 'digest,'pat:KDzjoQ5VTKQfcjheJHwntPTKiXc=
]
2026-08-18 07:03:43,521 [myid:1] - DEBUG [ProcessThread(sid:0 cport:2181)::SessionTrackerImpl@296] - Checking session 0x10013915d9b0000
2026-08-18 07:03:43,521 [myid:1] - DEBUG [ProcessThread(sid:0 cport:2181)::PrepRequestProcessor@963] - Processing ACL: 31,s{'auth,}

2026-08-18 07:03:43,521 [myid:1] - DEBUG [ProcessThread(sid:0 cport:2181)::PrepRequestProcessor@298] - Permission requested: 4 
2026-08-18 07:03:43,521 [myid:1] - DEBUG [ProcessThread(sid:0 cport:2181)::PrepRequestProcessor@299] - ACLs for node: [31,s{'world,'anyone}
]
2026-08-18 07:03:43,521 [myid:1] - DEBUG [ProcessThread(sid:0 cport:2181)::PrepRequestProcessor@300] - Client credentials: ['ip,'172.18.0.2
, 'digest,'pat:KDzjoQ5VTKQfcjheJHwntPTKiXc=
]
2026-08-18 07:03:43,522 [myid:1] - DEBUG [ProcessThread(sid:0 cport:2181)::SessionTrackerImpl@296] - Checking session 0x10013915d9b0000
2026-08-18 07:03:43,522 [myid:1] - DEBUG [ProcessThread(sid:0 cport:2181)::PrepRequestProcessor@963] - Processing ACL: 31,s{'auth,}

2026-08-18 07:03:43,522 [myid:1] - DEBUG [ProcessThread(sid:0 cport:2181)::PrepRequestProcessor@298] - Permission requested: 4 
2026-08-18 07:03:43,522 [myid:1] - DEBUG [ProcessThread(sid:0 cport:2181)::PrepRequestProcessor@299] - ACLs for node: [31,s{'world,'anyone}
]
2026-08-18 07:03:43,522 [myid:1] - DEBUG [ProcessThread(sid:0 cport:2181)::PrepRequestProcessor@300] - Client credentials: ['ip,'172.18.0.2
, 'digest,'pat:KDzjoQ5VTKQfcjheJHwntPTKiXc=
]
2026-08-18 07:03:43,522 [myid:1] - DEBUG [ProcessThread(sid:0 cport:2181)::SessionTrackerImpl@296] - Checking session 0x10013915d9b0000
2026-08-18 07:03:43,522 [myid:1] - DEBUG [ProcessThread(sid:0 cport:2181)::PrepRequestProcessor@963] - Processing ACL: 31,s{'auth,}

2026-08-18 07:03:43,522 [myid:1] - DEBUG [ProcessThread(sid:0 cport:2181)::PrepRequestProcessor@298] - Permission requested: 4 
2026-08-18 07:03:43,522 [myid:1] - DEBUG [ProcessThread(sid:0 cport:2181)::PrepRequestProcessor@299] - ACLs for node: [31,s{'world,'anyone}
]
2026-08-18 07:03:43,522 [myid:1] - DEBUG [ProcessThread(sid:0 cport:2181)::PrepRequestProcessor@300] - Client credentials: ['ip,'172.18.0.2
, 'digest,'pat:KDzjoQ5VTKQfcjheJHwntPTKiXc=
]
2026-08-18 07:03:43,522 [myid:1] - DEBUG [ProcessThread(sid:0 cport:2181)::SessionTrackerImpl@296] - Checking session 0x10013915d9b0000
2026-08-18 07:03:43,522 [myid:1] - DEBUG [ProcessThread(sid:0 cport:2181)::PrepRequestProcessor@963] - Processing ACL: 31,s{'auth,}

2026-08-18 07:03:43,522 [myid:1] - DEBUG [ProcessThread(sid:0 cport:2181)::PrepRequestProcessor@298] - Permission requested: 4 
2026-08-18 07:03:43,522 [myid:1] - DEBUG [ProcessThread(sid:0 cport:2181)::PrepRequestProcessor@299] - ACLs for node: [31,s{'world,'anyone}
]
2026-08-18 07:03:43,522 [myid:1] - DEBUG [ProcessThread(sid:0 cport:2181)::PrepRequestProcessor@300] - Client credentials: ['ip,'172.18.0.2
, 'digest,'pat:KDzjoQ5VTKQfcjheJHwntPTKiXc=
]
2026-08-18 07:03:43,522 [myid:1] - DEBUG [ProcessThread(sid:0 cport:2181)::SessionTrackerImpl@296] - Checking session 0x10013915d9b0000
2026-08-18 07:03:43,522 [myid:1] - DEBUG [ProcessThread(sid:0 cport:2181)::PrepRequestProcessor@963] - Processing ACL: 31,s{'auth,}

2026-08-18 07:03:43,522 [myid:1] - DEBUG [ProcessThread(sid:0 cport:2181)::PrepRequestProcessor@298] - Permission requested: 4 
2026-08-18 07:03:43,522 [myid:1] - DEBUG [ProcessThread(sid:0 cport:2181)::PrepRequestProcessor@299] - ACLs for node: [31,s{'world,'anyone}
]
2026-08-18 07:03:43,522 [myid:1] - DEBUG [ProcessThread(sid:0 cport:2181)::PrepRequestProcessor@300] - Client credentials: ['ip,'172.18.0.2
, 'digest,'pat:KDzjoQ5VTKQfcjheJHwntPTKiXc=
]
2026-08-18 07:03:43,523 [myid:1] - DEBUG [ProcessThread(sid:0 cport:2181)::SessionTrackerImpl@296] - Checking session 0x10013915d9b0000
2026-08-18 07:03:43,523 [myid:1] - DEBUG [ProcessThread(sid:0 cport:2181)::PrepRequestProcessor@963] - Processing ACL: 31,s{'auth,}

2026-08-18 07:03:43,523 [myid:1] - DEBUG [ProcessThread(sid:0 cport:2181)::PrepRequestProcessor@298] - Permission requested: 4 
2026-08-18 07:03:43,523 [myid:1] - DEBUG [ProcessThread(sid:0 cport:2181)::PrepRequestProcessor@299] - ACLs for node: [31,s{'world,'anyone}
]
2026-08-18 07:03:43,523 [myid:1] - DEBUG [ProcessThread(sid:0 cport:2181)::PrepRequestProcessor@300] - Client credentials: ['ip,'172.18.0.2
, 'digest,'pat:KDzjoQ5VTKQfcjheJHwntPTKiXc=
]
2026-08-18 07:03:43,523 [myid:1] - DEBUG [ProcessThread(sid:0 cport:2181)::SessionTrackerImpl@296] - Checking session 0x10013915d9b0000
2026-08-18 07:03:43,523 [myid:1] - DEBUG [ProcessThread(sid:0 cport:2181)::PrepRequestProcessor@963] - Processing ACL: 31,s{'auth,}

2026-08-18 07:03:43,523 [myid:1] - DEBUG [ProcessThread(sid:0 cport:2181)::PrepRequestProcessor@298] - Permission requested: 4 
2026-08-18 07:03:43,523 [myid:1] - DEBUG [ProcessThread(sid:0 cport:2181)::PrepRequestProcessor@299] - ACLs for node: [31,s{'world,'anyone}
]
2026-08-18 07:03:43,523 [myid:1] - DEBUG [ProcessThread(sid:0 cport:2181)::PrepRequestProcessor@300] - Client credentials: ['ip,'172.18.0.2
, 'digest,'pat:KDzjoQ5VTKQfcjheJHwntPTKiXc=
]
2026-08-18 07:03:43,523 [myid:1] - DEBUG [ProcessThread(sid:0 cport:2181)::SessionTrackerImpl@296] - Checking session 0x10013915d9b0000
2026-08-18 07:03:43,523 [myid:1] - DEBUG [ProcessThread(sid:0 cport:2181)::PrepRequestProcessor@963] - Processing ACL: 31,s{'auth,}

2026-08-18 07:03:43,523 [myid:1] - DEBUG [ProcessThread(sid:0 cport:2181)::PrepRequestProcessor@298] - Permission requested: 4 
2026-08-18 07:03:43,523 [myid:1] - DEBUG [ProcessThread(sid:0 cport:2181)::PrepRequestProcessor@299] - ACLs for node: [31,s{'world,'anyone}
]
2026-08-18 07:03:43,523 [myid:1] - DEBUG [ProcessThread(sid:0 cport:2181)::PrepRequestProcessor@300] - Client credentials: ['ip,'172.18.0.2
, 'digest,'pat:KDzjoQ5VTKQfcjheJHwntPTKiXc=
]
2026-08-18 07:03:43,523 [myid:1] - DEBUG [ProcessThread(sid:0 cport:2181)::SessionTrackerImpl@296] - Checking session 0x10013915d9b0000
2026-08-18 07:03:43,523 [myid:1] - DEBUG [ProcessThread(sid:0 cport:2181)::PrepRequestProcessor@963] - Processing ACL: 31,s{'auth,}

2026-08-18 07:03:43,523 [myid:1] - DEBUG [ProcessThread(sid:0 cport:2181)::PrepRequestProcessor@298] - Permission requested: 4 
2026-08-18 07:03:43,524 [myid:1] - DEBUG [ProcessThread(sid:0 cport:2181)::PrepRequestProcessor@299] - ACLs for node: [31,s{'world,'anyone}
]
2026-08-18 07:03:43,524 [myid:1] - DEBUG [ProcessThread(sid:0 cport:2181)::PrepRequestProcessor@300] - Client credentials: ['ip,'172.18.0.2
, 'digest,'pat:KDzjoQ5VTKQfcjheJHwntPTKiXc=
]
2026-08-18 07:03:43,524 [myid:1] - DEBUG [ProcessThread(sid:0 cport:2181)::SessionTrackerImpl@296] - Checking session 0x10013915d9b0000
2026-08-18 07:03:43,524 [myid:1] - DEBUG [ProcessThread(sid:0 cport:2181)::PrepRequestProcessor@963] - Processing ACL: 31,s{'auth,}

2026-08-18 07:03:43,524 [myid:1] - DEBUG [ProcessThread(sid:0 cport:2181)::PrepRequestProcessor@298] - Permission requested: 4 
2026-08-18 07:03:43,524 [myid:1] - DEBUG [ProcessThread(sid:0 cport:2181)::PrepRequestProcessor@299] - ACLs for node: [31,s{'world,'anyone}
]
2026-08-18 07:03:43,524 [myid:1] - DEBUG [ProcessThread(sid:0 cport:2181)::PrepRequestProcessor@300] - Client credentials: ['ip,'172.18.0.2
, 'digest,'pat:KDzjoQ5VTKQfcjheJHwntPTKiXc=
]
2026-08-18 07:03:43,524 [myid:1] - DEBUG [ProcessThread(sid:0 cport:2181)::SessionTrackerImpl@296] - Checking session 0x10013915d9b0000
2026-08-18 07:03:43,524 [myid:1] - DEBUG [ProcessThread(sid:0 cport:2181)::PrepRequestProcessor@963] - Processing ACL: 31,s{'auth,}

2026-08-18 07:03:43,524 [myid:1] - DEBUG [ProcessThread(sid:0 cport:2181)::PrepRequestProcessor@298] - Permission requested: 4 
2026-08-18 07:03:43,524 [myid:1] - DEBUG [ProcessThread(sid:0 cport:2181)::PrepRequestProcessor@299] - ACLs for node: [31,s{'world,'anyone}
]
2026-08-18 07:03:43,524 [myid:1] - DEBUG [ProcessThread(sid:0 cport:2181)::PrepRequestProcessor@300] - Client credentials: ['ip,'172.18.0.2
, 'digest,'pat:KDzjoQ5VTKQfcjheJHwntPTKiXc=
]
2026-08-18 07:03:43,524 [myid:1] - DEBUG [ProcessThread(sid:0 cport:2181)::SessionTrackerImpl@296] - Checking session 0x10013915d9b0000
2026-08-18 07:03:43,524 [myid:1] - DEBUG [ProcessThread(sid:0 cport:2181)::PrepRequestProcessor@963] - Processing ACL: 31,s{'auth,}

2026-08-18 07:03:43,524 [myid:1] - DEBUG [ProcessThread(sid:0 cport:2181)::PrepRequestProcessor@298] - Permission requested: 4 
2026-08-18 07:03:43,524 [myid:1] - DEBUG [ProcessThread(sid:0 cport:2181)::PrepRequestProcessor@299] - ACLs for node: [31,s{'world,'anyone}
]
2026-08-18 07:03:43,524 [myid:1] - DEBUG [ProcessThread(sid:0 cport:2181)::PrepRequestProcessor@300] - Client credentials: ['ip,'172.18.0.2
, 'digest,'pat:KDzjoQ5VTKQfcjheJHwntPTKiXc=
]
2026-08-18 07:03:43,524 [myid:1] - DEBUG [ProcessThread(sid:0 cport:2181)::SessionTrackerImpl@296] - Checking session 0x10013915d9b0000
2026-08-18 07:03:43,524 [myid:1] - DEBUG [ProcessThread(sid:0 cport:2181)::PrepRequestProcessor@963] - Processing ACL: 31,s{'auth,}

2026-08-18 07:03:43,524 [myid:1] - DEBUG [ProcessThread(sid:0 cport:2181)::PrepRequestProcessor@298] - Permission requested: 4 
2026-08-18 07:03:43,525 [myid:1] - DEBUG [ProcessThread(sid:0 cport:2181)::PrepRequestProcessor@299] - ACLs for node: [31,s{'world,'anyone}
]
2026-08-18 07:03:43,525 [myid:1] - DEBUG [ProcessThread(sid:0 cport:2181)::PrepRequestProcessor@300] - Client credentials: ['ip,'172.18.0.2
, 'digest,'pat:KDzjoQ5VTKQfcjheJHwntPTKiXc=
]
2026-08-18 07:03:43,525 [myid:1] - DEBUG [ProcessThread(sid:0 cport:2181)::SessionTrackerImpl@296] - Checking session 0x10013915d9b0000
2026-08-18 07:03:43,525 [myid:1] - DEBUG [ProcessThread(sid:0 cport:2181)::PrepRequestProcessor@963] - Processing ACL: 31,s{'auth,}

2026-08-18 07:03:43,525 [myid:1] - DEBUG [ProcessThread(sid:0 cport:2181)::PrepRequestProcessor@298] - Permission requested: 4 
2026-08-18 07:03:43,525 [myid:1] - DEBUG [ProcessThread(sid:0 cport:2181)::PrepRequestProcessor@299] - ACLs for node: [31,s{'world,'anyone}
]
2026-08-18 07:03:43,525 [myid:1] - DEBUG [ProcessThread(sid:0 cport:2181)::PrepRequestProcessor@300] - Client credentials: ['ip,'172.18.0.2
, 'digest,'pat:KDzjoQ5VTKQfcjheJHwntPTKiXc=
]
2026-08-18 07:03:43,525 [myid:1] - DEBUG [ProcessThread(sid:0 cport:2181)::SessionTrackerImpl@296] - Checking session 0x10013915d9b0000
2026-08-18 07:03:43,525 [myid:1] - DEBUG [ProcessThread(sid:0 cport:2181)::PrepRequestProcessor@963] - Processing ACL: 31,s{'auth,}

2026-08-18 07:03:43,525 [myid:1] - DEBUG [ProcessThread(sid:0 cport:2181)::PrepRequestProcessor@298] - Permission requested: 4 
2026-08-18 07:03:43,525 [myid:1] - DEBUG [ProcessThread(sid:0 cport:2181)::PrepRequestProcessor@299] - ACLs for node: [31,s{'world,'anyone}
]
2026-08-18 07:03:43,525 [myid:1] - DEBUG [ProcessThread(sid:0 cport:2181)::PrepRequestProcessor@300] - Client credentials: ['ip,'172.18.0.2
, 'digest,'pat:KDzjoQ5VTKQfcjheJHwntPTKiXc=
]
2026-08-18 07:03:43,525 [myid:1] - DEBUG [ProcessThread(sid:0 cport:2181)::SessionTrackerImpl@296] - Checking session 0x10013915d9b0000
2026-08-18 07:03:43,525 [myid:1] - DEBUG [ProcessThread(sid:0 cport:2181)::PrepRequestProcessor@963] - Processing ACL: 31,s{'auth,}

2026-08-18 07:03:43,525 [myid:1] - DEBUG [ProcessThread(sid:0 cport:2181)::PrepRequestProcessor@298] - Permission requested: 4 
2026-08-18 07:03:43,525 [myid:1] - DEBUG [ProcessThread(sid:0 cport:2181)::PrepRequestProcessor@299] - ACLs for node: [31,s{'world,'anyone}
]
2026-08-18 07:03:43,525 [myid:1] - DEBUG [ProcessThread(sid:0 cport:2181)::PrepRequestProcessor@300] - Client credentials: ['ip,'172.18.0.2
, 'digest,'pat:KDzjoQ5VTKQfcjheJHwntPTKiXc=
]
2026-08-18 07:03:43,525 [myid:1] - DEBUG [ProcessThread(sid:0 cport:2181)::SessionTrackerImpl@296] - Checking session 0x10013915d9b0000
2026-08-18 07:03:43,525 [myid:1] - DEBUG [ProcessThread(sid:0 cport:2181)::PrepRequestProcessor@963] - Processing ACL: 31,s{'auth,}

2026-08-18 07:03:43,525 [myid:1] - DEBUG [ProcessThread(sid:0 cport:2181)::PrepRequestProcessor@298] - Permission requested: 4 
2026-08-18 07:03:43,525 [myid:1] - DEBUG [ProcessThread(sid:0 cport:2181)::PrepRequestProcessor@299] - ACLs for node: [31,s{'world,'anyone}
]
2026-08-18 07:03:43,525 [myid:1] - DEBUG [ProcessThread(sid:0 cport:2181)::PrepRequestProcessor@300] - Client credentials: ['ip,'172.18.0.2
, 'digest,'pat:KDzjoQ5VTKQfcjheJHwntPTKiXc=
]
2026-08-18 07:03:43,526 [myid:1] - DEBUG [ProcessThread(sid:0 cport:2181)::SessionTrackerImpl@296] - Checking session 0x10013915d9b0000
2026-08-18 07:03:43,526 [myid:1] - DEBUG [ProcessThread(sid:0 cport:2181)::PrepRequestProcessor@963] - Processing ACL: 31,s{'auth,}

2026-08-18 07:03:43,526 [myid:1] - DEBUG [ProcessThread(sid:0 cport:2181)::PrepRequestProcessor@298] - Permission requested: 4 
2026-08-18 07:03:43,526 [myid:1] - DEBUG [ProcessThread(sid:0 cport:2181)::PrepRequestProcessor@299] - ACLs for node: [31,s{'world,'anyone}
]
2026-08-18 07:03:43,526 [myid:1] - DEBUG [ProcessThread(sid:0 cport:2181)::PrepRequestProcessor@300] - Client credentials: ['ip,'172.18.0.2
, 'digest,'pat:KDzjoQ5VTKQfcjheJHwntPTKiXc=
]
2026-08-18 07:03:43,526 [myid:1] - DEBUG [ProcessThread(sid:0 cport:2181)::SessionTrackerImpl@296] - Checking session 0x10013915d9b0000
2026-08-18 07:03:43,526 [myid:1] - DEBUG [ProcessThread(sid:0 cport:2181)::PrepRequestProcessor@963] - Processing ACL: 31,s{'auth,}

2026-08-18 07:03:43,526 [myid:1] - DEBUG [ProcessThread(sid:0 cport:2181)::PrepRequestProcessor@298] - Permission requested: 4 
2026-08-18 07:03:43,526 [myid:1] - DEBUG [ProcessThread(sid:0 cport:2181)::PrepRequestProcessor@299] - ACLs for node: [31,s{'world,'anyone}
]
2026-08-18 07:03:43,526 [myid:1] - DEBUG [ProcessThread(sid:0 cport:2181)::PrepRequestProcessor@300] - Client credentials: ['ip,'172.18.0.2
, 'digest,'pat:KDzjoQ5VTKQfcjheJHwntPTKiXc=
]
2026-08-18 07:03:43,526 [myid:1] - DEBUG [ProcessThread(sid:0 cport:2181)::SessionTrackerImpl@296] - Checking session 0x10013915d9b0000
2026-08-18 07:03:43,526 [myid:1] - DEBUG [ProcessThread(sid:0 cport:2181)::PrepRequestProcessor@963] - Processing ACL: 31,s{'auth,}

2026-08-18 07:03:43,526 [myid:1] - DEBUG [ProcessThread(sid:0 cport:2181)::PrepRequestProcessor@298] - Permission requested: 4 
2026-08-18 07:03:43,526 [myid:1] - DEBUG [ProcessThread(sid:0 cport:2181)::PrepRequestProcessor@299] - ACLs for node: [31,s{'world,'anyone}
]
2026-08-18 07:03:43,530 [myid:1] - DEBUG [ProcessThread(sid:0 cport:2181)::PrepRequestProcessor@300] - Client credentials: ['ip,'172.18.0.2
, 'digest,'pat:KDzjoQ5VTKQfcjheJHwntPTKiXc=
]
2026-08-18 07:03:43,530 [myid:1] - DEBUG [ProcessThread(sid:0 cport:2181)::SessionTrackerImpl@296] - Checking session 0x10013915d9b0000
2026-08-18 07:03:43,530 [myid:1] - DEBUG [ProcessThread(sid:0 cport:2181)::PrepRequestProcessor@963] - Processing ACL: 31,s{'auth,}

2026-08-18 07:03:43,530 [myid:1] - DEBUG [ProcessThread(sid:0 cport:2181)::PrepRequestProcessor@298] - Permission requested: 4 
2026-08-18 07:03:43,530 [myid:1] - DEBUG [ProcessThread(sid:0 cport:2181)::PrepRequestProcessor@299] - ACLs for node: [31,s{'world,'anyone}
]
2026-08-18 07:03:43,530 [myid:1] - DEBUG [ProcessThread(sid:0 cport:2181)::PrepRequestProcessor@300] - Client credentials: ['ip,'172.18.0.2
, 'digest,'pat:KDzjoQ5VTKQfcjheJHwntPTKiXc=
]
2026-08-18 07:03:43,530 [myid:1] - DEBUG [ProcessThread(sid:0 cport:2181)::SessionTrackerImpl@296] - Checking session 0x10013915d9b0000
2026-08-18 07:03:43,530 [myid:1] - DEBUG [ProcessThread(sid:0 cport:2181)::PrepRequestProcessor@963] - Processing ACL: 31,s{'auth,}

2026-08-18 07:03:43,530 [myid:1] - DEBUG [ProcessThread(sid:0 cport:2181)::PrepRequestProcessor@298] - Permission requested: 4 
2026-08-18 07:03:43,530 [myid:1] - DEBUG [ProcessThread(sid:0 cport:2181)::PrepRequestProcessor@299] - ACLs for node: [31,s{'world,'anyone}
]
2026-08-18 07:03:43,530 [myid:1] - DEBUG [ProcessThread(sid:0 cport:2181)::PrepRequestProcessor@300] - Client credentials: ['ip,'172.18.0.2
, 'digest,'pat:KDzjoQ5VTKQfcjheJHwntPTKiXc=
]
2026-08-18 07:03:43,530 [myid:1] - DEBUG [ProcessThread(sid:0 cport:2181)::SessionTrackerImpl@296] - Checking session 0x10013915d9b0000
2026-08-18 07:03:43,530 [myid:1] - DEBUG [ProcessThread(sid:0 cport:2181)::PrepRequestProcessor@963] - Processing ACL: 31,s{'auth,}

2026-08-18 07:03:43,530 [myid:1] - DEBUG [ProcessThread(sid:0 cport:2181)::PrepRequestProcessor@298] - Permission requested: 4 
2026-08-18 07:03:43,530 [myid:1] - DEBUG [ProcessThread(sid:0 cport:2181)::PrepRequestProcessor@299] - ACLs for node: [31,s{'world,'anyone}
]
2026-08-18 07:03:43,530 [myid:1] - DEBUG [ProcessThread(sid:0 cport:2181)::PrepRequestProcessor@300] - Client credentials: ['ip,'172.18.0.2
, 'digest,'pat:KDzjoQ5VTKQfcjheJHwntPTKiXc=
]
2026-08-18 07:03:43,530 [myid:1] - DEBUG [ProcessThread(sid:0 cport:2181)::SessionTrackerImpl@296] - Checking session 0x10013915d9b0000
2026-08-18 07:03:43,531 [myid:1] - DEBUG [ProcessThread(sid:0 cport:2181)::PrepRequestProcessor@963] - Processing ACL: 31,s{'auth,}

2026-08-18 07:03:43,531 [myid:1] - DEBUG [ProcessThread(sid:0 cport:2181)::PrepRequestProcessor@298] - Permission requested: 4 
2026-08-18 07:03:43,531 [myid:1] - DEBUG [ProcessThread(sid:0 cport:2181)::PrepRequestProcessor@299] - ACLs for node: [31,s{'world,'anyone}
]
2026-08-18 07:03:43,531 [myid:1] - DEBUG [ProcessThread(sid:0 cport:2181)::PrepRequestProcessor@300] - Client credentials: ['ip,'172.18.0.2
, 'digest,'pat:KDzjoQ5VTKQfcjheJHwntPTKiXc=
]
2026-08-18 07:03:43,531 [myid:1] - DEBUG [ProcessThread(sid:0 cport:2181)::SessionTrackerImpl@296] - Checking session 0x10013915d9b0000
2026-08-18 07:03:43,531 [myid:1] - DEBUG [ProcessThread(sid:0 cport:2181)::PrepRequestProcessor@963] - Processing ACL: 31,s{'auth,}

2026-08-18 07:03:43,531 [myid:1] - DEBUG [ProcessThread(sid:0 cport:2181)::PrepRequestProcessor@298] - Permission requested: 4 
2026-08-18 07:03:43,531 [myid:1] - DEBUG [ProcessThread(sid:0 cport:2181)::PrepRequestProcessor@299] - ACLs for node: [31,s{'world,'anyone}
]
2026-08-18 07:03:43,531 [myid:1] - DEBUG [ProcessThread(sid:0 cport:2181)::PrepRequestProcessor@300] - Client credentials: ['ip,'172.18.0.2
, 'digest,'pat:KDzjoQ5VTKQfcjheJHwntPTKiXc=
]
2026-08-18 07:03:43,531 [myid:1] - DEBUG [ProcessThread(sid:0 cport:2181)::SessionTrackerImpl@296] - Checking session 0x10013915d9b0000
2026-08-18 07:03:43,531 [myid:1] - DEBUG [ProcessThread(sid:0 cport:2181)::PrepRequestProcessor@963] - Processing ACL: 31,s{'auth,}

2026-08-18 07:03:43,531 [myid:1] - DEBUG [ProcessThread(sid:0 cport:2181)::PrepRequestProcessor@298] - Permission requested: 4 
2026-08-18 07:03:43,531 [myid:1] - DEBUG [ProcessThread(sid:0 cport:2181)::PrepRequestProcessor@299] - ACLs for node: [31,s{'world,'anyone}
]
2026-08-18 07:03:43,531 [myid:1] - DEBUG [ProcessThread(sid:0 cport:2181)::PrepRequestProcessor@300] - Client credentials: ['ip,'172.18.0.2
, 'digest,'pat:KDzjoQ5VTKQfcjheJHwntPTKiXc=
]
2026-08-18 07:03:43,531 [myid:1] - DEBUG [ProcessThread(sid:0 cport:2181)::SessionTrackerImpl@296] - Checking session 0x10013915d9b0000
2026-08-18 07:03:43,531 [myid:1] - DEBUG [ProcessThread(sid:0 cport:2181)::PrepRequestProcessor@963] - Processing ACL: 31,s{'auth,}

2026-08-18 07:03:43,531 [myid:1] - DEBUG [ProcessThread(sid:0 cport:2181)::PrepRequestProcessor@298] - Permission requested: 4 
2026-08-18 07:03:43,531 [myid:1] - DEBUG [ProcessThread(sid:0 cport:2181)::PrepRequestProcessor@299] - ACLs for node: [31,s{'world,'anyone}
]
2026-08-18 07:03:43,532 [myid:1] - DEBUG [ProcessThread(sid:0 cport:2181)::PrepRequestProcessor@300] - Client credentials: ['ip,'172.18.0.2
, 'digest,'pat:KDzjoQ5VTKQfcjheJHwntPTKiXc=
]
2026-08-18 07:03:43,532 [myid:1] - DEBUG [ProcessThread(sid:0 cport:2181)::SessionTrackerImpl@296] - Checking session 0x10013915d9b0000
2026-08-18 07:03:43,532 [myid:1] - DEBUG [ProcessThread(sid:0 cport:2181)::PrepRequestProcessor@963] - Processing ACL: 31,s{'auth,}

2026-08-18 07:03:43,532 [myid:1] - DEBUG [ProcessThread(sid:0 cport:2181)::PrepRequestProcessor@298] - Permission requested: 4 
2026-08-18 07:03:43,532 [myid:1] - DEBUG [ProcessThread(sid:0 cport:2181)::PrepRequestProcessor@299] - ACLs for node: [31,s{'world,'anyone}
]
2026-08-18 07:03:43,532 [myid:1] - DEBUG [ProcessThread(sid:0 cport:2181)::PrepRequestProcessor@300] - Client credentials: ['ip,'172.18.0.2
, 'digest,'pat:KDzjoQ5VTKQfcjheJHwntPTKiXc=
]
2026-08-18 07:03:43,532 [myid:1] - DEBUG [ProcessThread(sid:0 cport:2181)::SessionTrackerImpl@296] - Checking session 0x10013915d9b0000
2026-08-18 07:03:43,532 [myid:1] - DEBUG [ProcessThread(sid:0 cport:2181)::PrepRequestProcessor@963] - Processing ACL: 31,s{'auth,}

2026-08-18 07:03:43,532 [myid:1] - DEBUG [ProcessThread(sid:0 cport:2181)::PrepRequestProcessor@298] - Permission requested: 4 
2026-08-18 07:03:43,532 [myid:1] - DEBUG [ProcessThread(sid:0 cport:2181)::PrepRequestProcessor@299] - ACLs for node: [31,s{'world,'anyone}
]
2026-08-18 07:03:43,532 [myid:1] - DEBUG [ProcessThread(sid:0 cport:2181)::PrepRequestProcessor@300] - Client credentials: ['ip,'172.18.0.2
, 'digest,'pat:KDzjoQ5VTKQfcjheJHwntPTKiXc=
]
2026-08-18 07:03:43,532 [myid:1] - DEBUG [ProcessThread(sid:0 cport:2181)::SessionTrackerImpl@296] - Checking session 0x10013915d9b0000
2026-08-18 07:03:43,532 [myid:1] - DEBUG [ProcessThread(sid:0 cport:2181)::PrepRequestProcessor@963] - Processing ACL: 31,s{'auth,}

2026-08-18 07:03:43,532 [myid:1] - DEBUG [ProcessThread(sid:0 cport:2181)::PrepRequestProcessor@298] - Permission requested: 4 
2026-08-18 07:03:43,532 [myid:1] - DEBUG [ProcessThread(sid:0 cport:2181)::PrepRequestProcessor@299] - ACLs for node: [31,s{'world,'anyone}
]
2026-08-18 07:03:43,532 [myid:1] - DEBUG [ProcessThread(sid:0 cport:2181)::PrepRequestProcessor@300] - Client credentials: ['ip,'172.18.0.2
, 'digest,'pat:KDzjoQ5VTKQfcjheJHwntPTKiXc=
]
2026-08-18 07:03:43,532 [myid:1] - DEBUG [ProcessThread(sid:0 cport:2181)::SessionTrackerImpl@296] - Checking session 0x10013915d9b0000
2026-08-18 07:03:43,532 [myid:1] - DEBUG [ProcessThread(sid:0 cport:2181)::PrepRequestProcessor@963] - Processing ACL: 31,s{'auth,}

2026-08-18 07:03:43,532 [myid:1] - DEBUG [ProcessThread(sid:0 cport:2181)::PrepRequestProcessor@298] - Permission requested: 4 
2026-08-18 07:03:43,532 [myid:1] - DEBUG [ProcessThread(sid:0 cport:2181)::PrepRequestProcessor@299] - ACLs for node: [31,s{'world,'anyone}
]
2026-08-18 07:03:43,532 [myid:1] - DEBUG [ProcessThread(sid:0 cport:2181)::PrepRequestProcessor@300] - Client credentials: ['ip,'172.18.0.2
, 'digest,'pat:KDzjoQ5VTKQfcjheJHwntPTKiXc=
]
2026-08-18 07:03:43,532 [myid:1] - DEBUG [ProcessThread(sid:0 cport:2181)::SessionTrackerImpl@296] - Checking session 0x10013915d9b0000
2026-08-18 07:03:43,533 [myid:1] - DEBUG [ProcessThread(sid:0 cport:2181)::PrepRequestProcessor@963] - Processing ACL: 31,s{'auth,}

2026-08-18 07:03:43,533 [myid:1] - DEBUG [ProcessThread(sid:0 cport:2181)::PrepRequestProcessor@298] - Permission requested: 4 
2026-08-18 07:03:43,533 [myid:1] - DEBUG [ProcessThread(sid:0 cport:2181)::PrepRequestProcessor@299] - ACLs for node: [31,s{'world,'anyone}
]
2026-08-18 07:03:43,533 [myid:1] - DEBUG [ProcessThread(sid:0 cport:2181)::PrepRequestProcessor@300] - Client credentials: ['ip,'172.18.0.2
, 'digest,'pat:KDzjoQ5VTKQfcjheJHwntPTKiXc=
]
2026-08-18 07:03:43,533 [myid:1] - DEBUG [ProcessThread(sid:0 cport:2181)::SessionTrackerImpl@296] - Checking session 0x10013915d9b0000
2026-08-18 07:03:43,533 [myid:1] - DEBUG [ProcessThread(sid:0 cport:2181)::PrepRequestProcessor@963] - Processing ACL: 31,s{'auth,}

2026-08-18 07:03:43,533 [myid:1] - DEBUG [ProcessThread(sid:0 cport:2181)::PrepRequestProcessor@298] - Permission requested: 4 
2026-08-18 07:03:43,533 [myid:1] - DEBUG [ProcessThread(sid:0 cport:2181)::PrepRequestProcessor@299] - ACLs for node: [31,s{'world,'anyone}
]
2026-08-18 07:03:43,533 [myid:1] - DEBUG [ProcessThread(sid:0 cport:2181)::PrepRequestProcessor@300] - Client credentials: ['ip,'172.18.0.2
, 'digest,'pat:KDzjoQ5VTKQfcjheJHwntPTKiXc=
]
2026-08-18 07:03:43,533 [myid:1] - DEBUG [ProcessThread(sid:0 cport:2181)::SessionTrackerImpl@296] - Checking session 0x10013915d9b0000
2026-08-18 07:03:43,533 [myid:1] - DEBUG [ProcessThread(sid:0 cport:2181)::PrepRequestProcessor@963] - Processing ACL: 31,s{'auth,}

2026-08-18 07:03:43,533 [myid:1] - DEBUG [ProcessThread(sid:0 cport:2181)::PrepRequestProcessor@298] - Permission requested: 4 
2026-08-18 07:03:43,533 [myid:1] - DEBUG [ProcessThread(sid:0 cport:2181)::PrepRequestProcessor@299] - ACLs for node: [31,s{'world,'anyone}
]
2026-08-18 07:03:43,533 [myid:1] - DEBUG [ProcessThread(sid:0 cport:2181)::PrepRequestProcessor@300] - Client credentials: ['ip,'172.18.0.2
, 'digest,'pat:KDzjoQ5VTKQfcjheJHwntPTKiXc=
]
2026-08-18 07:03:43,533 [myid:1] - DEBUG [ProcessThread(sid:0 cport:2181)::SessionTrackerImpl@296] - Checking session 0x10013915d9b0000
2026-08-18 07:03:43,533 [myid:1] - DEBUG [ProcessThread(sid:0 cport:2181)::PrepRequestProcessor@963] - Processing ACL: 31,s{'auth,}

2026-08-18 07:03:43,533 [myid:1] - DEBUG [ProcessThread(sid:0 cport:2181)::PrepRequestProcessor@298] - Permission requested: 4 
2026-08-18 07:03:43,533 [myid:1] - DEBUG [ProcessThread(sid:0 cport:2181)::PrepRequestProcessor@299] - ACLs for node: [31,s{'world,'anyone}
]
2026-08-18 07:03:43,533 [myid:1] - DEBUG [ProcessThread(sid:0 cport:2181)::PrepRequestProcessor@300] - Client credentials: ['ip,'172.18.0.2
, 'digest,'pat:KDzjoQ5VTKQfcjheJHwntPTKiXc=
]
2026-08-18 07:03:43,533 [myid:1] - DEBUG [ProcessThread(sid:0 cport:2181)::SessionTrackerImpl@296] - Checking session 0x10013915d9b0000
2026-08-18 07:03:43,533 [myid:1] - DEBUG [ProcessThread(sid:0 cport:2181)::PrepRequestProcessor@963] - Processing ACL: 31,s{'auth,}

2026-08-18 07:03:43,533 [myid:1] - DEBUG [ProcessThread(sid:0 cport:2181)::PrepRequestProcessor@298] - Permission requested: 4 
2026-08-18 07:03:43,533 [myid:1] - DEBUG [ProcessThread(sid:0 cport:2181)::PrepRequestProcessor@299] - ACLs for node: [31,s{'world,'anyone}
]
2026-08-18 07:03:43,534 [myid:1] - DEBUG [ProcessThread(sid:0 cport:2181)::PrepRequestProcessor@300] - Client credentials: ['ip,'172.18.0.2
, 'digest,'pat:KDzjoQ5VTKQfcjheJHwntPTKiXc=
]
2026-08-18 07:03:43,534 [myid:1] - DEBUG [ProcessThread(sid:0 cport:2181)::SessionTrackerImpl@296] - Checking session 0x10013915d9b0000
2026-08-18 07:03:43,534 [myid:1] - DEBUG [ProcessThread(sid:0 cport:2181)::PrepRequestProcessor@963] - Processing ACL: 31,s{'auth,}

2026-08-18 07:03:43,534 [myid:1] - DEBUG [ProcessThread(sid:0 cport:2181)::PrepRequestProcessor@298] - Permission requested: 4 
2026-08-18 07:03:43,534 [myid:1] - DEBUG [ProcessThread(sid:0 cport:2181)::PrepRequestProcessor@299] - ACLs for node: [31,s{'world,'anyone}
]
2026-08-18 07:03:43,534 [myid:1] - DEBUG [ProcessThread(sid:0 cport:2181)::PrepRequestProcessor@300] - Client credentials: ['ip,'172.18.0.2
, 'digest,'pat:KDzjoQ5VTKQfcjheJHwntPTKiXc=
]
2026-08-18 07:03:43,534 [myid:1] - DEBUG [ProcessThread(sid:0 cport:2181)::SessionTrackerImpl@296] - Checking session 0x10013915d9b0000
2026-08-18 07:03:43,534 [myid:1] - DEBUG [ProcessThread(sid:0 cport:2181)::PrepRequestProcessor@963] - Processing ACL: 31,s{'auth,}

2026-08-18 07:03:43,534 [myid:1] - DEBUG [ProcessThread(sid:0 cport:2181)::PrepRequestProcessor@298] - Permission requested: 4 
2026-08-18 07:03:43,534 [myid:1] - DEBUG [ProcessThread(sid:0 cport:2181)::PrepRequestProcessor@299] - ACLs for node: [31,s{'world,'anyone}
]
2026-08-18 07:03:43,534 [myid:1] - DEBUG [ProcessThread(sid:0 cport:2181)::PrepRequestProcessor@300] - Client credentials: ['ip,'172.18.0.2
, 'digest,'pat:KDzjoQ5VTKQfcjheJHwntPTKiXc=
]
2026-08-18 07:03:43,534 [myid:1] - DEBUG [ProcessThread(sid:0 cport:2181)::SessionTrackerImpl@296] - Checking session 0x10013915d9b0000
2026-08-18 07:03:43,534 [myid:1] - DEBUG [ProcessThread(sid:0 cport:2181)::PrepRequestProcessor@963] - Processing ACL: 31,s{'auth,}

2026-08-18 07:03:43,534 [myid:1] - DEBUG [ProcessThread(sid:0 cport:2181)::PrepRequestProcessor@298] - Permission requested: 4 
2026-08-18 07:03:43,534 [myid:1] - DEBUG [ProcessThread(sid:0 cport:2181)::PrepRequestProcessor@299] - ACLs for node: [31,s{'world,'anyone}
]
2026-08-18 07:03:43,534 [myid:1] - DEBUG [ProcessThread(sid:0 cport:2181)::PrepRequestProcessor@300] - Client credentials: ['ip,'172.18.0.2
, 'digest,'pat:KDzjoQ5VTKQfcjheJHwntPTKiXc=
]
2026-08-18 07:03:43,534 [myid:1] - DEBUG [ProcessThread(sid:0 cport:2181)::SessionTrackerImpl@296] - Checking session 0x10013915d9b0000
2026-08-18 07:03:43,534 [myid:1] - DEBUG [ProcessThread(sid:0 cport:2181)::PrepRequestProcessor@963] - Processing ACL: 31,s{'auth,}

2026-08-18 07:03:43,534 [myid:1] - DEBUG [ProcessThread(sid:0 cport:2181)::PrepRequestProcessor@298] - Permission requested: 4 
2026-08-18 07:03:43,534 [myid:1] - DEBUG [ProcessThread(sid:0 cport:2181)::PrepRequestProcessor@299] - ACLs for node: [31,s{'world,'anyone}
]
2026-08-18 07:03:43,534 [myid:1] - DEBUG [ProcessThread(sid:0 cport:2181)::PrepRequestProcessor@300] - Client credentials: ['ip,'172.18.0.2
, 'digest,'pat:KDzjoQ5VTKQfcjheJHwntPTKiXc=
]
2026-08-18 07:03:43,534 [myid:1] - DEBUG [ProcessThread(sid:0 cport:2181)::SessionTrackerImpl@296] - Checking session 0x10013915d9b0000
2026-08-18 07:03:43,535 [myid:1] - DEBUG [ProcessThread(sid:0 cport:2181)::PrepRequestProcessor@963] - Processing ACL: 31,s{'auth,}

2026-08-18 07:03:43,535 [myid:1] - DEBUG [ProcessThread(sid:0 cport:2181)::PrepRequestProcessor@298] - Permission requested: 4 
2026-08-18 07:03:43,535 [myid:1] - DEBUG [ProcessThread(sid:0 cport:2181)::PrepRequestProcessor@299] - ACLs for node: [31,s{'world,'anyone}
]
2026-08-18 07:03:43,535 [myid:1] - DEBUG [ProcessThread(sid:0 cport:2181)::PrepRequestProcessor@300] - Client credentials: ['ip,'172.18.0.2
, 'digest,'pat:KDzjoQ5VTKQfcjheJHwntPTKiXc=
]
2026-08-18 07:03:43,535 [myid:1] - DEBUG [ProcessThread(sid:0 cport:2181)::SessionTrackerImpl@296] - Checking session 0x10013915d9b0000
2026-08-18 07:03:43,535 [myid:1] - DEBUG [ProcessThread(sid:0 cport:2181)::PrepRequestProcessor@963] - Processing ACL: 31,s{'auth,}

2026-08-18 07:03:43,535 [myid:1] - DEBUG [ProcessThread(sid:0 cport:2181)::PrepRequestProcessor@298] - Permission requested: 4 
2026-08-18 07:03:43,535 [myid:1] - DEBUG [ProcessThread(sid:0 cport:2181)::PrepRequestProcessor@299] - ACLs for node: [31,s{'world,'anyone}
]
2026-08-18 07:03:43,535 [myid:1] - DEBUG [ProcessThread(sid:0 cport:2181)::PrepRequestProcessor@300] - Client credentials: ['ip,'172.18.0.2
, 'digest,'pat:KDzjoQ5VTKQfcjheJHwntPTKiXc=
]
2026-08-18 07:03:43,535 [myid:1] - DEBUG [ProcessThread(sid:0 cport:2181)::SessionTrackerImpl@296] - Checking session 0x10013915d9b0000
2026-08-18 07:03:43,535 [myid:1] - DEBUG [ProcessThread(sid:0 cport:2181)::PrepRequestProcessor@963] - Processing ACL: 31,s{'auth,}

2026-08-18 07:03:43,535 [myid:1] - DEBUG [ProcessThread(sid:0 cport:2181)::PrepRequestProcessor@298] - Permission requested: 4 
2026-08-18 07:03:43,535 [myid:1] - DEBUG [ProcessThread(sid:0 cport:2181)::PrepRequestProcessor@299] - ACLs for node: [31,s{'world,'anyone}
]
2026-08-18 07:03:43,535 [myid:1] - DEBUG [ProcessThread(sid:0 cport:2181)::PrepRequestProcessor@300] - Client credentials: ['ip,'172.18.0.2
, 'digest,'pat:KDzjoQ5VTKQfcjheJHwntPTKiXc=
]
2026-08-18 07:03:43,535 [myid:1] - DEBUG [ProcessThread(sid:0 cport:2181)::SessionTrackerImpl@296] - Checking session 0x10013915d9b0000
2026-08-18 07:03:43,535 [myid:1] - DEBUG [ProcessThread(sid:0 cport:2181)::PrepRequestProcessor@963] - Processing ACL: 31,s{'auth,}

2026-08-18 07:03:43,535 [myid:1] - DEBUG [ProcessThread(sid:0 cport:2181)::PrepRequestProcessor@298] - Permission requested: 4 
2026-08-18 07:03:43,535 [myid:1] - DEBUG [ProcessThread(sid:0 cport:2181)::PrepRequestProcessor@299] - ACLs for node: [31,s{'world,'anyone}
]
2026-08-18 07:03:43,535 [myid:1] - DEBUG [ProcessThread(sid:0 cport:2181)::PrepRequestProcessor@300] - Client credentials: ['ip,'172.18.0.2
, 'digest,'pat:KDzjoQ5VTKQfcjheJHwntPTKiXc=
]
2026-08-18 07:03:43,535 [myid:1] - DEBUG [ProcessThread(sid:0 cport:2181)::SessionTrackerImpl@296] - Checking session 0x10013915d9b0000
2026-08-18 07:03:43,535 [myid:1] - DEBUG [ProcessThread(sid:0 cport:2181)::PrepRequestProcessor@963] - Processing ACL: 31,s{'auth,}

2026-08-18 07:03:43,535 [myid:1] - DEBUG [ProcessThread(sid:0 cport:2181)::PrepRequestProcessor@298] - Permission requested: 4 
2026-08-18 07:03:43,536 [myid:1] - DEBUG [ProcessThread(sid:0 cport:2181)::PrepRequestProcessor@299] - ACLs for node: [31,s{'world,'anyone}
]
2026-08-18 07:03:43,536 [myid:1] - DEBUG [ProcessThread(sid:0 cport:2181)::PrepRequestProcessor@300] - Client credentials: ['ip,'172.18.0.2
, 'digest,'pat:KDzjoQ5VTKQfcjheJHwntPTKiXc=
]
2026-08-18 07:03:43,536 [myid:1] - DEBUG [ProcessThread(sid:0 cport:2181)::SessionTrackerImpl@296] - Checking session 0x10013915d9b0000
2026-08-18 07:03:43,536 [myid:1] - DEBUG [ProcessThread(sid:0 cport:2181)::PrepRequestProcessor@963] - Processing ACL: 31,s{'auth,}

2026-08-18 07:03:43,536 [myid:1] - DEBUG [ProcessThread(sid:0 cport:2181)::PrepRequestProcessor@298] - Permission requested: 4 
2026-08-18 07:03:43,536 [myid:1] - DEBUG [ProcessThread(sid:0 cport:2181)::PrepRequestProcessor@299] - ACLs for node: [31,s{'world,'anyone}
]
2026-08-18 07:03:43,536 [myid:1] - DEBUG [ProcessThread(sid:0 cport:2181)::PrepRequestProcessor@300] - Client credentials: ['ip,'172.18.0.2
, 'digest,'pat:KDzjoQ5VTKQfcjheJHwntPTKiXc=
]
2026-08-18 07:03:43,536 [myid:1] - DEBUG [ProcessThread(sid:0 cport:2181)::SessionTrackerImpl@296] - Checking session 0x10013915d9b0000
2026-08-18 07:03:43,536 [myid:1] - DEBUG [ProcessThread(sid:0 cport:2181)::PrepRequestProcessor@963] - Processing ACL: 31,s{'auth,}

2026-08-18 07:03:43,536 [myid:1] - DEBUG [ProcessThread(sid:0 cport:2181)::PrepRequestProcessor@298] - Permission requested: 4 
2026-08-18 07:03:43,536 [myid:1] - DEBUG [ProcessThread(sid:0 cport:2181)::PrepRequestProcessor@299] - ACLs for node: [31,s{'world,'anyone}
]
2026-08-18 07:03:43,536 [myid:1] - DEBUG [ProcessThread(sid:0 cport:2181)::PrepRequestProcessor@300] - Client credentials: ['ip,'172.18.0.2
, 'digest,'pat:KDzjoQ5VTKQfcjheJHwntPTKiXc=
]
2026-08-18 07:03:43,536 [myid:1] - DEBUG [ProcessThread(sid:0 cport:2181)::SessionTrackerImpl@296] - Checking session 0x10013915d9b0000
2026-08-18 07:03:43,536 [myid:1] - DEBUG [ProcessThread(sid:0 cport:2181)::PrepRequestProcessor@963] - Processing ACL: 31,s{'auth,}

2026-08-18 07:03:43,536 [myid:1] - DEBUG [ProcessThread(sid:0 cport:2181)::PrepRequestProcessor@298] - Permission requested: 4 
2026-08-18 07:03:43,536 [myid:1] - DEBUG [ProcessThread(sid:0 cport:2181)::PrepRequestProcessor@299] - ACLs for node: [31,s{'world,'anyone}
]
2026-08-18 07:03:43,536 [myid:1] - DEBUG [ProcessThread(sid:0 cport:2181)::PrepRequestProcessor@300] - Client credentials: ['ip,'172.18.0.2
, 'digest,'pat:KDzjoQ5VTKQfcjheJHwntPTKiXc=
]
2026-08-18 07:03:43,536 [myid:1] - DEBUG [ProcessThread(sid:0 cport:2181)::SessionTrackerImpl@296] - Checking session 0x10013915d9b0000
2026-08-18 07:03:43,536 [myid:1] - DEBUG [ProcessThread(sid:0 cport:2181)::PrepRequestProcessor@963] - Processing ACL: 31,s{'auth,}

2026-08-18 07:03:43,536 [myid:1] - DEBUG [ProcessThread(sid:0 cport:2181)::PrepRequestProcessor@298] - Permission requested: 4 
2026-08-18 07:03:43,536 [myid:1] - DEBUG [ProcessThread(sid:0 cport:2181)::PrepRequestProcessor@299] - ACLs for node: [31,s{'world,'anyone}
]
2026-08-18 07:03:43,536 [myid:1] - DEBUG [ProcessThread(sid:0 cport:2181)::PrepRequestProcessor@300] - Client credentials: ['ip,'172.18.0.2
, 'digest,'pat:KDzjoQ5VTKQfcjheJHwntPTKiXc=
]
2026-08-18 07:03:43,537 [myid:1] - DEBUG [ProcessThread(sid:0 cport:2181)::SessionTrackerImpl@296] - Checking session 0x10013915d9b0000
2026-08-18 07:03:43,537 [myid:1] - DEBUG [ProcessThread(sid:0 cport:2181)::PrepRequestProcessor@963] - Processing ACL: 31,s{'auth,}

2026-08-18 07:03:43,537 [myid:1] - DEBUG [ProcessThread(sid:0 cport:2181)::PrepRequestProcessor@298] - Permission requested: 4 
2026-08-18 07:03:43,537 [myid:1] - DEBUG [ProcessThread(sid:0 cport:2181)::PrepRequestProcessor@299] - ACLs for node: [31,s{'world,'anyone}
]
2026-08-18 07:03:43,537 [myid:1] - DEBUG [ProcessThread(sid:0 cport:2181)::PrepRequestProcessor@300] - Client credentials: ['ip,'172.18.0.2
, 'digest,'pat:KDzjoQ5VTKQfcjheJHwntPTKiXc=
]
2026-08-18 07:03:43,537 [myid:1] - DEBUG [ProcessThread(sid:0 cport:2181)::SessionTrackerImpl@296] - Checking session 0x10013915d9b0000
2026-08-18 07:03:43,537 [myid:1] - DEBUG [ProcessThread(sid:0 cport:2181)::PrepRequestProcessor@963] - Processing ACL: 31,s{'auth,}

2026-08-18 07:03:43,537 [myid:1] - DEBUG [ProcessThread(sid:0 cport:2181)::PrepRequestProcessor@298] - Permission requested: 4 
2026-08-18 07:03:43,537 [myid:1] - DEBUG [ProcessThread(sid:0 cport:2181)::PrepRequestProcessor@299] - ACLs for node: [31,s{'world,'anyone}
]
2026-08-18 07:03:43,537 [myid:1] - DEBUG [ProcessThread(sid:0 cport:2181)::PrepRequestProcessor@300] - Client credentials: ['ip,'172.18.0.2
, 'digest,'pat:KDzjoQ5VTKQfcjheJHwntPTKiXc=
]
2026-08-18 07:03:43,537 [myid:1] - DEBUG [ProcessThread(sid:0 cport:2181)::SessionTrackerImpl@296] - Checking session 0x10013915d9b0000
2026-08-18 07:03:43,537 [myid:1] - DEBUG [ProcessThread(sid:0 cport:2181)::PrepRequestProcessor@963] - Processing ACL: 31,s{'auth,}

2026-08-18 07:03:43,537 [myid:1] - DEBUG [ProcessThread(sid:0 cport:2181)::PrepRequestProcessor@298] - Permission requested: 4 
2026-08-18 07:03:43,537 [myid:1] - DEBUG [ProcessThread(sid:0 cport:2181)::PrepRequestProcessor@299] - ACLs for node: [31,s{'world,'anyone}
]
2026-08-18 07:03:43,537 [myid:1] - DEBUG [ProcessThread(sid:0 cport:2181)::PrepRequestProcessor@300] - Client credentials: ['ip,'172.18.0.2
, 'digest,'pat:KDzjoQ5VTKQfcjheJHwntPTKiXc=
]
2026-08-18 07:03:43,537 [myid:1] - DEBUG [ProcessThread(sid:0 cport:2181)::SessionTrackerImpl@296] - Checking session 0x10013915d9b0000
2026-08-18 07:03:43,537 [myid:1] - DEBUG [ProcessThread(sid:0 cport:2181)::PrepRequestProcessor@963] - Processing ACL: 31,s{'auth,}

2026-08-18 07:03:43,537 [myid:1] - DEBUG [ProcessThread(sid:0 cport:2181)::PrepRequestProcessor@298] - Permission requested: 4 
2026-08-18 07:03:43,537 [myid:1] - DEBUG [ProcessThread(sid:0 cport:2181)::PrepRequestProcessor@299] - ACLs for node: [31,s{'world,'anyone}
]
2026-08-18 07:03:43,537 [myid:1] - DEBUG [ProcessThread(sid:0 cport:2181)::PrepRequestProcessor@300] - Client credentials: ['ip,'172.18.0.2
, 'digest,'pat:KDzjoQ5VTKQfcjheJHwntPTKiXc=
]
2026-08-18 07:03:43,537 [myid:1] - DEBUG [ProcessThread(sid:0 cport:2181)::SessionTrackerImpl@296] - Checking session 0x10013915d9b0000
2026-08-18 07:03:43,537 [myid:1] - DEBUG [ProcessThread(sid:0 cport:2181)::PrepRequestProcessor@963] - Processing ACL: 31,s{'auth,}

2026-08-18 07:03:43,537 [myid:1] - DEBUG [ProcessThread(sid:0 cport:2181)::PrepRequestProcessor@298] - Permission requested: 4 
2026-08-18 07:03:43,537 [myid:1] - DEBUG [ProcessThread(sid:0 cport:2181)::PrepRequestProcessor@299] - ACLs for node: [31,s{'world,'anyone}
]
2026-08-18 07:03:43,538 [myid:1] - DEBUG [ProcessThread(sid:0 cport:2181)::PrepRequestProcessor@300] - Client credentials: ['ip,'172.18.0.2
, 'digest,'pat:KDzjoQ5VTKQfcjheJHwntPTKiXc=
]
2026-08-18 07:03:43,538 [myid:1] - DEBUG [ProcessThread(sid:0 cport:2181)::SessionTrackerImpl@296] - Checking session 0x10013915d9b0000
2026-08-18 07:03:43,538 [myid:1] - DEBUG [ProcessThread(sid:0 cport:2181)::PrepRequestProcessor@963] - Processing ACL: 31,s{'auth,}

2026-08-18 07:03:43,538 [myid:1] - DEBUG [ProcessThread(sid:0 cport:2181)::PrepRequestProcessor@298] - Permission requested: 4 
2026-08-18 07:03:43,538 [myid:1] - DEBUG [ProcessThread(sid:0 cport:2181)::PrepRequestProcessor@299] - ACLs for node: [31,s{'world,'anyone}
]
2026-08-18 07:03:43,538 [myid:1] - DEBUG [ProcessThread(sid:0 cport:2181)::PrepRequestProcessor@300] - Client credentials: ['ip,'172.18.0.2
, 'digest,'pat:KDzjoQ5VTKQfcjheJHwntPTKiXc=
]
2026-08-18 07:03:43,538 [myid:1] - DEBUG [ProcessThread(sid:0 cport:2181)::SessionTrackerImpl@296] - Checking session 0x10013915d9b0000
2026-08-18 07:03:43,538 [myid:1] - DEBUG [ProcessThread(sid:0 cport:2181)::PrepRequestProcessor@963] - Processing ACL: 31,s{'auth,}

2026-08-18 07:03:43,538 [myid:1] - DEBUG [ProcessThread(sid:0 cport:2181)::PrepRequestProcessor@298] - Permission requested: 4 
2026-08-18 07:03:43,538 [myid:1] - DEBUG [ProcessThread(sid:0 cport:2181)::PrepRequestProcessor@299] - ACLs for node: [31,s{'world,'anyone}
]
2026-08-18 07:03:43,538 [myid:1] - DEBUG [ProcessThread(sid:0 cport:2181)::PrepRequestProcessor@300] - Client credentials: ['ip,'172.18.0.2
, 'digest,'pat:KDzjoQ5VTKQfcjheJHwntPTKiXc=
]
2026-08-18 07:03:43,538 [myid:1] - DEBUG [ProcessThread(sid:0 cport:2181)::SessionTrackerImpl@296] - Checking session 0x10013915d9b0000
2026-08-18 07:03:43,538 [myid:1] - DEBUG [ProcessThread(sid:0 cport:2181)::PrepRequestProcessor@963] - Processing ACL: 31,s{'auth,}

2026-08-18 07:03:43,538 [myid:1] - DEBUG [ProcessThread(sid:0 cport:2181)::PrepRequestProcessor@298] - Permission requested: 4 
2026-08-18 07:03:43,538 [myid:1] - DEBUG [ProcessThread(sid:0 cport:2181)::PrepRequestProcessor@299] - ACLs for node: [31,s{'world,'anyone}
]
2026-08-18 07:03:43,538 [myid:1] - DEBUG [ProcessThread(sid:0 cport:2181)::PrepRequestProcessor@300] - Client credentials: ['ip,'172.18.0.2
, 'digest,'pat:KDzjoQ5VTKQfcjheJHwntPTKiXc=
]
2026-08-18 07:03:43,538 [myid:1] - DEBUG [ProcessThread(sid:0 cport:2181)::SessionTrackerImpl@296] - Checking session 0x10013915d9b0000
2026-08-18 07:03:43,538 [myid:1] - DEBUG [ProcessThread(sid:0 cport:2181)::PrepRequestProcessor@963] - Processing ACL: 31,s{'auth,}

2026-08-18 07:03:43,538 [myid:1] - DEBUG [ProcessThread(sid:0 cport:2181)::PrepRequestProcessor@298] - Permission requested: 4 
2026-08-18 07:03:43,538 [myid:1] - DEBUG [ProcessThread(sid:0 cport:2181)::PrepRequestProcessor@299] - ACLs for node: [31,s{'world,'anyone}
]
2026-08-18 07:03:43,538 [myid:1] - DEBUG [ProcessThread(sid:0 cport:2181)::PrepRequestProcessor@300] - Client credentials: ['ip,'172.18.0.2
, 'digest,'pat:KDzjoQ5VTKQfcjheJHwntPTKiXc=
]
2026-08-18 07:03:43,538 [myid:1] - DEBUG [ProcessThread(sid:0 cport:2181)::SessionTrackerImpl@296] - Checking session 0x10013915d9b0000
2026-08-18 07:03:43,539 [myid:1] - DEBUG [ProcessThread(sid:0 cport:2181)::PrepRequestProcessor@963] - Processing ACL: 31,s{'auth,}

2026-08-18 07:03:43,539 [myid:1] - DEBUG [ProcessThread(sid:0 cport:2181)::PrepRequestProcessor@298] - Permission requested: 4 
2026-08-18 07:03:43,539 [myid:1] - DEBUG [ProcessThread(sid:0 cport:2181)::PrepRequestProcessor@299] - ACLs for node: [31,s{'world,'anyone}
]
2026-08-18 07:03:43,539 [myid:1] - DEBUG [ProcessThread(sid:0 cport:2181)::PrepRequestProcessor@300] - Client credentials: ['ip,'172.18.0.2
, 'digest,'pat:KDzjoQ5VTKQfcjheJHwntPTKiXc=
]
2026-08-18 07:03:43,539 [myid:1] - DEBUG [ProcessThread(sid:0 cport:2181)::SessionTrackerImpl@296] - Checking session 0x10013915d9b0000
2026-08-18 07:03:43,539 [myid:1] - DEBUG [ProcessThread(sid:0 cport:2181)::PrepRequestProcessor@963] - Processing ACL: 31,s{'auth,}

2026-08-18 07:03:43,539 [myid:1] - DEBUG [ProcessThread(sid:0 cport:2181)::PrepRequestProcessor@298] - Permission requested: 4 
2026-08-18 07:03:43,539 [myid:1] - DEBUG [ProcessThread(sid:0 cport:2181)::PrepRequestProcessor@299] - ACLs for node: [31,s{'world,'anyone}
]
2026-08-18 07:03:43,539 [myid:1] - DEBUG [ProcessThread(sid:0 cport:2181)::PrepRequestProcessor@300] - Client credentials: ['ip,'172.18.0.2
, 'digest,'pat:KDzjoQ5VTKQfcjheJHwntPTKiXc=
]
2026-08-18 07:03:43,539 [myid:1] - DEBUG [ProcessThread(sid:0 cport:2181)::SessionTrackerImpl@296] - Checking session 0x10013915d9b0000
2026-08-18 07:03:43,539 [myid:1] - DEBUG [ProcessThread(sid:0 cport:2181)::PrepRequestProcessor@963] - Processing ACL: 31,s{'auth,}

2026-08-18 07:03:43,539 [myid:1] - DEBUG [ProcessThread(sid:0 cport:2181)::PrepRequestProcessor@298] - Permission requested: 4 
2026-08-18 07:03:43,539 [myid:1] - DEBUG [ProcessThread(sid:0 cport:2181)::PrepRequestProcessor@299] - ACLs for node: [31,s{'world,'anyone}
]
2026-08-18 07:03:43,539 [myid:1] - DEBUG [ProcessThread(sid:0 cport:2181)::PrepRequestProcessor@300] - Client credentials: ['ip,'172.18.0.2
, 'digest,'pat:KDzjoQ5VTKQfcjheJHwntPTKiXc=
]
2026-08-18 07:03:43,539 [myid:1] - DEBUG [ProcessThread(sid:0 cport:2181)::SessionTrackerImpl@296] - Checking session 0x10013915d9b0000
2026-08-18 07:03:43,539 [myid:1] - DEBUG [ProcessThread(sid:0 cport:2181)::PrepRequestProcessor@963] - Processing ACL: 31,s{'auth,}

2026-08-18 07:03:43,539 [myid:1] - DEBUG [ProcessThread(sid:0 cport:2181)::PrepRequestProcessor@298] - Permission requested: 4 
2026-08-18 07:03:43,539 [myid:1] - DEBUG [ProcessThread(sid:0 cport:2181)::PrepRequestProcessor@299] - ACLs for node: [31,s{'world,'anyone}
]
2026-08-18 07:03:43,539 [myid:1] - DEBUG [ProcessThread(sid:0 cport:2181)::PrepRequestProcessor@300] - Client credentials: ['ip,'172.18.0.2
, 'digest,'pat:KDzjoQ5VTKQfcjheJHwntPTKiXc=
]
2026-08-18 07:03:43,539 [myid:1] - DEBUG [ProcessThread(sid:0 cport:2181)::SessionTrackerImpl@296] - Checking session 0x10013915d9b0000
2026-08-18 07:03:43,539 [myid:1] - DEBUG [ProcessThread(sid:0 cport:2181)::PrepRequestProcessor@963] - Processing ACL: 31,s{'auth,}

2026-08-18 07:03:43,539 [myid:1] - DEBUG [ProcessThread(sid:0 cport:2181)::PrepRequestProcessor@298] - Permission requested: 4 
2026-08-18 07:03:43,539 [myid:1] - DEBUG [ProcessThread(sid:0 cport:2181)::PrepRequestProcessor@299] - ACLs for node: [31,s{'world,'anyone}
]
2026-08-18 07:03:43,539 [myid:1] - DEBUG [ProcessThread(sid:0 cport:2181)::PrepRequestProcessor@300] - Client credentials: ['ip,'172.18.0.2
, 'digest,'pat:KDzjoQ5VTKQfcjheJHwntPTKiXc=
]
2026-08-18 07:03:43,540 [myid:1] - DEBUG [ProcessThread(sid:0 cport:2181)::SessionTrackerImpl@296] - Checking session 0x10013915d9b0000
2026-08-18 07:03:43,540 [myid:1] - DEBUG [ProcessThread(sid:0 cport:2181)::PrepRequestProcessor@963] - Processing ACL: 31,s{'auth,}

2026-08-18 07:03:43,540 [myid:1] - DEBUG [ProcessThread(sid:0 cport:2181)::PrepRequestProcessor@298] - Permission requested: 4 
2026-08-18 07:03:43,540 [myid:1] - DEBUG [ProcessThread(sid:0 cport:2181)::PrepRequestProcessor@299] - ACLs for node: [31,s{'world,'anyone}
]
2026-08-18 07:03:43,540 [myid:1] - DEBUG [ProcessThread(sid:0 cport:2181)::PrepRequestProcessor@300] - Client credentials: ['ip,'172.18.0.2
, 'digest,'pat:KDzjoQ5VTKQfcjheJHwntPTKiXc=
]
2026-08-18 07:03:43,540 [myid:1] - DEBUG [ProcessThread(sid:0 cport:2181)::SessionTrackerImpl@296] - Checking session 0x10013915d9b0000
2026-08-18 07:03:43,540 [myid:1] - DEBUG [ProcessThread(sid:0 cport:2181)::PrepRequestProcessor@963] - Processing ACL: 31,s{'auth,}

2026-08-18 07:03:43,540 [myid:1] - DEBUG [ProcessThread(sid:0 cport:2181)::PrepRequestProcessor@298] - Permission requested: 4 
2026-08-18 07:03:43,540 [myid:1] - DEBUG [ProcessThread(sid:0 cport:2181)::PrepRequestProcessor@299] - ACLs for node: [31,s{'world,'anyone}
]
2026-08-18 07:03:43,540 [myid:1] - DEBUG [ProcessThread(sid:0 cport:2181)::PrepRequestProcessor@300] - Client credentials: ['ip,'172.18.0.2
, 'digest,'pat:KDzjoQ5VTKQfcjheJHwntPTKiXc=
]
2026-08-18 07:03:43,540 [myid:1] - DEBUG [ProcessThread(sid:0 cport:2181)::SessionTrackerImpl@296] - Checking session 0x10013915d9b0000
2026-08-18 07:03:43,540 [myid:1] - DEBUG [ProcessThread(sid:0 cport:2181)::PrepRequestProcessor@963] - Processing ACL: 31,s{'auth,}

2026-08-18 07:03:43,540 [myid:1] - DEBUG [ProcessThread(sid:0 cport:2181)::PrepRequestProcessor@298] - Permission requested: 4 
2026-08-18 07:03:43,540 [myid:1] - DEBUG [ProcessThread(sid:0 cport:2181)::PrepRequestProcessor@299] - ACLs for node: [31,s{'world,'anyone}
]
2026-08-18 07:03:43,540 [myid:1] - DEBUG [ProcessThread(sid:0 cport:2181)::PrepRequestProcessor@300] - Client credentials: ['ip,'172.18.0.2
, 'digest,'pat:KDzjoQ5VTKQfcjheJHwntPTKiXc=
]
2026-08-18 07:03:43,540 [myid:1] - DEBUG [ProcessThread(sid:0 cport:2181)::SessionTrackerImpl@296] - Checking session 0x10013915d9b0000
2026-08-18 07:03:43,540 [myid:1] - DEBUG [ProcessThread(sid:0 cport:2181)::PrepRequestProcessor@963] - Processing ACL: 31,s{'auth,}

2026-08-18 07:03:43,540 [myid:1] - DEBUG [ProcessThread(sid:0 cport:2181)::PrepRequestProcessor@298] - Permission requested: 4 
2026-08-18 07:03:43,540 [myid:1] - DEBUG [ProcessThread(sid:0 cport:2181)::PrepRequestProcessor@299] - ACLs for node: [31,s{'world,'anyone}
]
2026-08-18 07:03:43,540 [myid:1] - DEBUG [ProcessThread(sid:0 cport:2181)::PrepRequestProcessor@300] - Client credentials: ['ip,'172.18.0.2
, 'digest,'pat:KDzjoQ5VTKQfcjheJHwntPTKiXc=
]
2026-08-18 07:03:43,540 [myid:1] - DEBUG [ProcessThread(sid:0 cport:2181)::SessionTrackerImpl@296] - Checking session 0x10013915d9b0000
2026-08-18 07:03:43,540 [myid:1] - DEBUG [ProcessThread(sid:0 cport:2181)::PrepRequestProcessor@963] - Processing ACL: 31,s{'auth,}

2026-08-18 07:03:43,540 [myid:1] - DEBUG [ProcessThread(sid:0 cport:2181)::PrepRequestProcessor@298] - Permission requested: 4 
2026-08-18 07:03:43,540 [myid:1] - DEBUG [ProcessThread(sid:0 cport:2181)::PrepRequestProcessor@299] - ACLs for node: [31,s{'world,'anyone}
]
2026-08-18 07:03:43,540 [myid:1] - DEBUG [ProcessThread(sid:0 cport:2181)::PrepRequestProcessor@300] - Client credentials: ['ip,'172.18.0.2
, 'digest,'pat:KDzjoQ5VTKQfcjheJHwntPTKiXc=
]
2026-08-18 07:03:43,541 [myid:1] - DEBUG [ProcessThread(sid:0 cport:2181)::SessionTrackerImpl@296] - Checking session 0x10013915d9b0000
2026-08-18 07:03:43,541 [myid:1] - DEBUG [ProcessThread(sid:0 cport:2181)::PrepRequestProcessor@963] - Processing ACL: 31,s{'auth,}

2026-08-18 07:03:43,541 [myid:1] - DEBUG [ProcessThread(sid:0 cport:2181)::PrepRequestProcessor@298] - Permission requested: 4 
2026-08-18 07:03:43,541 [myid:1] - DEBUG [ProcessThread(sid:0 cport:2181)::PrepRequestProcessor@299] - ACLs for node: [31,s{'world,'anyone}
]
2026-08-18 07:03:43,541 [myid:1] - DEBUG [ProcessThread(sid:0 cport:2181)::PrepRequestProcessor@300] - Client credentials: ['ip,'172.18.0.2
, 'digest,'pat:KDzjoQ5VTKQfcjheJHwntPTKiXc=
]
2026-08-18 07:03:43,541 [myid:1] - DEBUG [ProcessThread(sid:0 cport:2181)::SessionTrackerImpl@296] - Checking session 0x10013915d9b0000
2026-08-18 07:03:43,541 [myid:1] - DEBUG [ProcessThread(sid:0 cport:2181)::PrepRequestProcessor@963] - Processing ACL: 31,s{'auth,}

2026-08-18 07:03:43,541 [myid:1] - DEBUG [ProcessThread(sid:0 cport:2181)::PrepRequestProcessor@298] - Permission requested: 4 
2026-08-18 07:03:43,541 [myid:1] - DEBUG [ProcessThread(sid:0 cport:2181)::PrepRequestProcessor@299] - ACLs for node: [31,s{'world,'anyone}
]
2026-08-18 07:03:43,541 [myid:1] - DEBUG [ProcessThread(sid:0 cport:2181)::PrepRequestProcessor@300] - Client credentials: ['ip,'172.18.0.2
, 'digest,'pat:KDzjoQ5VTKQfcjheJHwntPTKiXc=
]
2026-08-18 07:03:43,541 [myid:1] - DEBUG [ProcessThread(sid:0 cport:2181)::SessionTrackerImpl@296] - Checking session 0x10013915d9b0000
2026-08-18 07:03:43,541 [myid:1] - DEBUG [ProcessThread(sid:0 cport:2181)::PrepRequestProcessor@963] - Processing ACL: 31,s{'auth,}

2026-08-18 07:03:43,541 [myid:1] - DEBUG [ProcessThread(sid:0 cport:2181)::PrepRequestProcessor@298] - Permission requested: 4 
2026-08-18 07:03:43,541 [myid:1] - DEBUG [ProcessThread(sid:0 cport:2181)::PrepRequestProcessor@299] - ACLs for node: [31,s{'world,'anyone}
]
2026-08-18 07:03:43,541 [myid:1] - DEBUG [ProcessThread(sid:0 cport:2181)::PrepRequestProcessor@300] - Client credentials: ['ip,'172.18.0.2
, 'digest,'pat:KDzjoQ5VTKQfcjheJHwntPTKiXc=
]
2026-08-18 07:03:43,541 [myid:1] - DEBUG [ProcessThread(sid:0 cport:2181)::SessionTrackerImpl@296] - Checking session 0x10013915d9b0000
2026-08-18 07:03:43,541 [myid:1] - DEBUG [ProcessThread(sid:0 cport:2181)::PrepRequestProcessor@963] - Processing ACL: 31,s{'auth,}

2026-08-18 07:03:43,541 [myid:1] - DEBUG [ProcessThread(sid:0 cport:2181)::PrepRequestProcessor@298] - Permission requested: 4 
2026-08-18 07:03:43,541 [myid:1] - DEBUG [ProcessThread(sid:0 cport:2181)::PrepRequestProcessor@299] - ACLs for node: [31,s{'world,'anyone}
]
2026-08-18 07:03:43,541 [myid:1] - DEBUG [ProcessThread(sid:0 cport:2181)::PrepRequestProcessor@300] - Client credentials: ['ip,'172.18.0.2
, 'digest,'pat:KDzjoQ5VTKQfcjheJHwntPTKiXc=
]
2026-08-18 07:03:43,541 [myid:1] - DEBUG [ProcessThread(sid:0 cport:2181)::SessionTrackerImpl@296] - Checking session 0x10013915d9b0000
2026-08-18 07:03:43,541 [myid:1] - DEBUG [ProcessThread(sid:0 cport:2181)::PrepRequestProcessor@963] - Processing ACL: 31,s{'auth,}

2026-08-18 07:03:43,541 [myid:1] - DEBUG [ProcessThread(sid:0 cport:2181)::PrepRequestProcessor@298] - Permission requested: 4 
2026-08-18 07:03:43,542 [myid:1] - DEBUG [ProcessThread(sid:0 cport:2181)::PrepRequestProcessor@299] - ACLs for node: [31,s{'world,'anyone}
]
2026-08-18 07:03:43,542 [myid:1] - DEBUG [ProcessThread(sid:0 cport:2181)::PrepRequestProcessor@300] - Client credentials: ['ip,'172.18.0.2
, 'digest,'pat:KDzjoQ5VTKQfcjheJHwntPTKiXc=
]
2026-08-18 07:03:43,542 [myid:1] - DEBUG [ProcessThread(sid:0 cport:2181)::SessionTrackerImpl@296] - Checking session 0x10013915d9b0000
2026-08-18 07:03:43,542 [myid:1] - DEBUG [ProcessThread(sid:0 cport:2181)::PrepRequestProcessor@963] - Processing ACL: 31,s{'auth,}

2026-08-18 07:03:43,542 [myid:1] - DEBUG [ProcessThread(sid:0 cport:2181)::PrepRequestProcessor@298] - Permission requested: 4 
2026-08-18 07:03:43,542 [myid:1] - DEBUG [ProcessThread(sid:0 cport:2181)::PrepRequestProcessor@299] - ACLs for node: [31,s{'world,'anyone}
]
2026-08-18 07:03:43,542 [myid:1] - DEBUG [ProcessThread(sid:0 cport:2181)::PrepRequestProcessor@300] - Client credentials: ['ip,'172.18.0.2
, 'digest,'pat:KDzjoQ5VTKQfcjheJHwntPTKiXc=
]
2026-08-18 07:03:43,542 [myid:1] - DEBUG [ProcessThread(sid:0 cport:2181)::SessionTrackerImpl@296] - Checking session 0x10013915d9b0000
2026-08-18 07:03:43,542 [myid:1] - DEBUG [ProcessThread(sid:0 cport:2181)::PrepRequestProcessor@963] - Processing ACL: 31,s{'auth,}

2026-08-18 07:03:43,542 [myid:1] - DEBUG [ProcessThread(sid:0 cport:2181)::PrepRequestProcessor@298] - Permission requested: 4 
2026-08-18 07:03:43,542 [myid:1] - DEBUG [ProcessThread(sid:0 cport:2181)::PrepRequestProcessor@299] - ACLs for node: [31,s{'world,'anyone}
]
2026-08-18 07:03:43,542 [myid:1] - DEBUG [ProcessThread(sid:0 cport:2181)::PrepRequestProcessor@300] - Client credentials: ['ip,'172.18.0.2
, 'digest,'pat:KDzjoQ5VTKQfcjheJHwntPTKiXc=
]
2026-08-18 07:03:43,542 [myid:1] - DEBUG [ProcessThread(sid:0 cport:2181)::SessionTrackerImpl@296] - Checking session 0x10013915d9b0000
2026-08-18 07:03:43,542 [myid:1] - DEBUG [ProcessThread(sid:0 cport:2181)::PrepRequestProcessor@963] - Processing ACL: 31,s{'auth,}

2026-08-18 07:03:43,542 [myid:1] - DEBUG [ProcessThread(sid:0 cport:2181)::PrepRequestProcessor@298] - Permission requested: 4 
2026-08-18 07:03:43,542 [myid:1] - DEBUG [ProcessThread(sid:0 cport:2181)::PrepRequestProcessor@299] - ACLs for node: [31,s{'world,'anyone}
]
2026-08-18 07:03:43,542 [myid:1] - DEBUG [ProcessThread(sid:0 cport:2181)::PrepRequestProcessor@300] - Client credentials: ['ip,'172.18.0.2
, 'digest,'pat:KDzjoQ5VTKQfcjheJHwntPTKiXc=
]
2026-08-18 07:03:43,542 [myid:1] - DEBUG [ProcessThread(sid:0 cport:2181)::SessionTrackerImpl@296] - Checking session 0x10013915d9b0000
2026-08-18 07:03:43,542 [myid:1] - DEBUG [ProcessThread(sid:0 cport:2181)::PrepRequestProcessor@963] - Processing ACL: 31,s{'auth,}

2026-08-18 07:03:43,542 [myid:1] - DEBUG [ProcessThread(sid:0 cport:2181)::PrepRequestProcessor@298] - Permission requested: 4 
2026-08-18 07:03:43,542 [myid:1] - DEBUG [ProcessThread(sid:0 cport:2181)::PrepRequestProcessor@299] - ACLs for node: [31,s{'world,'anyone}
]
2026-08-18 07:03:43,542 [myid:1] - DEBUG [ProcessThread(sid:0 cport:2181)::PrepRequestProcessor@300] - Client credentials: ['ip,'172.18.0.2
, 'digest,'pat:KDzjoQ5VTKQfcjheJHwntPTKiXc=
]
2026-08-18 07:03:43,542 [myid:1] - DEBUG [ProcessThread(sid:0 cport:2181)::SessionTrackerImpl@296] - Checking session 0x10013915d9b0000
2026-08-18 07:03:43,543 [myid:1] - DEBUG [ProcessThread(sid:0 cport:2181)::PrepRequestProcessor@963] - Processing ACL: 31,s{'auth,}

2026-08-18 07:03:43,543 [myid:1] - DEBUG [ProcessThread(sid:0 cport:2181)::PrepRequestProcessor@298] - Permission requested: 4 
2026-08-18 07:03:43,543 [myid:1] - DEBUG [ProcessThread(sid:0 cport:2181)::PrepRequestProcessor@299] - ACLs for node: [31,s{'world,'anyone}
]
2026-08-18 07:03:43,543 [myid:1] - DEBUG [ProcessThread(sid:0 cport:2181)::PrepRequestProcessor@300] - Client credentials: ['ip,'172.18.0.2
, 'digest,'pat:KDzjoQ5VTKQfcjheJHwntPTKiXc=
]
2026-08-18 07:03:43,543 [myid:1] - DEBUG [ProcessThread(sid:0 cport:2181)::SessionTrackerImpl@296] - Checking session 0x10013915d9b0000
2026-08-18 07:03:43,543 [myid:1] - DEBUG [ProcessThread(sid:0 cport:2181)::PrepRequestProcessor@963] - Processing ACL: 31,s{'auth,}

2026-08-18 07:03:43,543 [myid:1] - DEBUG [ProcessThread(sid:0 cport:2181)::PrepRequestProcessor@298] - Permission requested: 4 
2026-08-18 07:03:43,543 [myid:1] - DEBUG [ProcessThread(sid:0 cport:2181)::PrepRequestProcessor@299] - ACLs for node: [31,s{'world,'anyone}
]
2026-08-18 07:03:43,543 [myid:1] - DEBUG [ProcessThread(sid:0 cport:2181)::PrepRequestProcessor@300] - Client credentials: ['ip,'172.18.0.2
, 'digest,'pat:KDzjoQ5VTKQfcjheJHwntPTKiXc=
]
2026-08-18 07:03:43,543 [myid:1] - DEBUG [ProcessThread(sid:0 cport:2181)::SessionTrackerImpl@296] - Checking session 0x10013915d9b0000
2026-08-18 07:03:43,543 [myid:1] - DEBUG [ProcessThread(sid:0 cport:2181)::PrepRequestProcessor@963] - Processing ACL: 31,s{'auth,}

2026-08-18 07:03:43,543 [myid:1] - DEBUG [ProcessThread(sid:0 cport:2181)::PrepRequestProcessor@298] - Permission requested: 4 
2026-08-18 07:03:43,543 [myid:1] - DEBUG [ProcessThread(sid:0 cport:2181)::PrepRequestProcessor@299] - ACLs for node: [31,s{'world,'anyone}
]
2026-08-18 07:03:43,543 [myid:1] - DEBUG [ProcessThread(sid:0 cport:2181)::PrepRequestProcessor@300] - Client credentials: ['ip,'172.18.0.2
, 'digest,'pat:KDzjoQ5VTKQfcjheJHwntPTKiXc=
]
2026-08-18 07:03:43,543 [myid:1] - DEBUG [ProcessThread(sid:0 cport:2181)::SessionTrackerImpl@296] - Checking session 0x10013915d9b0000
2026-08-18 07:03:43,543 [myid:1] - DEBUG [ProcessThread(sid:0 cport:2181)::PrepRequestProcessor@963] - Processing ACL: 31,s{'auth,}

2026-08-18 07:03:43,543 [myid:1] - DEBUG [ProcessThread(sid:0 cport:2181)::PrepRequestProcessor@298] - Permission requested: 4 
2026-08-18 07:03:43,543 [myid:1] - DEBUG [ProcessThread(sid:0 cport:2181)::PrepRequestProcessor@299] - ACLs for node: [31,s{'world,'anyone}
]
2026-08-18 07:03:43,543 [myid:1] - DEBUG [ProcessThread(sid:0 cport:2181)::PrepRequestProcessor@300] - Client credentials: ['ip,'172.18.0.2
, 'digest,'pat:KDzjoQ5VTKQfcjheJHwntPTKiXc=
]
2026-08-18 07:03:43,543 [myid:1] - DEBUG [ProcessThread(sid:0 cport:2181)::SessionTrackerImpl@296] - Checking session 0x10013915d9b0000
2026-08-18 07:03:43,543 [myid:1] - DEBUG [ProcessThread(sid:0 cport:2181)::PrepRequestProcessor@963] - Processing ACL: 31,s{'auth,}

2026-08-18 07:03:43,543 [myid:1] - DEBUG [ProcessThread(sid:0 cport:2181)::PrepRequestProcessor@298] - Permission requested: 4 
2026-08-18 07:03:43,543 [myid:1] - DEBUG [ProcessThread(sid:0 cport:2181)::PrepRequestProcessor@299] - ACLs for node: [31,s{'world,'anyone}
]
2026-08-18 07:03:43,544 [myid:1] - DEBUG [ProcessThread(sid:0 cport:2181)::PrepRequestProcessor@300] - Client credentials: ['ip,'172.18.0.2
, 'digest,'pat:KDzjoQ5VTKQfcjheJHwntPTKiXc=
]
2026-08-18 07:03:43,544 [myid:1] - DEBUG [ProcessThread(sid:0 cport:2181)::SessionTrackerImpl@296] - Checking session 0x10013915d9b0000
2026-08-18 07:03:43,544 [myid:1] - DEBUG [ProcessThread(sid:0 cport:2181)::PrepRequestProcessor@963] - Processing ACL: 31,s{'auth,}

2026-08-18 07:03:43,544 [myid:1] - DEBUG [ProcessThread(sid:0 cport:2181)::PrepRequestProcessor@298] - Permission requested: 4 
2026-08-18 07:03:43,544 [myid:1] - DEBUG [ProcessThread(sid:0 cport:2181)::PrepRequestProcessor@299] - ACLs for node: [31,s{'world,'anyone}
]
2026-08-18 07:03:43,544 [myid:1] - DEBUG [ProcessThread(sid:0 cport:2181)::PrepRequestProcessor@300] - Client credentials: ['ip,'172.18.0.2
, 'digest,'pat:KDzjoQ5VTKQfcjheJHwntPTKiXc=
]
2026-08-18 07:03:43,544 [myid:1] - DEBUG [ProcessThread(sid:0 cport:2181)::SessionTrackerImpl@296] - Checking session 0x10013915d9b0000
2026-08-18 07:03:43,544 [myid:1] - DEBUG [ProcessThread(sid:0 cport:2181)::PrepRequestProcessor@963] - Processing ACL: 31,s{'auth,}

2026-08-18 07:03:43,544 [myid:1] - DEBUG [ProcessThread(sid:0 cport:2181)::PrepRequestProcessor@298] - Permission requested: 4 
2026-08-18 07:03:43,544 [myid:1] - DEBUG [ProcessThread(sid:0 cport:2181)::PrepRequestProcessor@299] - ACLs for node: [31,s{'world,'anyone}
]
2026-08-18 07:03:43,544 [myid:1] - DEBUG [ProcessThread(sid:0 cport:2181)::PrepRequestProcessor@300] - Client credentials: ['ip,'172.18.0.2
, 'digest,'pat:KDzjoQ5VTKQfcjheJHwntPTKiXc=
]
2026-08-18 07:03:43,544 [myid:1] - DEBUG [ProcessThread(sid:0 cport:2181)::SessionTrackerImpl@296] - Checking session 0x10013915d9b0000
2026-08-18 07:03:43,544 [myid:1] - DEBUG [ProcessThread(sid:0 cport:2181)::PrepRequestProcessor@963] - Processing ACL: 31,s{'auth,}

2026-08-18 07:03:43,544 [myid:1] - DEBUG [ProcessThread(sid:0 cport:2181)::PrepRequestProcessor@298] - Permission requested: 4 
2026-08-18 07:03:43,544 [myid:1] - DEBUG [ProcessThread(sid:0 cport:2181)::PrepRequestProcessor@299] - ACLs for node: [31,s{'world,'anyone}
]
2026-08-18 07:03:43,544 [myid:1] - DEBUG [ProcessThread(sid:0 cport:2181)::PrepRequestProcessor@300] - Client credentials: ['ip,'172.18.0.2
, 'digest,'pat:KDzjoQ5VTKQfcjheJHwntPTKiXc=
]
2026-08-18 07:03:43,544 [myid:1] - DEBUG [ProcessThread(sid:0 cport:2181)::SessionTrackerImpl@296] - Checking session 0x10013915d9b0000
2026-08-18 07:03:43,544 [myid:1] - DEBUG [ProcessThread(sid:0 cport:2181)::PrepRequestProcessor@963] - Processing ACL: 31,s{'auth,}

2026-08-18 07:03:43,544 [myid:1] - DEBUG [ProcessThread(sid:0 cport:2181)::PrepRequestProcessor@298] - Permission requested: 4 
2026-08-18 07:03:43,544 [myid:1] - DEBUG [ProcessThread(sid:0 cport:2181)::PrepRequestProcessor@299] - ACLs for node: [31,s{'world,'anyone}
]
2026-08-18 07:03:43,544 [myid:1] - DEBUG [ProcessThread(sid:0 cport:2181)::PrepRequestProcessor@300] - Client credentials: ['ip,'172.18.0.2
, 'digest,'pat:KDzjoQ5VTKQfcjheJHwntPTKiXc=
]
2026-08-18 07:03:43,545 [myid:1] - DEBUG [ProcessThread(sid:0 cport:2181)::SessionTrackerImpl@296] - Checking session 0x10013915d9b0000
2026-08-18 07:03:43,545 [myid:1] - DEBUG [ProcessThread(sid:0 cport:2181)::PrepRequestProcessor@963] - Processing ACL: 31,s{'auth,}

2026-08-18 07:03:43,545 [myid:1] - DEBUG [ProcessThread(sid:0 cport:2181)::PrepRequestProcessor@298] - Permission requested: 4 
2026-08-18 07:03:43,545 [myid:1] - DEBUG [ProcessThread(sid:0 cport:2181)::PrepRequestProcessor@299] - ACLs for node: [31,s{'world,'anyone}
]
2026-08-18 07:03:43,545 [myid:1] - DEBUG [ProcessThread(sid:0 cport:2181)::PrepRequestProcessor@300] - Client credentials: ['ip,'172.18.0.2
, 'digest,'pat:KDzjoQ5VTKQfcjheJHwntPTKiXc=
]
2026-08-18 07:03:43,545 [myid:1] - DEBUG [ProcessThread(sid:0 cport:2181)::SessionTrackerImpl@296] - Checking session 0x10013915d9b0000
2026-08-18 07:03:43,545 [myid:1] - DEBUG [ProcessThread(sid:0 cport:2181)::PrepRequestProcessor@963] - Processing ACL: 31,s{'auth,}

2026-08-18 07:03:43,545 [myid:1] - DEBUG [ProcessThread(sid:0 cport:2181)::PrepRequestProcessor@298] - Permission requested: 4 
2026-08-18 07:03:43,545 [myid:1] - DEBUG [ProcessThread(sid:0 cport:2181)::PrepRequestProcessor@299] - ACLs for node: [31,s{'world,'anyone}
]
2026-08-18 07:03:43,545 [myid:1] - DEBUG [ProcessThread(sid:0 cport:2181)::PrepRequestProcessor@300] - Client credentials: ['ip,'172.18.0.2
, 'digest,'pat:KDzjoQ5VTKQfcjheJHwntPTKiXc=
]
2026-08-18 07:03:43,545 [myid:1] - DEBUG [ProcessThread(sid:0 cport:2181)::SessionTrackerImpl@296] - Checking session 0x10013915d9b0000
2026-08-18 07:03:43,545 [myid:1] - DEBUG [ProcessThread(sid:0 cport:2181)::PrepRequestProcessor@963] - Processing ACL: 31,s{'auth,}

2026-08-18 07:03:43,545 [myid:1] - DEBUG [ProcessThread(sid:0 cport:2181)::PrepRequestProcessor@298] - Permission requested: 4 
2026-08-18 07:03:43,545 [myid:1] - DEBUG [ProcessThread(sid:0 cport:2181)::PrepRequestProcessor@299] - ACLs for node: [31,s{'world,'anyone}
]
2026-08-18 07:03:43,545 [myid:1] - DEBUG [ProcessThread(sid:0 cport:2181)::PrepRequestProcessor@300] - Client credentials: ['ip,'172.18.0.2
, 'digest,'pat:KDzjoQ5VTKQfcjheJHwntPTKiXc=
]
2026-08-18 07:03:43,545 [myid:1] - DEBUG [ProcessThread(sid:0 cport:2181)::SessionTrackerImpl@296] - Checking session 0x10013915d9b0000
2026-08-18 07:03:43,545 [myid:1] - DEBUG [ProcessThread(sid:0 cport:2181)::PrepRequestProcessor@963] - Processing ACL: 31,s{'auth,}

2026-08-18 07:03:43,545 [myid:1] - DEBUG [ProcessThread(sid:0 cport:2181)::PrepRequestProcessor@298] - Permission requested: 4 
2026-08-18 07:03:43,545 [myid:1] - DEBUG [ProcessThread(sid:0 cport:2181)::PrepRequestProcessor@299] - ACLs for node: [31,s{'world,'anyone}
]
2026-08-18 07:03:43,545 [myid:1] - DEBUG [ProcessThread(sid:0 cport:2181)::PrepRequestProcessor@300] - Client credentials: ['ip,'172.18.0.2
, 'digest,'pat:KDzjoQ5VTKQfcjheJHwntPTKiXc=
]
2026-08-18 07:03:43,545 [myid:1] - DEBUG [ProcessThread(sid:0 cport:2181)::SessionTrackerImpl@296] - Checking session 0x10013915d9b0000
2026-08-18 07:03:43,545 [myid:1] - DEBUG [ProcessThread(sid:0 cport:2181)::PrepRequestProcessor@963] - Processing ACL: 31,s{'auth,}

2026-08-18 07:03:43,546 [myid:1] - DEBUG [ProcessThread(sid:0 cport:2181)::PrepRequestProcessor@298] - Permission requested: 4 
2026-08-18 07:03:43,546 [myid:1] - DEBUG [ProcessThread(sid:0 cport:2181)::PrepRequestProcessor@299] - ACLs for node: [31,s{'world,'anyone}
]
2026-08-18 07:03:43,546 [myid:1] - DEBUG [ProcessThread(sid:0 cport:2181)::PrepRequestProcessor@300] - Client credentials: ['ip,'172.18.0.2
, 'digest,'pat:KDzjoQ5VTKQfcjheJHwntPTKiXc=
]
2026-08-18 07:03:43,546 [myid:1] - DEBUG [ProcessThread(sid:0 cport:2181)::SessionTrackerImpl@296] - Checking session 0x10013915d9b0000
2026-08-18 07:03:43,546 [myid:1] - DEBUG [ProcessThread(sid:0 cport:2181)::PrepRequestProcessor@963] - Processing ACL: 31,s{'auth,}

2026-08-18 07:03:43,546 [myid:1] - DEBUG [ProcessThread(sid:0 cport:2181)::PrepRequestProcessor@298] - Permission requested: 4 
2026-08-18 07:03:43,546 [myid:1] - DEBUG [ProcessThread(sid:0 cport:2181)::PrepRequestProcessor@299] - ACLs for node: [31,s{'world,'anyone}
]
2026-08-18 07:03:43,546 [myid:1] - DEBUG [ProcessThread(sid:0 cport:2181)::PrepRequestProcessor@300] - Client credentials: ['ip,'172.18.0.2
, 'digest,'pat:KDzjoQ5VTKQfcjheJHwntPTKiXc=
]
2026-08-18 07:03:43,546 [myid:1] - DEBUG [ProcessThread(sid:0 cport:2181)::SessionTrackerImpl@296] - Checking session 0x10013915d9b0000
2026-08-18 07:03:43,546 [myid:1] - DEBUG [ProcessThread(sid:0 cport:2181)::PrepRequestProcessor@963] - Processing ACL: 31,s{'auth,}

2026-08-18 07:03:43,546 [myid:1] - DEBUG [ProcessThread(sid:0 cport:2181)::PrepRequestProcessor@298] - Permission requested: 4 
2026-08-18 07:03:43,546 [myid:1] - DEBUG [ProcessThread(sid:0 cport:2181)::PrepRequestProcessor@299] - ACLs for node: [31,s{'world,'anyone}
]
2026-08-18 07:03:43,546 [myid:1] - DEBUG [ProcessThread(sid:0 cport:2181)::PrepRequestProcessor@300] - Client credentials: ['ip,'172.18.0.2
, 'digest,'pat:KDzjoQ5VTKQfcjheJHwntPTKiXc=
]
2026-08-18 07:03:43,546 [myid:1] - DEBUG [ProcessThread(sid:0 cport:2181)::SessionTrackerImpl@296] - Checking session 0x10013915d9b0000
2026-08-18 07:03:43,546 [myid:1] - DEBUG [ProcessThread(sid:0 cport:2181)::PrepRequestProcessor@963] - Processing ACL: 31,s{'auth,}

2026-08-18 07:03:43,546 [myid:1] - DEBUG [ProcessThread(sid:0 cport:2181)::PrepRequestProcessor@298] - Permission requested: 4 
2026-08-18 07:03:43,546 [myid:1] - DEBUG [ProcessThread(sid:0 cport:2181)::PrepRequestProcessor@299] - ACLs for node: [31,s{'world,'anyone}
]
2026-08-18 07:03:43,546 [myid:1] - DEBUG [ProcessThread(sid:0 cport:2181)::PrepRequestProcessor@300] - Client credentials: ['ip,'172.18.0.2
, 'digest,'pat:KDzjoQ5VTKQfcjheJHwntPTKiXc=
]
2026-08-18 07:03:43,546 [myid:1] - DEBUG [ProcessThread(sid:0 cport:2181)::SessionTrackerImpl@296] - Checking session 0x10013915d9b0000
2026-08-18 07:03:43,546 [myid:1] - DEBUG [ProcessThread(sid:0 cport:2181)::PrepRequestProcessor@963] - Processing ACL: 31,s{'auth,}

2026-08-18 07:03:43,546 [myid:1] - DEBUG [ProcessThread(sid:0 cport:2181)::PrepRequestProcessor@298] - Permission requested: 4 
2026-08-18 07:03:43,546 [myid:1] - DEBUG [ProcessThread(sid:0 cport:2181)::PrepRequestProcessor@299] - ACLs for node: [31,s{'world,'anyone}
]
2026-08-18 07:03:43,547 [myid:1] - DEBUG [ProcessThread(sid:0 cport:2181)::PrepRequestProcessor@300] - Client credentials: ['ip,'172.18.0.2
, 'digest,'pat:KDzjoQ5VTKQfcjheJHwntPTKiXc=
]
2026-08-18 07:03:43,547 [myid:1] - DEBUG [ProcessThread(sid:0 cport:2181)::SessionTrackerImpl@296] - Checking session 0x10013915d9b0000
2026-08-18 07:03:43,547 [myid:1] - DEBUG [ProcessThread(sid:0 cport:2181)::PrepRequestProcessor@963] - Processing ACL: 31,s{'auth,}

2026-08-18 07:03:43,547 [myid:1] - DEBUG [ProcessThread(sid:0 cport:2181)::PrepRequestProcessor@298] - Permission requested: 4 
2026-08-18 07:03:43,547 [myid:1] - DEBUG [ProcessThread(sid:0 cport:2181)::PrepRequestProcessor@299] - ACLs for node: [31,s{'world,'anyone}
]
2026-08-18 07:03:43,547 [myid:1] - DEBUG [ProcessThread(sid:0 cport:2181)::PrepRequestProcessor@300] - Client credentials: ['ip,'172.18.0.2
, 'digest,'pat:KDzjoQ5VTKQfcjheJHwntPTKiXc=
]
2026-08-18 07:03:43,547 [myid:1] - DEBUG [ProcessThread(sid:0 cport:2181)::SessionTrackerImpl@296] - Checking session 0x10013915d9b0000
2026-08-18 07:03:43,547 [myid:1] - DEBUG [ProcessThread(sid:0 cport:2181)::PrepRequestProcessor@963] - Processing ACL: 31,s{'auth,}

2026-08-18 07:03:43,547 [myid:1] - DEBUG [ProcessThread(sid:0 cport:2181)::PrepRequestProcessor@298] - Permission requested: 4 
2026-08-18 07:03:43,547 [myid:1] - DEBUG [ProcessThread(sid:0 cport:2181)::PrepRequestProcessor@299] - ACLs for node: [31,s{'world,'anyone}
]
2026-08-18 07:03:43,547 [myid:1] - DEBUG [ProcessThread(sid:0 cport:2181)::PrepRequestProcessor@300] - Client credentials: ['ip,'172.18.0.2
, 'digest,'pat:KDzjoQ5VTKQfcjheJHwntPTKiXc=
]
2026-08-18 07:03:43,547 [myid:1] - DEBUG [ProcessThread(sid:0 cport:2181)::SessionTrackerImpl@296] - Checking session 0x10013915d9b0000
2026-08-18 07:03:43,547 [myid:1] - DEBUG [ProcessThread(sid:0 cport:2181)::PrepRequestProcessor@963] - Processing ACL: 31,s{'auth,}

2026-08-18 07:03:43,547 [myid:1] - DEBUG [ProcessThread(sid:0 cport:2181)::PrepRequestProcessor@298] - Permission requested: 4 
2026-08-18 07:03:43,547 [myid:1] - DEBUG [ProcessThread(sid:0 cport:2181)::PrepRequestProcessor@299] - ACLs for node: [31,s{'world,'anyone}
]
2026-08-18 07:03:43,547 [myid:1] - DEBUG [ProcessThread(sid:0 cport:2181)::PrepRequestProcessor@300] - Client credentials: ['ip,'172.18.0.2
, 'digest,'pat:KDzjoQ5VTKQfcjheJHwntPTKiXc=
]
2026-08-18 07:03:43,547 [myid:1] - DEBUG [ProcessThread(sid:0 cport:2181)::SessionTrackerImpl@296] - Checking session 0x10013915d9b0000
2026-08-18 07:03:43,547 [myid:1] - DEBUG [ProcessThread(sid:0 cport:2181)::PrepRequestProcessor@963] - Processing ACL: 31,s{'auth,}

2026-08-18 07:03:43,547 [myid:1] - DEBUG [ProcessThread(sid:0 cport:2181)::PrepRequestProcessor@298] - Permission requested: 4 
2026-08-18 07:03:43,548 [myid:1] - DEBUG [ProcessThread(sid:0 cport:2181)::PrepRequestProcessor@299] - ACLs for node: [31,s{'world,'anyone}
]
2026-08-18 07:03:43,548 [myid:1] - DEBUG [ProcessThread(sid:0 cport:2181)::PrepRequestProcessor@300] - Client credentials: ['ip,'172.18.0.2
, 'digest,'pat:KDzjoQ5VTKQfcjheJHwntPTKiXc=
]
2026-08-18 07:03:43,548 [myid:1] - DEBUG [ProcessThread(sid:0 cport:2181)::SessionTrackerImpl@296] - Checking session 0x10013915d9b0000
2026-08-18 07:03:43,548 [myid:1] - DEBUG [ProcessThread(sid:0 cport:2181)::PrepRequestProcessor@963] - Processing ACL: 31,s{'auth,}

2026-08-18 07:03:43,548 [myid:1] - DEBUG [ProcessThread(sid:0 cport:2181)::PrepRequestProcessor@298] - Permission requested: 4 
2026-08-18 07:03:43,548 [myid:1] - DEBUG [ProcessThread(sid:0 cport:2181)::PrepRequestProcessor@299] - ACLs for node: [31,s{'world,'anyone}
]
2026-08-18 07:03:43,548 [myid:1] - DEBUG [ProcessThread(sid:0 cport:2181)::PrepRequestProcessor@300] - Client credentials: ['ip,'172.18.0.2
, 'digest,'pat:KDzjoQ5VTKQfcjheJHwntPTKiXc=
]
2026-08-18 07:03:43,548 [myid:1] - DEBUG [ProcessThread(sid:0 cport:2181)::SessionTrackerImpl@296] - Checking session 0x10013915d9b0000
2026-08-18 07:03:43,548 [myid:1] - DEBUG [ProcessThread(sid:0 cport:2181)::PrepRequestProcessor@963] - Processing ACL: 31,s{'auth,}

2026-08-18 07:03:43,548 [myid:1] - DEBUG [ProcessThread(sid:0 cport:2181)::PrepRequestProcessor@298] - Permission requested: 4 
2026-08-18 07:03:43,548 [myid:1] - DEBUG [ProcessThread(sid:0 cport:2181)::PrepRequestProcessor@299] - ACLs for node: [31,s{'world,'anyone}
]
2026-08-18 07:03:43,548 [myid:1] - DEBUG [ProcessThread(sid:0 cport:2181)::PrepRequestProcessor@300] - Client credentials: ['ip,'172.18.0.2
, 'digest,'pat:KDzjoQ5VTKQfcjheJHwntPTKiXc=
]
2026-08-18 07:03:43,548 [myid:1] - DEBUG [ProcessThread(sid:0 cport:2181)::SessionTrackerImpl@296] - Checking session 0x10013915d9b0000
2026-08-18 07:03:43,548 [myid:1] - DEBUG [ProcessThread(sid:0 cport:2181)::PrepRequestProcessor@963] - Processing ACL: 31,s{'auth,}

2026-08-18 07:03:43,548 [myid:1] - DEBUG [ProcessThread(sid:0 cport:2181)::PrepRequestProcessor@298] - Permission requested: 4 
2026-08-18 07:03:43,548 [myid:1] - DEBUG [ProcessThread(sid:0 cport:2181)::PrepRequestProcessor@299] - ACLs for node: [31,s{'world,'anyone}
]
2026-08-18 07:03:43,548 [myid:1] - DEBUG [ProcessThread(sid:0 cport:2181)::PrepRequestProcessor@300] - Client credentials: ['ip,'172.18.0.2
, 'digest,'pat:KDzjoQ5VTKQfcjheJHwntPTKiXc=
]
2026-08-18 07:03:43,548 [myid:1] - DEBUG [ProcessThread(sid:0 cport:2181)::SessionTrackerImpl@296] - Checking session 0x10013915d9b0000
2026-08-18 07:03:43,549 [myid:1] - DEBUG [ProcessThread(sid:0 cport:2181)::PrepRequestProcessor@963] - Processing ACL: 31,s{'auth,}

2026-08-18 07:03:43,549 [myid:1] - DEBUG [ProcessThread(sid:0 cport:2181)::PrepRequestProcessor@298] - Permission requested: 4 
2026-08-18 07:03:43,549 [myid:1] - DEBUG [ProcessThread(sid:0 cport:2181)::PrepRequestProcessor@299] - ACLs for node: [31,s{'world,'anyone}
]
2026-08-18 07:03:43,549 [myid:1] - DEBUG [ProcessThread(sid:0 cport:2181)::PrepRequestProcessor@300] - Client credentials: ['ip,'172.18.0.2
, 'digest,'pat:KDzjoQ5VTKQfcjheJHwntPTKiXc=
]
2026-08-18 07:03:43,549 [myid:1] - DEBUG [ProcessThread(sid:0 cport:2181)::SessionTrackerImpl@296] - Checking session 0x10013915d9b0000
2026-08-18 07:03:43,549 [myid:1] - DEBUG [ProcessThread(sid:0 cport:2181)::PrepRequestProcessor@963] - Processing ACL: 31,s{'auth,}

2026-08-18 07:03:43,549 [myid:1] - DEBUG [ProcessThread(sid:0 cport:2181)::PrepRequestProcessor@298] - Permission requested: 4 
2026-08-18 07:03:43,549 [myid:1] - DEBUG [ProcessThread(sid:0 cport:2181)::PrepRequestProcessor@299] - ACLs for node: [31,s{'world,'anyone}
]
2026-08-18 07:03:43,549 [myid:1] - DEBUG [ProcessThread(sid:0 cport:2181)::PrepRequestProcessor@300] - Client credentials: ['ip,'172.18.0.2
, 'digest,'pat:KDzjoQ5VTKQfcjheJHwntPTKiXc=
]
2026-08-18 07:03:43,549 [myid:1] - DEBUG [ProcessThread(sid:0 cport:2181)::SessionTrackerImpl@296] - Checking session 0x10013915d9b0000
2026-08-18 07:03:43,549 [myid:1] - DEBUG [ProcessThread(sid:0 cport:2181)::PrepRequestProcessor@963] - Processing ACL: 31,s{'auth,}

2026-08-18 07:03:43,549 [myid:1] - DEBUG [ProcessThread(sid:0 cport:2181)::PrepRequestProcessor@298] - Permission requested: 4 
2026-08-18 07:03:43,549 [myid:1] - DEBUG [ProcessThread(sid:0 cport:2181)::PrepRequestProcessor@299] - ACLs for node: [31,s{'world,'anyone}
]
2026-08-18 07:03:43,549 [myid:1] - DEBUG [ProcessThread(sid:0 cport:2181)::PrepRequestProcessor@300] - Client credentials: ['ip,'172.18.0.2
, 'digest,'pat:KDzjoQ5VTKQfcjheJHwntPTKiXc=
]
2026-08-18 07:03:43,549 [myid:1] - DEBUG [ProcessThread(sid:0 cport:2181)::SessionTrackerImpl@296] - Checking session 0x10013915d9b0000
2026-08-18 07:03:43,549 [myid:1] - DEBUG [ProcessThread(sid:0 cport:2181)::PrepRequestProcessor@963] - Processing ACL: 31,s{'auth,}

2026-08-18 07:03:43,549 [myid:1] - DEBUG [ProcessThread(sid:0 cport:2181)::PrepRequestProcessor@298] - Permission requested: 4 
2026-08-18 07:03:43,549 [myid:1] - DEBUG [ProcessThread(sid:0 cport:2181)::PrepRequestProcessor@299] - ACLs for node: [31,s{'world,'anyone}
]
2026-08-18 07:03:43,549 [myid:1] - DEBUG [ProcessThread(sid:0 cport:2181)::PrepRequestProcessor@300] - Client credentials: ['ip,'172.18.0.2
, 'digest,'pat:KDzjoQ5VTKQfcjheJHwntPTKiXc=
]
2026-08-18 07:03:43,549 [myid:1] - DEBUG [ProcessThread(sid:0 cport:2181)::SessionTrackerImpl@296] - Checking session 0x10013915d9b0000
2026-08-18 07:03:43,550 [myid:1] - DEBUG [ProcessThread(sid:0 cport:2181)::PrepRequestProcessor@963] - Processing ACL: 31,s{'auth,}

2026-08-18 07:03:43,550 [myid:1] - DEBUG [ProcessThread(sid:0 cport:2181)::PrepRequestProcessor@298] - Permission requested: 4 
2026-08-18 07:03:43,550 [myid:1] - DEBUG [ProcessThread(sid:0 cport:2181)::PrepRequestProcessor@299] - ACLs for node: [31,s{'world,'anyone}
]
2026-08-18 07:03:43,550 [myid:1] - DEBUG [ProcessThread(sid:0 cport:2181)::PrepRequestProcessor@300] - Client credentials: ['ip,'172.18.0.2
, 'digest,'pat:KDzjoQ5VTKQfcjheJHwntPTKiXc=
]
2026-08-18 07:03:43,550 [myid:1] - DEBUG [ProcessThread(sid:0 cport:2181)::SessionTrackerImpl@296] - Checking session 0x10013915d9b0000
2026-08-18 07:03:43,550 [myid:1] - DEBUG [ProcessThread(sid:0 cport:2181)::PrepRequestProcessor@963] - Processing ACL: 31,s{'auth,}

2026-08-18 07:03:43,550 [myid:1] - DEBUG [ProcessThread(sid:0 cport:2181)::PrepRequestProcessor@298] - Permission requested: 4 
2026-08-18 07:03:43,550 [myid:1] - DEBUG [ProcessThread(sid:0 cport:2181)::PrepRequestProcessor@299] - ACLs for node: [31,s{'world,'anyone}
]
2026-08-18 07:03:43,550 [myid:1] - DEBUG [ProcessThread(sid:0 cport:2181)::PrepRequestProcessor@300] - Client credentials: ['ip,'172.18.0.2
, 'digest,'pat:KDzjoQ5VTKQfcjheJHwntPTKiXc=
]
2026-08-18 07:03:43,550 [myid:1] - DEBUG [ProcessThread(sid:0 cport:2181)::SessionTrackerImpl@296] - Checking session 0x10013915d9b0000
2026-08-18 07:03:43,550 [myid:1] - DEBUG [ProcessThread(sid:0 cport:2181)::PrepRequestProcessor@963] - Processing ACL: 31,s{'auth,}

2026-08-18 07:03:43,550 [myid:1] - DEBUG [ProcessThread(sid:0 cport:2181)::PrepRequestProcessor@298] - Permission requested: 4 
2026-08-18 07:03:43,550 [myid:1] - DEBUG [ProcessThread(sid:0 cport:2181)::PrepRequestProcessor@299] - ACLs for node: [31,s{'world,'anyone}
]
2026-08-18 07:03:43,550 [myid:1] - DEBUG [ProcessThread(sid:0 cport:2181)::PrepRequestProcessor@300] - Client credentials: ['ip,'172.18.0.2
, 'digest,'pat:KDzjoQ5VTKQfcjheJHwntPTKiXc=
]
2026-08-18 07:03:43,550 [myid:1] - DEBUG [ProcessThread(sid:0 cport:2181)::SessionTrackerImpl@296] - Checking session 0x10013915d9b0000
2026-08-18 07:03:43,550 [myid:1] - DEBUG [ProcessThread(sid:0 cport:2181)::PrepRequestProcessor@963] - Processing ACL: 31,s{'auth,}

2026-08-18 07:03:43,550 [myid:1] - DEBUG [ProcessThread(sid:0 cport:2181)::PrepRequestProcessor@298] - Permission requested: 4 
2026-08-18 07:03:43,550 [myid:1] - DEBUG [ProcessThread(sid:0 cport:2181)::PrepRequestProcessor@299] - ACLs for node: [31,s{'world,'anyone}
]
2026-08-18 07:03:43,550 [myid:1] - DEBUG [ProcessThread(sid:0 cport:2181)::PrepRequestProcessor@300] - Client credentials: ['ip,'172.18.0.2
, 'digest,'pat:KDzjoQ5VTKQfcjheJHwntPTKiXc=
]
2026-08-18 07:03:43,551 [myid:1] - DEBUG [ProcessThread(sid:0 cport:2181)::SessionTrackerImpl@296] - Checking session 0x10013915d9b0000
2026-08-18 07:03:43,551 [myid:1] - DEBUG [ProcessThread(sid:0 cport:2181)::PrepRequestProcessor@963] - Processing ACL: 31,s{'auth,}

2026-08-18 07:03:43,551 [myid:1] - DEBUG [ProcessThread(sid:0 cport:2181)::PrepRequestProcessor@298] - Permission requested: 4 
2026-08-18 07:03:43,551 [myid:1] - DEBUG [ProcessThread(sid:0 cport:2181)::PrepRequestProcessor@299] - ACLs for node: [31,s{'world,'anyone}
]
2026-08-18 07:03:43,551 [myid:1] - DEBUG [ProcessThread(sid:0 cport:2181)::PrepRequestProcessor@300] - Client credentials: ['ip,'172.18.0.2
, 'digest,'pat:KDzjoQ5VTKQfcjheJHwntPTKiXc=
]
2026-08-18 07:03:43,551 [myid:1] - DEBUG [ProcessThread(sid:0 cport:2181)::SessionTrackerImpl@296] - Checking session 0x10013915d9b0000
2026-08-18 07:03:43,551 [myid:1] - DEBUG [ProcessThread(sid:0 cport:2181)::PrepRequestProcessor@963] - Processing ACL: 31,s{'auth,}

2026-08-18 07:03:43,551 [myid:1] - DEBUG [ProcessThread(sid:0 cport:2181)::PrepRequestProcessor@298] - Permission requested: 4 
2026-08-18 07:03:43,551 [myid:1] - DEBUG [ProcessThread(sid:0 cport:2181)::PrepRequestProcessor@299] - ACLs for node: [31,s{'world,'anyone}
]
2026-08-18 07:03:43,551 [myid:1] - DEBUG [ProcessThread(sid:0 cport:2181)::PrepRequestProcessor@300] - Client credentials: ['ip,'172.18.0.2
, 'digest,'pat:KDzjoQ5VTKQfcjheJHwntPTKiXc=
]
2026-08-18 07:03:43,551 [myid:1] - DEBUG [ProcessThread(sid:0 cport:2181)::SessionTrackerImpl@296] - Checking session 0x10013915d9b0000
2026-08-18 07:03:43,551 [myid:1] - DEBUG [ProcessThread(sid:0 cport:2181)::PrepRequestProcessor@963] - Processing ACL: 31,s{'auth,}

2026-08-18 07:03:43,551 [myid:1] - DEBUG [ProcessThread(sid:0 cport:2181)::PrepRequestProcessor@298] - Permission requested: 4 
2026-08-18 07:03:43,551 [myid:1] - DEBUG [ProcessThread(sid:0 cport:2181)::PrepRequestProcessor@299] - ACLs for node: [31,s{'world,'anyone}
]
2026-08-18 07:03:43,551 [myid:1] - DEBUG [ProcessThread(sid:0 cport:2181)::PrepRequestProcessor@300] - Client credentials: ['ip,'172.18.0.2
, 'digest,'pat:KDzjoQ5VTKQfcjheJHwntPTKiXc=
]
2026-08-18 07:03:43,551 [myid:1] - DEBUG [ProcessThread(sid:0 cport:2181)::SessionTrackerImpl@296] - Checking session 0x10013915d9b0000
2026-08-18 07:03:43,551 [myid:1] - DEBUG [ProcessThread(sid:0 cport:2181)::PrepRequestProcessor@963] - Processing ACL: 31,s{'auth,}

2026-08-18 07:03:43,551 [myid:1] - DEBUG [ProcessThread(sid:0 cport:2181)::PrepRequestProcessor@298] - Permission requested: 4 
2026-08-18 07:03:43,551 [myid:1] - DEBUG [ProcessThread(sid:0 cport:2181)::PrepRequestProcessor@299] - ACLs for node: [31,s{'world,'anyone}
]
2026-08-18 07:03:43,552 [myid:1] - DEBUG [ProcessThread(sid:0 cport:2181)::PrepRequestProcessor@300] - Client credentials: ['ip,'172.18.0.2
, 'digest,'pat:KDzjoQ5VTKQfcjheJHwntPTKiXc=
]
2026-08-18 07:03:43,552 [myid:1] - DEBUG [ProcessThread(sid:0 cport:2181)::SessionTrackerImpl@296] - Checking session 0x10013915d9b0000
2026-08-18 07:03:43,552 [myid:1] - DEBUG [ProcessThread(sid:0 cport:2181)::PrepRequestProcessor@963] - Processing ACL: 31,s{'auth,}

2026-08-18 07:03:43,552 [myid:1] - DEBUG [ProcessThread(sid:0 cport:2181)::PrepRequestProcessor@298] - Permission requested: 4 
2026-08-18 07:03:43,552 [myid:1] - DEBUG [ProcessThread(sid:0 cport:2181)::PrepRequestProcessor@299] - ACLs for node: [31,s{'world,'anyone}
]
2026-08-18 07:03:43,552 [myid:1] - DEBUG [ProcessThread(sid:0 cport:2181)::PrepRequestProcessor@300] - Client credentials: ['ip,'172.18.0.2
, 'digest,'pat:KDzjoQ5VTKQfcjheJHwntPTKiXc=
]
2026-08-18 07:03:43,552 [myid:1] - DEBUG [ProcessThread(sid:0 cport:2181)::SessionTrackerImpl@296] - Checking session 0x10013915d9b0000
2026-08-18 07:03:43,552 [myid:1] - DEBUG [ProcessThread(sid:0 cport:2181)::PrepRequestProcessor@963] - Processing ACL: 31,s{'auth,}

2026-08-18 07:03:43,552 [myid:1] - DEBUG [ProcessThread(sid:0 cport:2181)::PrepRequestProcessor@298] - Permission requested: 4 
2026-08-18 07:03:43,552 [myid:1] - DEBUG [ProcessThread(sid:0 cport:2181)::PrepRequestProcessor@299] - ACLs for node: [31,s{'world,'anyone}
]
2026-08-18 07:03:43,552 [myid:1] - DEBUG [ProcessThread(sid:0 cport:2181)::PrepRequestProcessor@300] - Client credentials: ['ip,'172.18.0.2
, 'digest,'pat:KDzjoQ5VTKQfcjheJHwntPTKiXc=
]
2026-08-18 07:03:43,552 [myid:1] - DEBUG [ProcessThread(sid:0 cport:2181)::SessionTrackerImpl@296] - Checking session 0x10013915d9b0000
2026-08-18 07:03:43,552 [myid:1] - DEBUG [ProcessThread(sid:0 cport:2181)::PrepRequestProcessor@963] - Processing ACL: 31,s{'auth,}

2026-08-18 07:03:43,552 [myid:1] - DEBUG [ProcessThread(sid:0 cport:2181)::PrepRequestProcessor@298] - Permission requested: 4 
2026-08-18 07:03:43,552 [myid:1] - DEBUG [ProcessThread(sid:0 cport:2181)::PrepRequestProcessor@299] - ACLs for node: [31,s{'world,'anyone}
]
2026-08-18 07:03:43,552 [myid:1] - DEBUG [ProcessThread(sid:0 cport:2181)::PrepRequestProcessor@300] - Client credentials: ['ip,'172.18.0.2
, 'digest,'pat:KDzjoQ5VTKQfcjheJHwntPTKiXc=
]
2026-08-18 07:03:43,552 [myid:1] - DEBUG [ProcessThread(sid:0 cport:2181)::SessionTrackerImpl@296] - Checking session 0x10013915d9b0000
2026-08-18 07:03:43,552 [myid:1] - DEBUG [ProcessThread(sid:0 cport:2181)::PrepRequestProcessor@963] - Processing ACL: 31,s{'auth,}

2026-08-18 07:03:43,552 [myid:1] - DEBUG [ProcessThread(sid:0 cport:2181)::PrepRequestProcessor@298] - Permission requested: 4 
2026-08-18 07:03:43,553 [myid:1] - DEBUG [ProcessThread(sid:0 cport:2181)::PrepRequestProcessor@299] - ACLs for node: [31,s{'world,'anyone}
]
2026-08-18 07:03:43,553 [myid:1] - DEBUG [ProcessThread(sid:0 cport:2181)::PrepRequestProcessor@300] - Client credentials: ['ip,'172.18.0.2
, 'digest,'pat:KDzjoQ5VTKQfcjheJHwntPTKiXc=
]
2026-08-18 07:03:43,553 [myid:1] - DEBUG [ProcessThread(sid:0 cport:2181)::SessionTrackerImpl@296] - Checking session 0x10013915d9b0000
2026-08-18 07:03:43,553 [myid:1] - DEBUG [ProcessThread(sid:0 cport:2181)::PrepRequestProcessor@963] - Processing ACL: 31,s{'auth,}

2026-08-18 07:03:43,553 [myid:1] - DEBUG [ProcessThread(sid:0 cport:2181)::PrepRequestProcessor@298] - Permission requested: 4 
2026-08-18 07:03:43,553 [myid:1] - DEBUG [ProcessThread(sid:0 cport:2181)::PrepRequestProcessor@299] - ACLs for node: [31,s{'world,'anyone}
]
2026-08-18 07:03:43,553 [myid:1] - DEBUG [ProcessThread(sid:0 cport:2181)::PrepRequestProcessor@300] - Client credentials: ['ip,'172.18.0.2
, 'digest,'pat:KDzjoQ5VTKQfcjheJHwntPTKiXc=
]
2026-08-18 07:03:43,553 [myid:1] - DEBUG [ProcessThread(sid:0 cport:2181)::SessionTrackerImpl@296] - Checking session 0x10013915d9b0000
2026-08-18 07:03:43,553 [myid:1] - DEBUG [ProcessThread(sid:0 cport:2181)::PrepRequestProcessor@963] - Processing ACL: 31,s{'auth,}

2026-08-18 07:03:43,553 [myid:1] - DEBUG [ProcessThread(sid:0 cport:2181)::PrepRequestProcessor@298] - Permission requested: 4 
2026-08-18 07:03:43,553 [myid:1] - DEBUG [ProcessThread(sid:0 cport:2181)::PrepRequestProcessor@299] - ACLs for node: [31,s{'world,'anyone}
]
2026-08-18 07:03:43,553 [myid:1] - DEBUG [ProcessThread(sid:0 cport:2181)::PrepRequestProcessor@300] - Client credentials: ['ip,'172.18.0.2
, 'digest,'pat:KDzjoQ5VTKQfcjheJHwntPTKiXc=
]
2026-08-18 07:03:43,553 [myid:1] - DEBUG [ProcessThread(sid:0 cport:2181)::SessionTrackerImpl@296] - Checking session 0x10013915d9b0000
2026-08-18 07:03:43,553 [myid:1] - DEBUG [ProcessThread(sid:0 cport:2181)::PrepRequestProcessor@963] - Processing ACL: 31,s{'auth,}

2026-08-18 07:03:43,553 [myid:1] - DEBUG [ProcessThread(sid:0 cport:2181)::PrepRequestProcessor@298] - Permission requested: 4 
2026-08-18 07:03:43,553 [myid:1] - DEBUG [ProcessThread(sid:0 cport:2181)::PrepRequestProcessor@299] - ACLs for node: [31,s{'world,'anyone}
]
2026-08-18 07:03:43,553 [myid:1] - DEBUG [ProcessThread(sid:0 cport:2181)::PrepRequestProcessor@300] - Client credentials: ['ip,'172.18.0.2
, 'digest,'pat:KDzjoQ5VTKQfcjheJHwntPTKiXc=
]
2026-08-18 07:03:43,553 [myid:1] - DEBUG [ProcessThread(sid:0 cport:2181)::SessionTrackerImpl@296] - Checking session 0x10013915d9b0000
2026-08-18 07:03:43,553 [myid:1] - DEBUG [ProcessThread(sid:0 cport:2181)::PrepRequestProcessor@963] - Processing ACL: 31,s{'auth,}

2026-08-18 07:03:43,553 [myid:1] - DEBUG [ProcessThread(sid:0 cport:2181)::PrepRequestProcessor@298] - Permission requested: 4 
2026-08-18 07:03:43,554 [myid:1] - DEBUG [ProcessThread(sid:0 cport:2181)::PrepRequestProcessor@299] - ACLs for node: [31,s{'world,'anyone}
]
2026-08-18 07:03:43,554 [myid:1] - DEBUG [ProcessThread(sid:0 cport:2181)::PrepRequestProcessor@300] - Client credentials: ['ip,'172.18.0.2
, 'digest,'pat:KDzjoQ5VTKQfcjheJHwntPTKiXc=
]
2026-08-18 07:03:43,554 [myid:1] - DEBUG [ProcessThread(sid:0 cport:2181)::SessionTrackerImpl@296] - Checking session 0x10013915d9b0000
2026-08-18 07:03:43,554 [myid:1] - DEBUG [ProcessThread(sid:0 cport:2181)::PrepRequestProcessor@963] - Processing ACL: 31,s{'auth,}

2026-08-18 07:03:43,554 [myid:1] - DEBUG [ProcessThread(sid:0 cport:2181)::PrepRequestProcessor@298] - Permission requested: 4 
2026-08-18 07:03:43,554 [myid:1] - DEBUG [ProcessThread(sid:0 cport:2181)::PrepRequestProcessor@299] - ACLs for node: [31,s{'world,'anyone}
]
2026-08-18 07:03:43,554 [myid:1] - DEBUG [ProcessThread(sid:0 cport:2181)::PrepRequestProcessor@300] - Client credentials: ['ip,'172.18.0.2
, 'digest,'pat:KDzjoQ5VTKQfcjheJHwntPTKiXc=
]
2026-08-18 07:03:43,554 [myid:1] - DEBUG [ProcessThread(sid:0 cport:2181)::SessionTrackerImpl@296] - Checking session 0x10013915d9b0000
2026-08-18 07:03:43,554 [myid:1] - DEBUG [ProcessThread(sid:0 cport:2181)::PrepRequestProcessor@963] - Processing ACL: 31,s{'auth,}

2026-08-18 07:03:43,554 [myid:1] - DEBUG [ProcessThread(sid:0 cport:2181)::PrepRequestProcessor@298] - Permission requested: 4 
2026-08-18 07:03:43,554 [myid:1] - DEBUG [ProcessThread(sid:0 cport:2181)::PrepRequestProcessor@299] - ACLs for node: [31,s{'world,'anyone}
]
2026-08-18 07:03:43,554 [myid:1] - DEBUG [ProcessThread(sid:0 cport:2181)::PrepRequestProcessor@300] - Client credentials: ['ip,'172.18.0.2
, 'digest,'pat:KDzjoQ5VTKQfcjheJHwntPTKiXc=
]
2026-08-18 07:03:43,554 [myid:1] - DEBUG [ProcessThread(sid:0 cport:2181)::SessionTrackerImpl@296] - Checking session 0x10013915d9b0000
2026-08-18 07:03:43,554 [myid:1] - DEBUG [ProcessThread(sid:0 cport:2181)::PrepRequestProcessor@963] - Processing ACL: 31,s{'auth,}

2026-08-18 07:03:43,554 [myid:1] - DEBUG [ProcessThread(sid:0 cport:2181)::PrepRequestProcessor@298] - Permission requested: 4 
2026-08-18 07:03:43,554 [myid:1] - DEBUG [ProcessThread(sid:0 cport:2181)::PrepRequestProcessor@299] - ACLs for node: [31,s{'world,'anyone}
]
2026-08-18 07:03:43,554 [myid:1] - DEBUG [ProcessThread(sid:0 cport:2181)::PrepRequestProcessor@300] - Client credentials: ['ip,'172.18.0.2
, 'digest,'pat:KDzjoQ5VTKQfcjheJHwntPTKiXc=
]
2026-08-18 07:03:43,554 [myid:1] - DEBUG [ProcessThread(sid:0 cport:2181)::SessionTrackerImpl@296] - Checking session 0x10013915d9b0000
2026-08-18 07:03:43,554 [myid:1] - DEBUG [ProcessThread(sid:0 cport:2181)::PrepRequestProcessor@963] - Processing ACL: 31,s{'auth,}

2026-08-18 07:03:43,554 [myid:1] - DEBUG [ProcessThread(sid:0 cport:2181)::PrepRequestProcessor@298] - Permission requested: 4 
2026-08-18 07:03:43,554 [myid:1] - DEBUG [ProcessThread(sid:0 cport:2181)::PrepRequestProcessor@299] - ACLs for node: [31,s{'world,'anyone}
]
2026-08-18 07:03:43,554 [myid:1] - DEBUG [ProcessThread(sid:0 cport:2181)::PrepRequestProcessor@300] - Client credentials: ['ip,'172.18.0.2
, 'digest,'pat:KDzjoQ5VTKQfcjheJHwntPTKiXc=
]
2026-08-18 07:03:43,555 [myid:1] - DEBUG [ProcessThread(sid:0 cport:2181)::SessionTrackerImpl@296] - Checking session 0x10013915d9b0000
2026-08-18 07:03:43,555 [myid:1] - DEBUG [ProcessThread(sid:0 cport:2181)::PrepRequestProcessor@963] - Processing ACL: 31,s{'auth,}

2026-08-18 07:03:43,555 [myid:1] - DEBUG [ProcessThread(sid:0 cport:2181)::PrepRequestProcessor@298] - Permission requested: 4 
2026-08-18 07:03:43,555 [myid:1] - DEBUG [ProcessThread(sid:0 cport:2181)::PrepRequestProcessor@299] - ACLs for node: [31,s{'world,'anyone}
]
2026-08-18 07:03:43,555 [myid:1] - DEBUG [ProcessThread(sid:0 cport:2181)::PrepRequestProcessor@300] - Client credentials: ['ip,'172.18.0.2
, 'digest,'pat:KDzjoQ5VTKQfcjheJHwntPTKiXc=
]
2026-08-18 07:03:43,555 [myid:1] - DEBUG [ProcessThread(sid:0 cport:2181)::SessionTrackerImpl@296] - Checking session 0x10013915d9b0000
2026-08-18 07:03:43,555 [myid:1] - DEBUG [ProcessThread(sid:0 cport:2181)::PrepRequestProcessor@963] - Processing ACL: 31,s{'auth,}

2026-08-18 07:03:43,555 [myid:1] - DEBUG [ProcessThread(sid:0 cport:2181)::PrepRequestProcessor@298] - Permission requested: 4 
2026-08-18 07:03:43,555 [myid:1] - DEBUG [ProcessThread(sid:0 cport:2181)::PrepRequestProcessor@299] - ACLs for node: [31,s{'world,'anyone}
]
2026-08-18 07:03:43,555 [myid:1] - DEBUG [ProcessThread(sid:0 cport:2181)::PrepRequestProcessor@300] - Client credentials: ['ip,'172.18.0.2
, 'digest,'pat:KDzjoQ5VTKQfcjheJHwntPTKiXc=
]
2026-08-18 07:03:43,555 [myid:1] - DEBUG [ProcessThread(sid:0 cport:2181)::SessionTrackerImpl@296] - Checking session 0x10013915d9b0000
2026-08-18 07:03:43,555 [myid:1] - DEBUG [ProcessThread(sid:0 cport:2181)::PrepRequestProcessor@963] - Processing ACL: 31,s{'auth,}

2026-08-18 07:03:43,555 [myid:1] - DEBUG [ProcessThread(sid:0 cport:2181)::PrepRequestProcessor@298] - Permission requested: 4 
2026-08-18 07:03:43,555 [myid:1] - DEBUG [ProcessThread(sid:0 cport:2181)::PrepRequestProcessor@299] - ACLs for node: [31,s{'world,'anyone}
]
2026-08-18 07:03:43,555 [myid:1] - DEBUG [ProcessThread(sid:0 cport:2181)::PrepRequestProcessor@300] - Client credentials: ['ip,'172.18.0.2
, 'digest,'pat:KDzjoQ5VTKQfcjheJHwntPTKiXc=
]
2026-08-18 07:03:43,555 [myid:1] - DEBUG [ProcessThread(sid:0 cport:2181)::SessionTrackerImpl@296] - Checking session 0x10013915d9b0000
2026-08-18 07:03:43,555 [myid:1] - DEBUG [ProcessThread(sid:0 cport:2181)::PrepRequestProcessor@963] - Processing ACL: 31,s{'auth,}

2026-08-18 07:03:43,555 [myid:1] - DEBUG [ProcessThread(sid:0 cport:2181)::PrepRequestProcessor@298] - Permission requested: 4 
2026-08-18 07:03:43,555 [myid:1] - DEBUG [ProcessThread(sid:0 cport:2181)::PrepRequestProcessor@299] - ACLs for node: [31,s{'world,'anyone}
]
2026-08-18 07:03:43,555 [myid:1] - DEBUG [ProcessThread(sid:0 cport:2181)::PrepRequestProcessor@300] - Client credentials: ['ip,'172.18.0.2
, 'digest,'pat:KDzjoQ5VTKQfcjheJHwntPTKiXc=
]
2026-08-18 07:03:43,555 [myid:1] - DEBUG [ProcessThread(sid:0 cport:2181)::SessionTrackerImpl@296] - Checking session 0x10013915d9b0000
2026-08-18 07:03:43,556 [myid:1] - DEBUG [ProcessThread(sid:0 cport:2181)::PrepRequestProcessor@963] - Processing ACL: 31,s{'auth,}

2026-08-18 07:03:43,556 [myid:1] - DEBUG [ProcessThread(sid:0 cport:2181)::PrepRequestProcessor@298] - Permission requested: 4 
2026-08-18 07:03:43,556 [myid:1] - DEBUG [ProcessThread(sid:0 cport:2181)::PrepRequestProcessor@299] - ACLs for node: [31,s{'world,'anyone}
]
2026-08-18 07:03:43,556 [myid:1] - DEBUG [ProcessThread(sid:0 cport:2181)::PrepRequestProcessor@300] - Client credentials: ['ip,'172.18.0.2
, 'digest,'pat:KDzjoQ5VTKQfcjheJHwntPTKiXc=
]
2026-08-18 07:03:43,556 [myid:1] - DEBUG [ProcessThread(sid:0 cport:2181)::SessionTrackerImpl@296] - Checking session 0x10013915d9b0000
2026-08-18 07:03:43,556 [myid:1] - DEBUG [ProcessThread(sid:0 cport:2181)::PrepRequestProcessor@963] - Processing ACL: 31,s{'auth,}

2026-08-18 07:03:43,556 [myid:1] - DEBUG [ProcessThread(sid:0 cport:2181)::PrepRequestProcessor@298] - Permission requested: 4 
2026-08-18 07:03:43,556 [myid:1] - DEBUG [ProcessThread(sid:0 cport:2181)::PrepRequestProcessor@299] - ACLs for node: [31,s{'world,'anyone}
]
2026-08-18 07:03:43,556 [myid:1] - DEBUG [ProcessThread(sid:0 cport:2181)::PrepRequestProcessor@300] - Client credentials: ['ip,'172.18.0.2
, 'digest,'pat:KDzjoQ5VTKQfcjheJHwntPTKiXc=
]
2026-08-18 07:03:43,556 [myid:1] - DEBUG [ProcessThread(sid:0 cport:2181)::SessionTrackerImpl@296] - Checking session 0x10013915d9b0000
2026-08-18 07:03:43,556 [myid:1] - DEBUG [ProcessThread(sid:0 cport:2181)::PrepRequestProcessor@963] - Processing ACL: 31,s{'auth,}

2026-08-18 07:03:43,556 [myid:1] - DEBUG [ProcessThread(sid:0 cport:2181)::PrepRequestProcessor@298] - Permission requested: 4 
2026-08-18 07:03:43,556 [myid:1] - DEBUG [ProcessThread(sid:0 cport:2181)::PrepRequestProcessor@299] - ACLs for node: [31,s{'world,'anyone}
]
2026-08-18 07:03:43,556 [myid:1] - DEBUG [ProcessThread(sid:0 cport:2181)::PrepRequestProcessor@300] - Client credentials: ['ip,'172.18.0.2
, 'digest,'pat:KDzjoQ5VTKQfcjheJHwntPTKiXc=
]
2026-08-18 07:03:43,556 [myid:1] - DEBUG [ProcessThread(sid:0 cport:2181)::SessionTrackerImpl@296] - Checking session 0x10013915d9b0000
2026-08-18 07:03:43,556 [myid:1] - DEBUG [ProcessThread(sid:0 cport:2181)::PrepRequestProcessor@963] - Processing ACL: 31,s{'auth,}

2026-08-18 07:03:43,556 [myid:1] - DEBUG [ProcessThread(sid:0 cport:2181)::PrepRequestProcessor@298] - Permission requested: 4 
2026-08-18 07:03:43,556 [myid:1] - DEBUG [ProcessThread(sid:0 cport:2181)::PrepRequestProcessor@299] - ACLs for node: [31,s{'world,'anyone}
]
2026-08-18 07:03:43,556 [myid:1] - DEBUG [ProcessThread(sid:0 cport:2181)::PrepRequestProcessor@300] - Client credentials: ['ip,'172.18.0.2
, 'digest,'pat:KDzjoQ5VTKQfcjheJHwntPTKiXc=
]
2026-08-18 07:03:43,556 [myid:1] - DEBUG [ProcessThread(sid:0 cport:2181)::SessionTrackerImpl@296] - Checking session 0x10013915d9b0000
2026-08-18 07:03:43,556 [myid:1] - DEBUG [ProcessThread(sid:0 cport:2181)::PrepRequestProcessor@963] - Processing ACL: 31,s{'auth,}

2026-08-18 07:03:43,557 [myid:1] - DEBUG [ProcessThread(sid:0 cport:2181)::PrepRequestProcessor@298] - Permission requested: 4 
2026-08-18 07:03:43,557 [myid:1] - DEBUG [ProcessThread(sid:0 cport:2181)::PrepRequestProcessor@299] - ACLs for node: [31,s{'world,'anyone}
]
2026-08-18 07:03:43,557 [myid:1] - DEBUG [ProcessThread(sid:0 cport:2181)::PrepRequestProcessor@300] - Client credentials: ['ip,'172.18.0.2
, 'digest,'pat:KDzjoQ5VTKQfcjheJHwntPTKiXc=
]
2026-08-18 07:03:43,557 [myid:1] - DEBUG [ProcessThread(sid:0 cport:2181)::SessionTrackerImpl@296] - Checking session 0x10013915d9b0000
2026-08-18 07:03:43,557 [myid:1] - DEBUG [ProcessThread(sid:0 cport:2181)::PrepRequestProcessor@963] - Processing ACL: 31,s{'auth,}

2026-08-18 07:03:43,557 [myid:1] - DEBUG [ProcessThread(sid:0 cport:2181)::PrepRequestProcessor@298] - Permission requested: 4 
2026-08-18 07:03:43,557 [myid:1] - DEBUG [ProcessThread(sid:0 cport:2181)::PrepRequestProcessor@299] - ACLs for node: [31,s{'world,'anyone}
]
2026-08-18 07:03:43,557 [myid:1] - DEBUG [ProcessThread(sid:0 cport:2181)::PrepRequestProcessor@300] - Client credentials: ['ip,'172.18.0.2
, 'digest,'pat:KDzjoQ5VTKQfcjheJHwntPTKiXc=
]
2026-08-18 07:03:43,557 [myid:1] - DEBUG [ProcessThread(sid:0 cport:2181)::SessionTrackerImpl@296] - Checking session 0x10013915d9b0000
2026-08-18 07:03:43,557 [myid:1] - DEBUG [ProcessThread(sid:0 cport:2181)::PrepRequestProcessor@963] - Processing ACL: 31,s{'auth,}

2026-08-18 07:03:43,557 [myid:1] - DEBUG [ProcessThread(sid:0 cport:2181)::PrepRequestProcessor@298] - Permission requested: 4 
2026-08-18 07:03:43,557 [myid:1] - DEBUG [ProcessThread(sid:0 cport:2181)::PrepRequestProcessor@299] - ACLs for node: [31,s{'world,'anyone}
]
2026-08-18 07:03:43,557 [myid:1] - DEBUG [ProcessThread(sid:0 cport:2181)::PrepRequestProcessor@300] - Client credentials: ['ip,'172.18.0.2
, 'digest,'pat:KDzjoQ5VTKQfcjheJHwntPTKiXc=
]
2026-08-18 07:03:43,557 [myid:1] - DEBUG [ProcessThread(sid:0 cport:2181)::SessionTrackerImpl@296] - Checking session 0x10013915d9b0000
2026-08-18 07:03:43,557 [myid:1] - DEBUG [ProcessThread(sid:0 cport:2181)::PrepRequestProcessor@963] - Processing ACL: 31,s{'auth,}

2026-08-18 07:03:43,557 [myid:1] - DEBUG [ProcessThread(sid:0 cport:2181)::PrepRequestProcessor@298] - Permission requested: 4 
2026-08-18 07:03:43,557 [myid:1] - DEBUG [ProcessThread(sid:0 cport:2181)::PrepRequestProcessor@299] - ACLs for node: [31,s{'world,'anyone}
]
2026-08-18 07:03:43,557 [myid:1] - DEBUG [ProcessThread(sid:0 cport:2181)::PrepRequestProcessor@300] - Client credentials: ['ip,'172.18.0.2
, 'digest,'pat:KDzjoQ5VTKQfcjheJHwntPTKiXc=
]
2026-08-18 07:03:43,557 [myid:1] - DEBUG [ProcessThread(sid:0 cport:2181)::SessionTrackerImpl@296] - Checking session 0x10013915d9b0000
2026-08-18 07:03:43,557 [myid:1] - DEBUG [ProcessThread(sid:0 cport:2181)::PrepRequestProcessor@963] - Processing ACL: 31,s{'auth,}

2026-08-18 07:03:43,557 [myid:1] - DEBUG [ProcessThread(sid:0 cport:2181)::PrepRequestProcessor@298] - Permission requested: 4 
2026-08-18 07:03:43,557 [myid:1] - DEBUG [ProcessThread(sid:0 cport:2181)::PrepRequestProcessor@299] - ACLs for node: [31,s{'world,'anyone}
]
2026-08-18 07:03:43,557 [myid:1] - DEBUG [ProcessThread(sid:0 cport:2181)::PrepRequestProcessor@300] - Client credentials: ['ip,'172.18.0.2
, 'digest,'pat:KDzjoQ5VTKQfcjheJHwntPTKiXc=
]
2026-08-18 07:03:43,558 [myid:1] - DEBUG [ProcessThread(sid:0 cport:2181)::SessionTrackerImpl@296] - Checking session 0x10013915d9b0000
2026-08-18 07:03:43,558 [myid:1] - DEBUG [ProcessThread(sid:0 cport:2181)::PrepRequestProcessor@963] - Processing ACL: 31,s{'auth,}

2026-08-18 07:03:43,558 [myid:1] - DEBUG [ProcessThread(sid:0 cport:2181)::PrepRequestProcessor@298] - Permission requested: 4 
2026-08-18 07:03:43,558 [myid:1] - DEBUG [ProcessThread(sid:0 cport:2181)::PrepRequestProcessor@299] - ACLs for node: [31,s{'world,'anyone}
]
2026-08-18 07:03:43,558 [myid:1] - DEBUG [ProcessThread(sid:0 cport:2181)::PrepRequestProcessor@300] - Client credentials: ['ip,'172.18.0.2
, 'digest,'pat:KDzjoQ5VTKQfcjheJHwntPTKiXc=
]
2026-08-18 07:03:43,558 [myid:1] - DEBUG [ProcessThread(sid:0 cport:2181)::SessionTrackerImpl@296] - Checking session 0x10013915d9b0000
2026-08-18 07:03:43,558 [myid:1] - DEBUG [ProcessThread(sid:0 cport:2181)::PrepRequestProcessor@963] - Processing ACL: 31,s{'auth,}

2026-08-18 07:03:43,558 [myid:1] - DEBUG [ProcessThread(sid:0 cport:2181)::PrepRequestProcessor@298] - Permission requested: 4 
2026-08-18 07:03:43,558 [myid:1] - DEBUG [ProcessThread(sid:0 cport:2181)::PrepRequestProcessor@299] - ACLs for node: [31,s{'world,'anyone}
]
2026-08-18 07:03:43,558 [myid:1] - DEBUG [ProcessThread(sid:0 cport:2181)::PrepRequestProcessor@300] - Client credentials: ['ip,'172.18.0.2
, 'digest,'pat:KDzjoQ5VTKQfcjheJHwntPTKiXc=
]
2026-08-18 07:03:43,558 [myid:1] - DEBUG [ProcessThread(sid:0 cport:2181)::SessionTrackerImpl@296] - Checking session 0x10013915d9b0000
2026-08-18 07:03:43,558 [myid:1] - DEBUG [ProcessThread(sid:0 cport:2181)::PrepRequestProcessor@963] - Processing ACL: 31,s{'auth,}

2026-08-18 07:03:43,558 [myid:1] - DEBUG [ProcessThread(sid:0 cport:2181)::PrepRequestProcessor@298] - Permission requested: 4 
2026-08-18 07:03:43,558 [myid:1] - DEBUG [ProcessThread(sid:0 cport:2181)::PrepRequestProcessor@299] - ACLs for node: [31,s{'world,'anyone}
]
2026-08-18 07:03:43,558 [myid:1] - DEBUG [ProcessThread(sid:0 cport:2181)::PrepRequestProcessor@300] - Client credentials: ['ip,'172.18.0.2
, 'digest,'pat:KDzjoQ5VTKQfcjheJHwntPTKiXc=
]
2026-08-18 07:03:43,558 [myid:1] - DEBUG [ProcessThread(sid:0 cport:2181)::SessionTrackerImpl@296] - Checking session 0x10013915d9b0000
2026-08-18 07:03:43,558 [myid:1] - DEBUG [ProcessThread(sid:0 cport:2181)::PrepRequestProcessor@963] - Processing ACL: 31,s{'auth,}

2026-08-18 07:03:43,558 [myid:1] - DEBUG [ProcessThread(sid:0 cport:2181)::PrepRequestProcessor@298] - Permission requested: 4 
2026-08-18 07:03:43,558 [myid:1] - DEBUG [ProcessThread(sid:0 cport:2181)::PrepRequestProcessor@299] - ACLs for node: [31,s{'world,'anyone}
]
2026-08-18 07:03:43,558 [myid:1] - DEBUG [ProcessThread(sid:0 cport:2181)::PrepRequestProcessor@300] - Client credentials: ['ip,'172.18.0.2
, 'digest,'pat:KDzjoQ5VTKQfcjheJHwntPTKiXc=
]
2026-08-18 07:03:43,558 [myid:1] - DEBUG [ProcessThread(sid:0 cport:2181)::SessionTrackerImpl@296] - Checking session 0x10013915d9b0000
2026-08-18 07:03:43,558 [myid:1] - DEBUG [ProcessThread(sid:0 cport:2181)::PrepRequestProcessor@963] - Processing ACL: 31,s{'auth,}

2026-08-18 07:03:43,559 [myid:1] - DEBUG [ProcessThread(sid:0 cport:2181)::PrepRequestProcessor@298] - Permission requested: 4 
2026-08-18 07:03:43,559 [myid:1] - DEBUG [ProcessThread(sid:0 cport:2181)::PrepRequestProcessor@299] - ACLs for node: [31,s{'world,'anyone}
]
2026-08-18 07:03:43,559 [myid:1] - DEBUG [ProcessThread(sid:0 cport:2181)::PrepRequestProcessor@300] - Client credentials: ['ip,'172.18.0.2
, 'digest,'pat:KDzjoQ5VTKQfcjheJHwntPTKiXc=
]
2026-08-18 07:03:43,559 [myid:1] - DEBUG [ProcessThread(sid:0 cport:2181)::SessionTrackerImpl@296] - Checking session 0x10013915d9b0000
2026-08-18 07:03:43,559 [myid:1] - DEBUG [ProcessThread(sid:0 cport:2181)::PrepRequestProcessor@963] - Processing ACL: 31,s{'auth,}

2026-08-18 07:03:43,559 [myid:1] - DEBUG [ProcessThread(sid:0 cport:2181)::PrepRequestProcessor@298] - Permission requested: 4 
2026-08-18 07:03:43,559 [myid:1] - DEBUG [ProcessThread(sid:0 cport:2181)::PrepRequestProcessor@299] - ACLs for node: [31,s{'world,'anyone}
]
2026-08-18 07:03:43,559 [myid:1] - DEBUG [ProcessThread(sid:0 cport:2181)::PrepRequestProcessor@300] - Client credentials: ['ip,'172.18.0.2
, 'digest,'pat:KDzjoQ5VTKQfcjheJHwntPTKiXc=
]
2026-08-18 07:03:43,559 [myid:1] - DEBUG [ProcessThread(sid:0 cport:2181)::SessionTrackerImpl@296] - Checking session 0x10013915d9b0000
2026-08-18 07:03:43,559 [myid:1] - DEBUG [ProcessThread(sid:0 cport:2181)::PrepRequestProcessor@963] - Processing ACL: 31,s{'auth,}

2026-08-18 07:03:43,559 [myid:1] - DEBUG [ProcessThread(sid:0 cport:2181)::PrepRequestProcessor@298] - Permission requested: 4 
2026-08-18 07:03:43,559 [myid:1] - DEBUG [ProcessThread(sid:0 cport:2181)::PrepRequestProcessor@299] - ACLs for node: [31,s{'world,'anyone}
]
2026-08-18 07:03:43,559 [myid:1] - DEBUG [ProcessThread(sid:0 cport:2181)::PrepRequestProcessor@300] - Client credentials: ['ip,'172.18.0.2
, 'digest,'pat:KDzjoQ5VTKQfcjheJHwntPTKiXc=
]
2026-08-18 07:03:43,559 [myid:1] - DEBUG [ProcessThread(sid:0 cport:2181)::SessionTrackerImpl@296] - Checking session 0x10013915d9b0000
2026-08-18 07:03:43,559 [myid:1] - DEBUG [ProcessThread(sid:0 cport:2181)::PrepRequestProcessor@963] - Processing ACL: 31,s{'auth,}

2026-08-18 07:03:43,559 [myid:1] - DEBUG [ProcessThread(sid:0 cport:2181)::PrepRequestProcessor@298] - Permission requested: 4 
2026-08-18 07:03:43,559 [myid:1] - DEBUG [ProcessThread(sid:0 cport:2181)::PrepRequestProcessor@299] - ACLs for node: [31,s{'world,'anyone}
]
2026-08-18 07:03:43,559 [myid:1] - DEBUG [ProcessThread(sid:0 cport:2181)::PrepRequestProcessor@300] - Client credentials: ['ip,'172.18.0.2
, 'digest,'pat:KDzjoQ5VTKQfcjheJHwntPTKiXc=
]
2026-08-18 07:03:43,559 [myid:1] - DEBUG [ProcessThread(sid:0 cport:2181)::SessionTrackerImpl@296] - Checking session 0x10013915d9b0000
2026-08-18 07:03:43,559 [myid:1] - DEBUG [ProcessThread(sid:0 cport:2181)::PrepRequestProcessor@963] - Processing ACL: 31,s{'auth,}

2026-08-18 07:03:43,559 [myid:1] - DEBUG [ProcessThread(sid:0 cport:2181)::PrepRequestProcessor@298] - Permission requested: 4 
2026-08-18 07:03:43,559 [myid:1] - DEBUG [ProcessThread(sid:0 cport:2181)::PrepRequestProcessor@299] - ACLs for node: [31,s{'world,'anyone}
]
2026-08-18 07:03:43,559 [myid:1] - DEBUG [ProcessThread(sid:0 cport:2181)::PrepRequestProcessor@300] - Client credentials: ['ip,'172.18.0.2
, 'digest,'pat:KDzjoQ5VTKQfcjheJHwntPTKiXc=
]
2026-08-18 07:03:43,560 [myid:1] - DEBUG [ProcessThread(sid:0 cport:2181)::SessionTrackerImpl@296] - Checking session 0x10013915d9b0000
2026-08-18 07:03:43,560 [myid:1] - DEBUG [ProcessThread(sid:0 cport:2181)::PrepRequestProcessor@963] - Processing ACL: 31,s{'auth,}

2026-08-18 07:03:43,560 [myid:1] - DEBUG [ProcessThread(sid:0 cport:2181)::PrepRequestProcessor@298] - Permission requested: 4 
2026-08-18 07:03:43,560 [myid:1] - DEBUG [ProcessThread(sid:0 cport:2181)::PrepRequestProcessor@299] - ACLs for node: [31,s{'world,'anyone}
]
2026-08-18 07:03:43,560 [myid:1] - DEBUG [ProcessThread(sid:0 cport:2181)::PrepRequestProcessor@300] - Client credentials: ['ip,'172.18.0.2
, 'digest,'pat:KDzjoQ5VTKQfcjheJHwntPTKiXc=
]
2026-08-18 07:03:43,560 [myid:1] - DEBUG [ProcessThread(sid:0 cport:2181)::SessionTrackerImpl@296] - Checking session 0x10013915d9b0000
2026-08-18 07:03:43,560 [myid:1] - DEBUG [ProcessThread(sid:0 cport:2181)::PrepRequestProcessor@963] - Processing ACL: 31,s{'auth,}

2026-08-18 07:03:43,560 [myid:1] - DEBUG [ProcessThread(sid:0 cport:2181)::PrepRequestProcessor@298] - Permission requested: 4 
2026-08-18 07:03:43,560 [myid:1] - DEBUG [ProcessThread(sid:0 cport:2181)::PrepRequestProcessor@299] - ACLs for node: [31,s{'world,'anyone}
]
2026-08-18 07:03:43,560 [myid:1] - DEBUG [ProcessThread(sid:0 cport:2181)::PrepRequestProcessor@300] - Client credentials: ['ip,'172.18.0.2
, 'digest,'pat:KDzjoQ5VTKQfcjheJHwntPTKiXc=
]
2026-08-18 07:03:43,560 [myid:1] - DEBUG [ProcessThread(sid:0 cport:2181)::SessionTrackerImpl@296] - Checking session 0x10013915d9b0000
2026-08-18 07:03:43,560 [myid:1] - DEBUG [ProcessThread(sid:0 cport:2181)::PrepRequestProcessor@963] - Processing ACL: 31,s{'auth,}

2026-08-18 07:03:43,560 [myid:1] - DEBUG [ProcessThread(sid:0 cport:2181)::PrepRequestProcessor@298] - Permission requested: 4 
2026-08-18 07:03:43,560 [myid:1] - DEBUG [ProcessThread(sid:0 cport:2181)::PrepRequestProcessor@299] - ACLs for node: [31,s{'world,'anyone}
]
2026-08-18 07:03:43,560 [myid:1] - DEBUG [ProcessThread(sid:0 cport:2181)::PrepRequestProcessor@300] - Client credentials: ['ip,'172.18.0.2
, 'digest,'pat:KDzjoQ5VTKQfcjheJHwntPTKiXc=
]
2026-08-18 07:03:43,560 [myid:1] - DEBUG [ProcessThread(sid:0 cport:2181)::SessionTrackerImpl@296] - Checking session 0x10013915d9b0000
2026-08-18 07:03:43,560 [myid:1] - DEBUG [ProcessThread(sid:0 cport:2181)::PrepRequestProcessor@963] - Processing ACL: 31,s{'auth,}

2026-08-18 07:03:43,560 [myid:1] - DEBUG [ProcessThread(sid:0 cport:2181)::PrepRequestProcessor@298] - Permission requested: 4 
2026-08-18 07:03:43,560 [myid:1] - DEBUG [ProcessThread(sid:0 cport:2181)::PrepRequestProcessor@299] - ACLs for node: [31,s{'world,'anyone}
]
2026-08-18 07:03:43,560 [myid:1] - DEBUG [ProcessThread(sid:0 cport:2181)::PrepRequestProcessor@300] - Client credentials: ['ip,'172.18.0.2
, 'digest,'pat:KDzjoQ5VTKQfcjheJHwntPTKiXc=
]
2026-08-18 07:03:43,560 [myid:1] - DEBUG [ProcessThread(sid:0 cport:2181)::SessionTrackerImpl@296] - Checking session 0x10013915d9b0000
2026-08-18 07:03:43,561 [myid:1] - DEBUG [ProcessThread(sid:0 cport:2181)::PrepRequestProcessor@963] - Processing ACL: 31,s{'auth,}

2026-08-18 07:03:43,561 [myid:1] - DEBUG [ProcessThread(sid:0 cport:2181)::PrepRequestProcessor@298] - Permission requested: 4 
2026-08-18 07:03:43,561 [myid:1] - DEBUG [ProcessThread(sid:0 cport:2181)::PrepRequestProcessor@299] - ACLs for node: [31,s{'world,'anyone}
]
2026-08-18 07:03:43,561 [myid:1] - DEBUG [ProcessThread(sid:0 cport:2181)::PrepRequestProcessor@300] - Client credentials: ['ip,'172.18.0.2
, 'digest,'pat:KDzjoQ5VTKQfcjheJHwntPTKiXc=
]
2026-08-18 07:03:43,561 [myid:1] - DEBUG [ProcessThread(sid:0 cport:2181)::SessionTrackerImpl@296] - Checking session 0x10013915d9b0000
2026-08-18 07:03:43,561 [myid:1] - DEBUG [ProcessThread(sid:0 cport:2181)::PrepRequestProcessor@963] - Processing ACL: 31,s{'auth,}

2026-08-18 07:03:43,561 [myid:1] - DEBUG [ProcessThread(sid:0 cport:2181)::PrepRequestProcessor@298] - Permission requested: 4 
2026-08-18 07:03:43,561 [myid:1] - DEBUG [ProcessThread(sid:0 cport:2181)::PrepRequestProcessor@299] - ACLs for node: [31,s{'world,'anyone}
]
2026-08-18 07:03:43,561 [myid:1] - DEBUG [ProcessThread(sid:0 cport:2181)::PrepRequestProcessor@300] - Client credentials: ['ip,'172.18.0.2
, 'digest,'pat:KDzjoQ5VTKQfcjheJHwntPTKiXc=
]
2026-08-18 07:03:43,561 [myid:1] - DEBUG [ProcessThread(sid:0 cport:2181)::SessionTrackerImpl@296] - Checking session 0x10013915d9b0000
2026-08-18 07:03:43,561 [myid:1] - DEBUG [ProcessThread(sid:0 cport:2181)::PrepRequestProcessor@963] - Processing ACL: 31,s{'auth,}

2026-08-18 07:03:43,561 [myid:1] - DEBUG [ProcessThread(sid:0 cport:2181)::PrepRequestProcessor@298] - Permission requested: 4 
2026-08-18 07:03:43,561 [myid:1] - DEBUG [ProcessThread(sid:0 cport:2181)::PrepRequestProcessor@299] - ACLs for node: [31,s{'world,'anyone}
]
2026-08-18 07:03:43,561 [myid:1] - DEBUG [ProcessThread(sid:0 cport:2181)::PrepRequestProcessor@300] - Client credentials: ['ip,'172.18.0.2
, 'digest,'pat:KDzjoQ5VTKQfcjheJHwntPTKiXc=
]
2026-08-18 07:03:43,561 [myid:1] - DEBUG [ProcessThread(sid:0 cport:2181)::SessionTrackerImpl@296] - Checking session 0x10013915d9b0000
2026-08-18 07:03:43,561 [myid:1] - DEBUG [ProcessThread(sid:0 cport:2181)::PrepRequestProcessor@963] - Processing ACL: 31,s{'auth,}

2026-08-18 07:03:43,561 [myid:1] - DEBUG [ProcessThread(sid:0 cport:2181)::PrepRequestProcessor@298] - Permission requested: 4 
2026-08-18 07:03:43,561 [myid:1] - DEBUG [ProcessThread(sid:0 cport:2181)::PrepRequestProcessor@299] - ACLs for node: [31,s{'world,'anyone}
]
2026-08-18 07:03:43,561 [myid:1] - DEBUG [ProcessThread(sid:0 cport:2181)::PrepRequestProcessor@300] - Client credentials: ['ip,'172.18.0.2
, 'digest,'pat:KDzjoQ5VTKQfcjheJHwntPTKiXc=
]
2026-08-18 07:03:43,561 [myid:1] - DEBUG [ProcessThread(sid:0 cport:2181)::SessionTrackerImpl@296] - Checking session 0x10013915d9b0000
2026-08-18 07:03:43,562 [myid:1] - DEBUG [ProcessThread(sid:0 cport:2181)::PrepRequestProcessor@963] - Processing ACL: 31,s{'auth,}

2026-08-18 07:03:43,562 [myid:1] - DEBUG [ProcessThread(sid:0 cport:2181)::PrepRequestProcessor@298] - Permission requested: 4 
2026-08-18 07:03:43,562 [myid:1] - DEBUG [ProcessThread(sid:0 cport:2181)::PrepRequestProcessor@299] - ACLs for node: [31,s{'world,'anyone}
]
2026-08-18 07:03:43,562 [myid:1] - DEBUG [ProcessThread(sid:0 cport:2181)::PrepRequestProcessor@300] - Client credentials: ['ip,'172.18.0.2
, 'digest,'pat:KDzjoQ5VTKQfcjheJHwntPTKiXc=
]
2026-08-18 07:03:43,562 [myid:1] - DEBUG [ProcessThread(sid:0 cport:2181)::SessionTrackerImpl@296] - Checking session 0x10013915d9b0000
2026-08-18 07:03:43,562 [myid:1] - DEBUG [ProcessThread(sid:0 cport:2181)::PrepRequestProcessor@963] - Processing ACL: 31,s{'auth,}

2026-08-18 07:03:43,562 [myid:1] - DEBUG [ProcessThread(sid:0 cport:2181)::PrepRequestProcessor@298] - Permission requested: 4 
2026-08-18 07:03:43,562 [myid:1] - DEBUG [ProcessThread(sid:0 cport:2181)::PrepRequestProcessor@299] - ACLs for node: [31,s{'world,'anyone}
]
2026-08-18 07:03:43,562 [myid:1] - DEBUG [ProcessThread(sid:0 cport:2181)::PrepRequestProcessor@300] - Client credentials: ['ip,'172.18.0.2
, 'digest,'pat:KDzjoQ5VTKQfcjheJHwntPTKiXc=
]
2026-08-18 07:03:43,562 [myid:1] - DEBUG [ProcessThread(sid:0 cport:2181)::SessionTrackerImpl@296] - Checking session 0x10013915d9b0000
2026-08-18 07:03:43,562 [myid:1] - DEBUG [ProcessThread(sid:0 cport:2181)::PrepRequestProcessor@963] - Processing ACL: 31,s{'auth,}

2026-08-18 07:03:43,562 [myid:1] - DEBUG [ProcessThread(sid:0 cport:2181)::PrepRequestProcessor@298] - Permission requested: 4 
2026-08-18 07:03:43,562 [myid:1] - DEBUG [ProcessThread(sid:0 cport:2181)::PrepRequestProcessor@299] - ACLs for node: [31,s{'world,'anyone}
]
2026-08-18 07:03:43,562 [myid:1] - DEBUG [ProcessThread(sid:0 cport:2181)::PrepRequestProcessor@300] - Client credentials: ['ip,'172.18.0.2
, 'digest,'pat:KDzjoQ5VTKQfcjheJHwntPTKiXc=
]
2026-08-18 07:03:43,562 [myid:1] - DEBUG [ProcessThread(sid:0 cport:2181)::SessionTrackerImpl@296] - Checking session 0x10013915d9b0000
2026-08-18 07:03:43,562 [myid:1] - DEBUG [ProcessThread(sid:0 cport:2181)::PrepRequestProcessor@963] - Processing ACL: 31,s{'auth,}

2026-08-18 07:03:43,562 [myid:1] - DEBUG [ProcessThread(sid:0 cport:2181)::PrepRequestProcessor@298] - Permission requested: 4 
2026-08-18 07:03:43,562 [myid:1] - DEBUG [ProcessThread(sid:0 cport:2181)::PrepRequestProcessor@299] - ACLs for node: [31,s{'world,'anyone}
]
2026-08-18 07:03:43,562 [myid:1] - DEBUG [ProcessThread(sid:0 cport:2181)::PrepRequestProcessor@300] - Client credentials: ['ip,'172.18.0.2
, 'digest,'pat:KDzjoQ5VTKQfcjheJHwntPTKiXc=
]
2026-08-18 07:03:43,562 [myid:1] - DEBUG [ProcessThread(sid:0 cport:2181)::SessionTrackerImpl@296] - Checking session 0x10013915d9b0000
2026-08-18 07:03:43,563 [myid:1] - DEBUG [ProcessThread(sid:0 cport:2181)::PrepRequestProcessor@963] - Processing ACL: 31,s{'auth,}

2026-08-18 07:03:43,563 [myid:1] - DEBUG [ProcessThread(sid:0 cport:2181)::PrepRequestProcessor@298] - Permission requested: 4 
2026-08-18 07:03:43,563 [myid:1] - DEBUG [ProcessThread(sid:0 cport:2181)::PrepRequestProcessor@299] - ACLs for node: [31,s{'world,'anyone}
]
2026-08-18 07:03:43,563 [myid:1] - DEBUG [ProcessThread(sid:0 cport:2181)::PrepRequestProcessor@300] - Client credentials: ['ip,'172.18.0.2
, 'digest,'pat:KDzjoQ5VTKQfcjheJHwntPTKiXc=
]
2026-08-18 07:03:43,563 [myid:1] - DEBUG [ProcessThread(sid:0 cport:2181)::SessionTrackerImpl@296] - Checking session 0x10013915d9b0000
2026-08-18 07:03:43,563 [myid:1] - DEBUG [ProcessThread(sid:0 cport:2181)::PrepRequestProcessor@963] - Processing ACL: 31,s{'auth,}

2026-08-18 07:03:43,563 [myid:1] - DEBUG [ProcessThread(sid:0 cport:2181)::PrepRequestProcessor@298] - Permission requested: 4 
2026-08-18 07:03:43,563 [myid:1] - DEBUG [ProcessThread(sid:0 cport:2181)::PrepRequestProcessor@299] - ACLs for node: [31,s{'world,'anyone}
]
2026-08-18 07:03:43,563 [myid:1] - DEBUG [ProcessThread(sid:0 cport:2181)::PrepRequestProcessor@300] - Client credentials: ['ip,'172.18.0.2
, 'digest,'pat:KDzjoQ5VTKQfcjheJHwntPTKiXc=
]
2026-08-18 07:03:43,563 [myid:1] - DEBUG [ProcessThread(sid:0 cport:2181)::SessionTrackerImpl@296] - Checking session 0x10013915d9b0000
2026-08-18 07:03:43,563 [myid:1] - DEBUG [ProcessThread(sid:0 cport:2181)::PrepRequestProcessor@963] - Processing ACL: 31,s{'auth,}

2026-08-18 07:03:43,563 [myid:1] - DEBUG [ProcessThread(sid:0 cport:2181)::PrepRequestProcessor@298] - Permission requested: 4 
2026-08-18 07:03:43,563 [myid:1] - DEBUG [ProcessThread(sid:0 cport:2181)::PrepRequestProcessor@299] - ACLs for node: [31,s{'world,'anyone}
]
2026-08-18 07:03:43,563 [myid:1] - DEBUG [ProcessThread(sid:0 cport:2181)::PrepRequestProcessor@300] - Client credentials: ['ip,'172.18.0.2
, 'digest,'pat:KDzjoQ5VTKQfcjheJHwntPTKiXc=
]
2026-08-18 07:03:43,563 [myid:1] - DEBUG [ProcessThread(sid:0 cport:2181)::SessionTrackerImpl@296] - Checking session 0x10013915d9b0000
2026-08-18 07:03:43,563 [myid:1] - DEBUG [ProcessThread(sid:0 cport:2181)::PrepRequestProcessor@963] - Processing ACL: 31,s{'auth,}

2026-08-18 07:03:43,563 [myid:1] - DEBUG [ProcessThread(sid:0 cport:2181)::PrepRequestProcessor@298] - Permission requested: 4 
2026-08-18 07:03:43,563 [myid:1] - DEBUG [ProcessThread(sid:0 cport:2181)::PrepRequestProcessor@299] - ACLs for node: [31,s{'world,'anyone}
]
2026-08-18 07:03:43,563 [myid:1] - DEBUG [ProcessThread(sid:0 cport:2181)::PrepRequestProcessor@300] - Client credentials: ['ip,'172.18.0.2
, 'digest,'pat:KDzjoQ5VTKQfcjheJHwntPTKiXc=
]
2026-08-18 07:03:43,563 [myid:1] - DEBUG [ProcessThread(sid:0 cport:2181)::SessionTrackerImpl@296] - Checking session 0x10013915d9b0000
2026-08-18 07:03:43,563 [myid:1] - DEBUG [ProcessThread(sid:0 cport:2181)::PrepRequestProcessor@963] - Processing ACL: 31,s{'auth,}

2026-08-18 07:03:43,564 [myid:1] - DEBUG [ProcessThread(sid:0 cport:2181)::PrepRequestProcessor@298] - Permission requested: 4 
2026-08-18 07:03:43,564 [myid:1] - DEBUG [ProcessThread(sid:0 cport:2181)::PrepRequestProcessor@299] - ACLs for node: [31,s{'world,'anyone}
]
2026-08-18 07:03:43,564 [myid:1] - DEBUG [ProcessThread(sid:0 cport:2181)::PrepRequestProcessor@300] - Client credentials: ['ip,'172.18.0.2
, 'digest,'pat:KDzjoQ5VTKQfcjheJHwntPTKiXc=
]
2026-08-18 07:03:43,564 [myid:1] - DEBUG [ProcessThread(sid:0 cport:2181)::SessionTrackerImpl@296] - Checking session 0x10013915d9b0000
2026-08-18 07:03:43,564 [myid:1] - DEBUG [ProcessThread(sid:0 cport:2181)::PrepRequestProcessor@963] - Processing ACL: 31,s{'auth,}

2026-08-18 07:03:43,564 [myid:1] - DEBUG [ProcessThread(sid:0 cport:2181)::PrepRequestProcessor@298] - Permission requested: 4 
2026-08-18 07:03:43,564 [myid:1] - DEBUG [ProcessThread(sid:0 cport:2181)::PrepRequestProcessor@299] - ACLs for node: [31,s{'world,'anyone}
]
2026-08-18 07:03:43,564 [myid:1] - DEBUG [ProcessThread(sid:0 cport:2181)::PrepRequestProcessor@300] - Client credentials: ['ip,'172.18.0.2
, 'digest,'pat:KDzjoQ5VTKQfcjheJHwntPTKiXc=
]
2026-08-18 07:03:43,564 [myid:1] - DEBUG [ProcessThread(sid:0 cport:2181)::SessionTrackerImpl@296] - Checking session 0x10013915d9b0000
2026-08-18 07:03:43,564 [myid:1] - DEBUG [ProcessThread(sid:0 cport:2181)::PrepRequestProcessor@963] - Processing ACL: 31,s{'auth,}

2026-08-18 07:03:43,564 [myid:1] - DEBUG [ProcessThread(sid:0 cport:2181)::PrepRequestProcessor@298] - Permission requested: 4 
2026-08-18 07:03:43,564 [myid:1] - DEBUG [ProcessThread(sid:0 cport:2181)::PrepRequestProcessor@299] - ACLs for node: [31,s{'world,'anyone}
]
2026-08-18 07:03:43,564 [myid:1] - DEBUG [ProcessThread(sid:0 cport:2181)::PrepRequestProcessor@300] - Client credentials: ['ip,'172.18.0.2
, 'digest,'pat:KDzjoQ5VTKQfcjheJHwntPTKiXc=
]
2026-08-18 07:03:43,564 [myid:1] - DEBUG [ProcessThread(sid:0 cport:2181)::SessionTrackerImpl@296] - Checking session 0x10013915d9b0000
2026-08-18 07:03:43,564 [myid:1] - DEBUG [ProcessThread(sid:0 cport:2181)::PrepRequestProcessor@963] - Processing ACL: 31,s{'auth,}

2026-08-18 07:03:43,564 [myid:1] - DEBUG [ProcessThread(sid:0 cport:2181)::PrepRequestProcessor@298] - Permission requested: 4 
2026-08-18 07:03:43,564 [myid:1] - DEBUG [ProcessThread(sid:0 cport:2181)::PrepRequestProcessor@299] - ACLs for node: [31,s{'world,'anyone}
]
2026-08-18 07:03:43,564 [myid:1] - DEBUG [ProcessThread(sid:0 cport:2181)::PrepRequestProcessor@300] - Client credentials: ['ip,'172.18.0.2
, 'digest,'pat:KDzjoQ5VTKQfcjheJHwntPTKiXc=
]
2026-08-18 07:03:43,564 [myid:1] - DEBUG [ProcessThread(sid:0 cport:2181)::SessionTrackerImpl@296] - Checking session 0x10013915d9b0000
2026-08-18 07:03:43,565 [myid:1] - DEBUG [ProcessThread(sid:0 cport:2181)::PrepRequestProcessor@963] - Processing ACL: 31,s{'auth,}

2026-08-18 07:03:43,565 [myid:1] - DEBUG [ProcessThread(sid:0 cport:2181)::PrepRequestProcessor@298] - Permission requested: 4 
2026-08-18 07:03:43,565 [myid:1] - DEBUG [ProcessThread(sid:0 cport:2181)::PrepRequestProcessor@299] - ACLs for node: [31,s{'world,'anyone}
]
2026-08-18 07:03:43,565 [myid:1] - DEBUG [ProcessThread(sid:0 cport:2181)::PrepRequestProcessor@300] - Client credentials: ['ip,'172.18.0.2
, 'digest,'pat:KDzjoQ5VTKQfcjheJHwntPTKiXc=
]
2026-08-18 07:03:43,565 [myid:1] - DEBUG [ProcessThread(sid:0 cport:2181)::SessionTrackerImpl@296] - Checking session 0x10013915d9b0000
2026-08-18 07:03:43,565 [myid:1] - DEBUG [ProcessThread(sid:0 cport:2181)::PrepRequestProcessor@963] - Processing ACL: 31,s{'auth,}

2026-08-18 07:03:43,565 [myid:1] - DEBUG [ProcessThread(sid:0 cport:2181)::PrepRequestProcessor@298] - Permission requested: 4 
2026-08-18 07:03:43,565 [myid:1] - DEBUG [ProcessThread(sid:0 cport:2181)::PrepRequestProcessor@299] - ACLs for node: [31,s{'world,'anyone}
]
2026-08-18 07:03:43,565 [myid:1] - DEBUG [ProcessThread(sid:0 cport:2181)::PrepRequestProcessor@300] - Client credentials: ['ip,'172.18.0.2
, 'digest,'pat:KDzjoQ5VTKQfcjheJHwntPTKiXc=
]
2026-08-18 07:03:43,565 [myid:1] - DEBUG [ProcessThread(sid:0 cport:2181)::SessionTrackerImpl@296] - Checking session 0x10013915d9b0000
2026-08-18 07:03:43,565 [myid:1] - DEBUG [ProcessThread(sid:0 cport:2181)::PrepRequestProcessor@963] - Processing ACL: 31,s{'auth,}

2026-08-18 07:03:43,565 [myid:1] - DEBUG [ProcessThread(sid:0 cport:2181)::PrepRequestProcessor@298] - Permission requested: 4 
2026-08-18 07:03:43,565 [myid:1] - DEBUG [ProcessThread(sid:0 cport:2181)::PrepRequestProcessor@299] - ACLs for node: [31,s{'world,'anyone}
]
2026-08-18 07:03:43,565 [myid:1] - DEBUG [ProcessThread(sid:0 cport:2181)::PrepRequestProcessor@300] - Client credentials: ['ip,'172.18.0.2
, 'digest,'pat:KDzjoQ5VTKQfcjheJHwntPTKiXc=
]
2026-08-18 07:03:43,565 [myid:1] - DEBUG [ProcessThread(sid:0 cport:2181)::SessionTrackerImpl@296] - Checking session 0x10013915d9b0000
2026-08-18 07:03:43,565 [myid:1] - DEBUG [ProcessThread(sid:0 cport:2181)::PrepRequestProcessor@963] - Processing ACL: 31,s{'auth,}

2026-08-18 07:03:43,565 [myid:1] - DEBUG [ProcessThread(sid:0 cport:2181)::PrepRequestProcessor@298] - Permission requested: 4 
2026-08-18 07:03:43,565 [myid:1] - DEBUG [ProcessThread(sid:0 cport:2181)::PrepRequestProcessor@299] - ACLs for node: [31,s{'world,'anyone}
]
2026-08-18 07:03:43,565 [myid:1] - DEBUG [ProcessThread(sid:0 cport:2181)::PrepRequestProcessor@300] - Client credentials: ['ip,'172.18.0.2
, 'digest,'pat:KDzjoQ5VTKQfcjheJHwntPTKiXc=
]
2026-08-18 07:03:43,565 [myid:1] - DEBUG [ProcessThread(sid:0 cport:2181)::SessionTrackerImpl@296] - Checking session 0x10013915d9b0000
2026-08-18 07:03:43,566 [myid:1] - DEBUG [ProcessThread(sid:0 cport:2181)::PrepRequestProcessor@963] - Processing ACL: 31,s{'auth,}

2026-08-18 07:03:43,566 [myid:1] - DEBUG [ProcessThread(sid:0 cport:2181)::PrepRequestProcessor@298] - Permission requested: 4 
2026-08-18 07:03:43,566 [myid:1] - DEBUG [ProcessThread(sid:0 cport:2181)::PrepRequestProcessor@299] - ACLs for node: [31,s{'world,'anyone}
]
2026-08-18 07:03:43,566 [myid:1] - DEBUG [ProcessThread(sid:0 cport:2181)::PrepRequestProcessor@300] - Client credentials: ['ip,'172.18.0.2
, 'digest,'pat:KDzjoQ5VTKQfcjheJHwntPTKiXc=
]
2026-08-18 07:03:43,566 [myid:1] - DEBUG [ProcessThread(sid:0 cport:2181)::SessionTrackerImpl@296] - Checking session 0x10013915d9b0000
2026-08-18 07:03:43,566 [myid:1] - DEBUG [ProcessThread(sid:0 cport:2181)::PrepRequestProcessor@963] - Processing ACL: 31,s{'auth,}

2026-08-18 07:03:43,566 [myid:1] - DEBUG [ProcessThread(sid:0 cport:2181)::PrepRequestProcessor@298] - Permission requested: 4 
2026-08-18 07:03:43,566 [myid:1] - DEBUG [ProcessThread(sid:0 cport:2181)::PrepRequestProcessor@299] - ACLs for node: [31,s{'world,'anyone}
]
2026-08-18 07:03:43,566 [myid:1] - DEBUG [ProcessThread(sid:0 cport:2181)::PrepRequestProcessor@300] - Client credentials: ['ip,'172.18.0.2
, 'digest,'pat:KDzjoQ5VTKQfcjheJHwntPTKiXc=
]
2026-08-18 07:03:43,566 [myid:1] - DEBUG [ProcessThread(sid:0 cport:2181)::SessionTrackerImpl@296] - Checking session 0x10013915d9b0000
2026-08-18 07:03:43,566 [myid:1] - DEBUG [ProcessThread(sid:0 cport:2181)::PrepRequestProcessor@963] - Processing ACL: 31,s{'auth,}

2026-08-18 07:03:43,566 [myid:1] - DEBUG [ProcessThread(sid:0 cport:2181)::PrepRequestProcessor@298] - Permission requested: 4 
2026-08-18 07:03:43,566 [myid:1] - DEBUG [ProcessThread(sid:0 cport:2181)::PrepRequestProcessor@299] - ACLs for node: [31,s{'world,'anyone}
]
2026-08-18 07:03:43,566 [myid:1] - DEBUG [ProcessThread(sid:0 cport:2181)::PrepRequestProcessor@300] - Client credentials: ['ip,'172.18.0.2
, 'digest,'pat:KDzjoQ5VTKQfcjheJHwntPTKiXc=
]
2026-08-18 07:03:43,566 [myid:1] - DEBUG [ProcessThread(sid:0 cport:2181)::SessionTrackerImpl@296] - Checking session 0x10013915d9b0000
2026-08-18 07:03:43,566 [myid:1] - DEBUG [ProcessThread(sid:0 cport:2181)::PrepRequestProcessor@963] - Processing ACL: 31,s{'auth,}

2026-08-18 07:03:43,566 [myid:1] - DEBUG [ProcessThread(sid:0 cport:2181)::PrepRequestProcessor@298] - Permission requested: 4 
2026-08-18 07:03:43,566 [myid:1] - DEBUG [ProcessThread(sid:0 cport:2181)::PrepRequestProcessor@299] - ACLs for node: [31,s{'world,'anyone}
]
2026-08-18 07:03:43,566 [myid:1] - DEBUG [ProcessThread(sid:0 cport:2181)::PrepRequestProcessor@300] - Client credentials: ['ip,'172.18.0.2
, 'digest,'pat:KDzjoQ5VTKQfcjheJHwntPTKiXc=
]
2026-08-18 07:03:43,566 [myid:1] - DEBUG [ProcessThread(sid:0 cport:2181)::SessionTrackerImpl@296] - Checking session 0x10013915d9b0000
2026-08-18 07:03:43,566 [myid:1] - DEBUG [ProcessThread(sid:0 cport:2181)::PrepRequestProcessor@963] - Processing ACL: 31,s{'auth,}

2026-08-18 07:03:43,567 [myid:1] - DEBUG [ProcessThread(sid:0 cport:2181)::PrepRequestProcessor@298] - Permission requested: 4 
2026-08-18 07:03:43,567 [myid:1] - DEBUG [ProcessThread(sid:0 cport:2181)::PrepRequestProcessor@299] - ACLs for node: [31,s{'world,'anyone}
]
2026-08-18 07:03:43,567 [myid:1] - DEBUG [ProcessThread(sid:0 cport:2181)::PrepRequestProcessor@300] - Client credentials: ['ip,'172.18.0.2
, 'digest,'pat:KDzjoQ5VTKQfcjheJHwntPTKiXc=
]
2026-08-18 07:03:43,567 [myid:1] - DEBUG [ProcessThread(sid:0 cport:2181)::SessionTrackerImpl@296] - Checking session 0x10013915d9b0000
2026-08-18 07:03:43,567 [myid:1] - DEBUG [ProcessThread(sid:0 cport:2181)::PrepRequestProcessor@963] - Processing ACL: 31,s{'auth,}

2026-08-18 07:03:43,567 [myid:1] - DEBUG [ProcessThread(sid:0 cport:2181)::PrepRequestProcessor@298] - Permission requested: 4 
2026-08-18 07:03:43,567 [myid:1] - DEBUG [ProcessThread(sid:0 cport:2181)::PrepRequestProcessor@299] - ACLs for node: [31,s{'world,'anyone}
]
2026-08-18 07:03:43,567 [myid:1] - DEBUG [ProcessThread(sid:0 cport:2181)::PrepRequestProcessor@300] - Client credentials: ['ip,'172.18.0.2
, 'digest,'pat:KDzjoQ5VTKQfcjheJHwntPTKiXc=
]
2026-08-18 07:03:43,567 [myid:1] - DEBUG [ProcessThread(sid:0 cport:2181)::SessionTrackerImpl@296] - Checking session 0x10013915d9b0000
2026-08-18 07:03:43,567 [myid:1] - DEBUG [ProcessThread(sid:0 cport:2181)::PrepRequestProcessor@963] - Processing ACL: 31,s{'auth,}

2026-08-18 07:03:43,567 [myid:1] - DEBUG [ProcessThread(sid:0 cport:2181)::PrepRequestProcessor@298] - Permission requested: 4 
2026-08-18 07:03:43,567 [myid:1] - DEBUG [ProcessThread(sid:0 cport:2181)::PrepRequestProcessor@299] - ACLs for node: [31,s{'world,'anyone}
]
2026-08-18 07:03:43,567 [myid:1] - DEBUG [ProcessThread(sid:0 cport:2181)::PrepRequestProcessor@300] - Client credentials: ['ip,'172.18.0.2
, 'digest,'pat:KDzjoQ5VTKQfcjheJHwntPTKiXc=
]
2026-08-18 07:03:43,567 [myid:1] - DEBUG [ProcessThread(sid:0 cport:2181)::SessionTrackerImpl@296] - Checking session 0x10013915d9b0000
2026-08-18 07:03:43,567 [myid:1] - DEBUG [ProcessThread(sid:0 cport:2181)::PrepRequestProcessor@963] - Processing ACL: 31,s{'auth,}

2026-08-18 07:03:43,567 [myid:1] - DEBUG [ProcessThread(sid:0 cport:2181)::PrepRequestProcessor@298] - Permission requested: 4 
2026-08-18 07:03:43,567 [myid:1] - DEBUG [ProcessThread(sid:0 cport:2181)::PrepRequestProcessor@299] - ACLs for node: [31,s{'world,'anyone}
]
2026-08-18 07:03:43,567 [myid:1] - DEBUG [ProcessThread(sid:0 cport:2181)::PrepRequestProcessor@300] - Client credentials: ['ip,'172.18.0.2
, 'digest,'pat:KDzjoQ5VTKQfcjheJHwntPTKiXc=
]
2026-08-18 07:03:43,567 [myid:1] - DEBUG [ProcessThread(sid:0 cport:2181)::SessionTrackerImpl@296] - Checking session 0x10013915d9b0000
2026-08-18 07:03:43,567 [myid:1] - DEBUG [ProcessThread(sid:0 cport:2181)::PrepRequestProcessor@963] - Processing ACL: 31,s{'auth,}

2026-08-18 07:03:43,567 [myid:1] - DEBUG [ProcessThread(sid:0 cport:2181)::PrepRequestProcessor@298] - Permission requested: 4 
2026-08-18 07:03:43,568 [myid:1] - DEBUG [ProcessThread(sid:0 cport:2181)::PrepRequestProcessor@299] - ACLs for node: [31,s{'world,'anyone}
]
2026-08-18 07:03:43,568 [myid:1] - DEBUG [ProcessThread(sid:0 cport:2181)::PrepRequestProcessor@300] - Client credentials: ['ip,'172.18.0.2
, 'digest,'pat:KDzjoQ5VTKQfcjheJHwntPTKiXc=
]
2026-08-18 07:03:43,568 [myid:1] - DEBUG [ProcessThread(sid:0 cport:2181)::SessionTrackerImpl@296] - Checking session 0x10013915d9b0000
2026-08-18 07:03:43,568 [myid:1] - DEBUG [ProcessThread(sid:0 cport:2181)::PrepRequestProcessor@963] - Processing ACL: 31,s{'auth,}

2026-08-18 07:03:43,568 [myid:1] - DEBUG [ProcessThread(sid:0 cport:2181)::PrepRequestProcessor@298] - Permission requested: 4 
2026-08-18 07:03:43,568 [myid:1] - DEBUG [ProcessThread(sid:0 cport:2181)::PrepRequestProcessor@299] - ACLs for node: [31,s{'world,'anyone}
]
2026-08-18 07:03:43,568 [myid:1] - DEBUG [ProcessThread(sid:0 cport:2181)::PrepRequestProcessor@300] - Client credentials: ['ip,'172.18.0.2
, 'digest,'pat:KDzjoQ5VTKQfcjheJHwntPTKiXc=
]
2026-08-18 07:03:43,568 [myid:1] - DEBUG [ProcessThread(sid:0 cport:2181)::SessionTrackerImpl@296] - Checking session 0x10013915d9b0000
2026-08-18 07:03:43,568 [myid:1] - DEBUG [ProcessThread(sid:0 cport:2181)::PrepRequestProcessor@963] - Processing ACL: 31,s{'auth,}

2026-08-18 07:03:43,568 [myid:1] - DEBUG [ProcessThread(sid:0 cport:2181)::PrepRequestProcessor@298] - Permission requested: 4 
2026-08-18 07:03:43,568 [myid:1] - DEBUG [ProcessThread(sid:0 cport:2181)::PrepRequestProcessor@299] - ACLs for node: [31,s{'world,'anyone}
]
2026-08-18 07:03:43,568 [myid:1] - DEBUG [ProcessThread(sid:0 cport:2181)::PrepRequestProcessor@300] - Client credentials: ['ip,'172.18.0.2
, 'digest,'pat:KDzjoQ5VTKQfcjheJHwntPTKiXc=
]
2026-08-18 07:03:43,568 [myid:1] - DEBUG [ProcessThread(sid:0 cport:2181)::SessionTrackerImpl@296] - Checking session 0x10013915d9b0000
2026-08-18 07:03:43,568 [myid:1] - DEBUG [ProcessThread(sid:0 cport:2181)::PrepRequestProcessor@963] - Processing ACL: 31,s{'auth,}

2026-08-18 07:03:43,568 [myid:1] - DEBUG [ProcessThread(sid:0 cport:2181)::PrepRequestProcessor@298] - Permission requested: 4 
2026-08-18 07:03:43,568 [myid:1] - DEBUG [ProcessThread(sid:0 cport:2181)::PrepRequestProcessor@299] - ACLs for node: [31,s{'world,'anyone}
]
2026-08-18 07:03:43,568 [myid:1] - DEBUG [ProcessThread(sid:0 cport:2181)::PrepRequestProcessor@300] - Client credentials: ['ip,'172.18.0.2
, 'digest,'pat:KDzjoQ5VTKQfcjheJHwntPTKiXc=
]
2026-08-18 07:03:43,568 [myid:1] - DEBUG [ProcessThread(sid:0 cport:2181)::SessionTrackerImpl@296] - Checking session 0x10013915d9b0000
2026-08-18 07:03:43,568 [myid:1] - DEBUG [ProcessThread(sid:0 cport:2181)::PrepRequestProcessor@963] - Processing ACL: 31,s{'auth,}

2026-08-18 07:03:43,568 [myid:1] - DEBUG [ProcessThread(sid:0 cport:2181)::PrepRequestProcessor@298] - Permission requested: 4 
2026-08-18 07:03:43,569 [myid:1] - DEBUG [ProcessThread(sid:0 cport:2181)::PrepRequestProcessor@299] - ACLs for node: [31,s{'world,'anyone}
]
2026-08-18 07:03:43,569 [myid:1] - DEBUG [ProcessThread(sid:0 cport:2181)::PrepRequestProcessor@300] - Client credentials: ['ip,'172.18.0.2
, 'digest,'pat:KDzjoQ5VTKQfcjheJHwntPTKiXc=
]
2026-08-18 07:03:43,569 [myid:1] - DEBUG [ProcessThread(sid:0 cport:2181)::SessionTrackerImpl@296] - Checking session 0x10013915d9b0000
2026-08-18 07:03:43,569 [myid:1] - DEBUG [ProcessThread(sid:0 cport:2181)::PrepRequestProcessor@963] - Processing ACL: 31,s{'auth,}

2026-08-18 07:03:43,569 [myid:1] - DEBUG [ProcessThread(sid:0 cport:2181)::PrepRequestProcessor@298] - Permission requested: 4 
2026-08-18 07:03:43,569 [myid:1] - DEBUG [ProcessThread(sid:0 cport:2181)::PrepRequestProcessor@299] - ACLs for node: [31,s{'world,'anyone}
]
2026-08-18 07:03:43,569 [myid:1] - DEBUG [ProcessThread(sid:0 cport:2181)::PrepRequestProcessor@300] - Client credentials: ['ip,'172.18.0.2
, 'digest,'pat:KDzjoQ5VTKQfcjheJHwntPTKiXc=
]
2026-08-18 07:03:43,569 [myid:1] - DEBUG [ProcessThread(sid:0 cport:2181)::SessionTrackerImpl@296] - Checking session 0x10013915d9b0000
2026-08-18 07:03:43,569 [myid:1] - DEBUG [ProcessThread(sid:0 cport:2181)::PrepRequestProcessor@963] - Processing ACL: 31,s{'auth,}

2026-08-18 07:03:43,569 [myid:1] - DEBUG [ProcessThread(sid:0 cport:2181)::PrepRequestProcessor@298] - Permission requested: 4 
2026-08-18 07:03:43,569 [myid:1] - DEBUG [ProcessThread(sid:0 cport:2181)::PrepRequestProcessor@299] - ACLs for node: [31,s{'world,'anyone}
]
2026-08-18 07:03:43,569 [myid:1] - DEBUG [ProcessThread(sid:0 cport:2181)::PrepRequestProcessor@300] - Client credentials: ['ip,'172.18.0.2
, 'digest,'pat:KDzjoQ5VTKQfcjheJHwntPTKiXc=
]
2026-08-18 07:03:43,569 [myid:1] - DEBUG [ProcessThread(sid:0 cport:2181)::SessionTrackerImpl@296] - Checking session 0x10013915d9b0000
2026-08-18 07:03:43,569 [myid:1] - DEBUG [ProcessThread(sid:0 cport:2181)::PrepRequestProcessor@963] - Processing ACL: 31,s{'auth,}

2026-08-18 07:03:43,569 [myid:1] - DEBUG [ProcessThread(sid:0 cport:2181)::PrepRequestProcessor@298] - Permission requested: 4 
2026-08-18 07:03:43,569 [myid:1] - DEBUG [ProcessThread(sid:0 cport:2181)::PrepRequestProcessor@299] - ACLs for node: [31,s{'world,'anyone}
]
2026-08-18 07:03:43,569 [myid:1] - DEBUG [ProcessThread(sid:0 cport:2181)::PrepRequestProcessor@300] - Client credentials: ['ip,'172.18.0.2
, 'digest,'pat:KDzjoQ5VTKQfcjheJHwntPTKiXc=
]
2026-08-18 07:03:43,569 [myid:1] - DEBUG [ProcessThread(sid:0 cport:2181)::SessionTrackerImpl@296] - Checking session 0x10013915d9b0000
2026-08-18 07:03:43,569 [myid:1] - DEBUG [ProcessThread(sid:0 cport:2181)::PrepRequestProcessor@963] - Processing ACL: 31,s{'auth,}

2026-08-18 07:03:43,569 [myid:1] - DEBUG [ProcessThread(sid:0 cport:2181)::PrepRequestProcessor@298] - Permission requested: 4 
2026-08-18 07:03:43,570 [myid:1] - DEBUG [ProcessThread(sid:0 cport:2181)::PrepRequestProcessor@299] - ACLs for node: [31,s{'world,'anyone}
]
2026-08-18 07:03:43,570 [myid:1] - DEBUG [ProcessThread(sid:0 cport:2181)::PrepRequestProcessor@300] - Client credentials: ['ip,'172.18.0.2
, 'digest,'pat:KDzjoQ5VTKQfcjheJHwntPTKiXc=
]
2026-08-18 07:03:43,570 [myid:1] - DEBUG [ProcessThread(sid:0 cport:2181)::SessionTrackerImpl@296] - Checking session 0x10013915d9b0000
2026-08-18 07:03:43,570 [myid:1] - DEBUG [ProcessThread(sid:0 cport:2181)::PrepRequestProcessor@963] - Processing ACL: 31,s{'auth,}

2026-08-18 07:03:43,570 [myid:1] - DEBUG [ProcessThread(sid:0 cport:2181)::PrepRequestProcessor@298] - Permission requested: 4 
2026-08-18 07:03:43,570 [myid:1] - DEBUG [ProcessThread(sid:0 cport:2181)::PrepRequestProcessor@299] - ACLs for node: [31,s{'world,'anyone}
]
2026-08-18 07:03:43,570 [myid:1] - DEBUG [ProcessThread(sid:0 cport:2181)::PrepRequestProcessor@300] - Client credentials: ['ip,'172.18.0.2
, 'digest,'pat:KDzjoQ5VTKQfcjheJHwntPTKiXc=
]
2026-08-18 07:03:43,570 [myid:1] - DEBUG [ProcessThread(sid:0 cport:2181)::SessionTrackerImpl@296] - Checking session 0x10013915d9b0000
2026-08-18 07:03:43,570 [myid:1] - DEBUG [ProcessThread(sid:0 cport:2181)::PrepRequestProcessor@963] - Processing ACL: 31,s{'auth,}

2026-08-18 07:03:43,570 [myid:1] - DEBUG [ProcessThread(sid:0 cport:2181)::PrepRequestProcessor@298] - Permission requested: 4 
2026-08-18 07:03:43,570 [myid:1] - DEBUG [ProcessThread(sid:0 cport:2181)::PrepRequestProcessor@299] - ACLs for node: [31,s{'world,'anyone}
]
2026-08-18 07:03:43,570 [myid:1] - DEBUG [ProcessThread(sid:0 cport:2181)::PrepRequestProcessor@300] - Client credentials: ['ip,'172.18.0.2
, 'digest,'pat:KDzjoQ5VTKQfcjheJHwntPTKiXc=
]
2026-08-18 07:03:43,570 [myid:1] - DEBUG [ProcessThread(sid:0 cport:2181)::SessionTrackerImpl@296] - Checking session 0x10013915d9b0000
2026-08-18 07:03:43,570 [myid:1] - DEBUG [ProcessThread(sid:0 cport:2181)::PrepRequestProcessor@963] - Processing ACL: 31,s{'auth,}

2026-08-18 07:03:43,570 [myid:1] - DEBUG [ProcessThread(sid:0 cport:2181)::PrepRequestProcessor@298] - Permission requested: 4 
2026-08-18 07:03:43,570 [myid:1] - DEBUG [ProcessThread(sid:0 cport:2181)::PrepRequestProcessor@299] - ACLs for node: [31,s{'world,'anyone}
]
2026-08-18 07:03:43,570 [myid:1] - DEBUG [ProcessThread(sid:0 cport:2181)::PrepRequestProcessor@300] - Client credentials: ['ip,'172.18.0.2
, 'digest,'pat:KDzjoQ5VTKQfcjheJHwntPTKiXc=
]
2026-08-18 07:03:43,570 [myid:1] - DEBUG [ProcessThread(sid:0 cport:2181)::SessionTrackerImpl@296] - Checking session 0x10013915d9b0000
2026-08-18 07:03:43,570 [myid:1] - DEBUG [ProcessThread(sid:0 cport:2181)::PrepRequestProcessor@963] - Processing ACL: 31,s{'auth,}

2026-08-18 07:03:43,570 [myid:1] - DEBUG [ProcessThread(sid:0 cport:2181)::PrepRequestProcessor@298] - Permission requested: 4 
2026-08-18 07:03:43,570 [myid:1] - DEBUG [ProcessThread(sid:0 cport:2181)::PrepRequestProcessor@299] - ACLs for node: [31,s{'world,'anyone}
]
2026-08-18 07:03:43,570 [myid:1] - DEBUG [ProcessThread(sid:0 cport:2181)::PrepRequestProcessor@300] - Client credentials: ['ip,'172.18.0.2
, 'digest,'pat:KDzjoQ5VTKQfcjheJHwntPTKiXc=
]
2026-08-18 07:03:43,570 [myid:1] - DEBUG [ProcessThread(sid:0 cport:2181)::SessionTrackerImpl@296] - Checking session 0x10013915d9b0000
2026-08-18 07:03:43,571 [myid:1] - DEBUG [ProcessThread(sid:0 cport:2181)::PrepRequestProcessor@963] - Processing ACL: 31,s{'auth,}

2026-08-18 07:03:43,571 [myid:1] - DEBUG [ProcessThread(sid:0 cport:2181)::PrepRequestProcessor@298] - Permission requested: 4 
2026-08-18 07:03:43,571 [myid:1] - DEBUG [ProcessThread(sid:0 cport:2181)::PrepRequestProcessor@299] - ACLs for node: [31,s{'world,'anyone}
]
2026-08-18 07:03:43,571 [myid:1] - DEBUG [ProcessThread(sid:0 cport:2181)::PrepRequestProcessor@300] - Client credentials: ['ip,'172.18.0.2
, 'digest,'pat:KDzjoQ5VTKQfcjheJHwntPTKiXc=
]
2026-08-18 07:03:43,571 [myid:1] - DEBUG [ProcessThread(sid:0 cport:2181)::SessionTrackerImpl@296] - Checking session 0x10013915d9b0000
2026-08-18 07:03:43,571 [myid:1] - DEBUG [ProcessThread(sid:0 cport:2181)::PrepRequestProcessor@963] - Processing ACL: 31,s{'auth,}

2026-08-18 07:03:43,571 [myid:1] - DEBUG [ProcessThread(sid:0 cport:2181)::PrepRequestProcessor@298] - Permission requested: 4 
2026-08-18 07:03:43,571 [myid:1] - DEBUG [ProcessThread(sid:0 cport:2181)::PrepRequestProcessor@299] - ACLs for node: [31,s{'world,'anyone}
]
2026-08-18 07:03:43,571 [myid:1] - DEBUG [ProcessThread(sid:0 cport:2181)::PrepRequestProcessor@300] - Client credentials: ['ip,'172.18.0.2
, 'digest,'pat:KDzjoQ5VTKQfcjheJHwntPTKiXc=
]
2026-08-18 07:03:43,571 [myid:1] - DEBUG [ProcessThread(sid:0 cport:2181)::SessionTrackerImpl@296] - Checking session 0x10013915d9b0000
2026-08-18 07:03:43,571 [myid:1] - DEBUG [ProcessThread(sid:0 cport:2181)::PrepRequestProcessor@963] - Processing ACL: 31,s{'auth,}

2026-08-18 07:03:43,571 [myid:1] - DEBUG [ProcessThread(sid:0 cport:2181)::PrepRequestProcessor@298] - Permission requested: 4 
2026-08-18 07:03:43,571 [myid:1] - DEBUG [ProcessThread(sid:0 cport:2181)::PrepRequestProcessor@299] - ACLs for node: [31,s{'world,'anyone}
]
2026-08-18 07:03:43,571 [myid:1] - DEBUG [ProcessThread(sid:0 cport:2181)::PrepRequestProcessor@300] - Client credentials: ['ip,'172.18.0.2
, 'digest,'pat:KDzjoQ5VTKQfcjheJHwntPTKiXc=
]
2026-08-18 07:03:43,571 [myid:1] - DEBUG [ProcessThread(sid:0 cport:2181)::SessionTrackerImpl@296] - Checking session 0x10013915d9b0000
2026-08-18 07:03:43,571 [myid:1] - DEBUG [ProcessThread(sid:0 cport:2181)::PrepRequestProcessor@963] - Processing ACL: 31,s{'auth,}

2026-08-18 07:03:43,571 [myid:1] - DEBUG [ProcessThread(sid:0 cport:2181)::PrepRequestProcessor@298] - Permission requested: 4 
2026-08-18 07:03:43,571 [myid:1] - DEBUG [ProcessThread(sid:0 cport:2181)::PrepRequestProcessor@299] - ACLs for node: [31,s{'world,'anyone}
]
2026-08-18 07:03:43,571 [myid:1] - DEBUG [ProcessThread(sid:0 cport:2181)::PrepRequestProcessor@300] - Client credentials: ['ip,'172.18.0.2
, 'digest,'pat:KDzjoQ5VTKQfcjheJHwntPTKiXc=
]
2026-08-18 07:03:43,571 [myid:1] - DEBUG [ProcessThread(sid:0 cport:2181)::SessionTrackerImpl@296] - Checking session 0x10013915d9b0000
2026-08-18 07:03:43,572 [myid:1] - DEBUG [ProcessThread(sid:0 cport:2181)::PrepRequestProcessor@963] - Processing ACL: 31,s{'auth,}

2026-08-18 07:03:43,572 [myid:1] - DEBUG [ProcessThread(sid:0 cport:2181)::PrepRequestProcessor@298] - Permission requested: 4 
2026-08-18 07:03:43,572 [myid:1] - DEBUG [ProcessThread(sid:0 cport:2181)::PrepRequestProcessor@299] - ACLs for node: [31,s{'world,'anyone}
]
2026-08-18 07:03:43,572 [myid:1] - DEBUG [ProcessThread(sid:0 cport:2181)::PrepRequestProcessor@300] - Client credentials: ['ip,'172.18.0.2
, 'digest,'pat:KDzjoQ5VTKQfcjheJHwntPTKiXc=
]
2026-08-18 07:03:43,572 [myid:1] - DEBUG [ProcessThread(sid:0 cport:2181)::SessionTrackerImpl@296] - Checking session 0x10013915d9b0000
2026-08-18 07:03:43,572 [myid:1] - DEBUG [ProcessThread(sid:0 cport:2181)::PrepRequestProcessor@963] - Processing ACL: 31,s{'auth,}

2026-08-18 07:03:43,572 [myid:1] - DEBUG [ProcessThread(sid:0 cport:2181)::PrepRequestProcessor@298] - Permission requested: 4 
2026-08-18 07:03:43,572 [myid:1] - DEBUG [ProcessThread(sid:0 cport:2181)::PrepRequestProcessor@299] - ACLs for node: [31,s{'world,'anyone}
]
2026-08-18 07:03:43,572 [myid:1] - DEBUG [ProcessThread(sid:0 cport:2181)::PrepRequestProcessor@300] - Client credentials: ['ip,'172.18.0.2
, 'digest,'pat:KDzjoQ5VTKQfcjheJHwntPTKiXc=
]
2026-08-18 07:03:43,572 [myid:1] - DEBUG [ProcessThread(sid:0 cport:2181)::SessionTrackerImpl@296] - Checking session 0x10013915d9b0000
2026-08-18 07:03:43,572 [myid:1] - DEBUG [ProcessThread(sid:0 cport:2181)::PrepRequestProcessor@963] - Processing ACL: 31,s{'auth,}

2026-08-18 07:03:43,572 [myid:1] - DEBUG [ProcessThread(sid:0 cport:2181)::PrepRequestProcessor@298] - Permission requested: 4 
2026-08-18 07:03:43,572 [myid:1] - DEBUG [ProcessThread(sid:0 cport:2181)::PrepRequestProcessor@299] - ACLs for node: [31,s{'world,'anyone}
]
2026-08-18 07:03:43,572 [myid:1] - DEBUG [ProcessThread(sid:0 cport:2181)::PrepRequestProcessor@300] - Client credentials: ['ip,'172.18.0.2
, 'digest,'pat:KDzjoQ5VTKQfcjheJHwntPTKiXc=
]
2026-08-18 07:03:43,572 [myid:1] - DEBUG [ProcessThread(sid:0 cport:2181)::SessionTrackerImpl@296] - Checking session 0x10013915d9b0000
2026-08-18 07:03:43,572 [myid:1] - DEBUG [ProcessThread(sid:0 cport:2181)::PrepRequestProcessor@963] - Processing ACL: 31,s{'auth,}

2026-08-18 07:03:43,572 [myid:1] - DEBUG [ProcessThread(sid:0 cport:2181)::PrepRequestProcessor@298] - Permission requested: 4 
2026-08-18 07:03:43,572 [myid:1] - DEBUG [ProcessThread(sid:0 cport:2181)::PrepRequestProcessor@299] - ACLs for node: [31,s{'world,'anyone}
]
2026-08-18 07:03:43,572 [myid:1] - DEBUG [ProcessThread(sid:0 cport:2181)::PrepRequestProcessor@300] - Client credentials: ['ip,'172.18.0.2
, 'digest,'pat:KDzjoQ5VTKQfcjheJHwntPTKiXc=
]
2026-08-18 07:03:43,572 [myid:1] - DEBUG [ProcessThread(sid:0 cport:2181)::SessionTrackerImpl@296] - Checking session 0x10013915d9b0000
2026-08-18 07:03:43,572 [myid:1] - DEBUG [ProcessThread(sid:0 cport:2181)::PrepRequestProcessor@963] - Processing ACL: 31,s{'auth,}

2026-08-18 07:03:43,573 [myid:1] - DEBUG [ProcessThread(sid:0 cport:2181)::PrepRequestProcessor@298] - Permission requested: 4 
2026-08-18 07:03:43,573 [myid:1] - DEBUG [ProcessThread(sid:0 cport:2181)::PrepRequestProcessor@299] - ACLs for node: [31,s{'world,'anyone}
]
2026-08-18 07:03:43,573 [myid:1] - DEBUG [ProcessThread(sid:0 cport:2181)::PrepRequestProcessor@300] - Client credentials: ['ip,'172.18.0.2
, 'digest,'pat:KDzjoQ5VTKQfcjheJHwntPTKiXc=
]
2026-08-18 07:03:43,573 [myid:1] - DEBUG [ProcessThread(sid:0 cport:2181)::SessionTrackerImpl@296] - Checking session 0x10013915d9b0000
2026-08-18 07:03:43,573 [myid:1] - DEBUG [ProcessThread(sid:0 cport:2181)::PrepRequestProcessor@963] - Processing ACL: 31,s{'auth,}

2026-08-18 07:03:43,573 [myid:1] - DEBUG [ProcessThread(sid:0 cport:2181)::PrepRequestProcessor@298] - Permission requested: 4 
2026-08-18 07:03:43,573 [myid:1] - DEBUG [ProcessThread(sid:0 cport:2181)::PrepRequestProcessor@299] - ACLs for node: [31,s{'world,'anyone}
]
2026-08-18 07:03:43,573 [myid:1] - DEBUG [ProcessThread(sid:0 cport:2181)::PrepRequestProcessor@300] - Client credentials: ['ip,'172.18.0.2
, 'digest,'pat:KDzjoQ5VTKQfcjheJHwntPTKiXc=
]
2026-08-18 07:03:43,573 [myid:1] - DEBUG [ProcessThread(sid:0 cport:2181)::SessionTrackerImpl@296] - Checking session 0x10013915d9b0000
2026-08-18 07:03:43,573 [myid:1] - DEBUG [ProcessThread(sid:0 cport:2181)::PrepRequestProcessor@963] - Processing ACL: 31,s{'auth,}

2026-08-18 07:03:43,573 [myid:1] - DEBUG [ProcessThread(sid:0 cport:2181)::PrepRequestProcessor@298] - Permission requested: 4 
2026-08-18 07:03:43,573 [myid:1] - DEBUG [ProcessThread(sid:0 cport:2181)::PrepRequestProcessor@299] - ACLs for node: [31,s{'world,'anyone}
]
2026-08-18 07:03:43,573 [myid:1] - DEBUG [ProcessThread(sid:0 cport:2181)::PrepRequestProcessor@300] - Client credentials: ['ip,'172.18.0.2
, 'digest,'pat:KDzjoQ5VTKQfcjheJHwntPTKiXc=
]
2026-08-18 07:03:43,573 [myid:1] - DEBUG [ProcessThread(sid:0 cport:2181)::SessionTrackerImpl@296] - Checking session 0x10013915d9b0000
2026-08-18 07:03:43,573 [myid:1] - DEBUG [ProcessThread(sid:0 cport:2181)::PrepRequestProcessor@963] - Processing ACL: 31,s{'auth,}

2026-08-18 07:03:43,573 [myid:1] - DEBUG [ProcessThread(sid:0 cport:2181)::PrepRequestProcessor@298] - Permission requested: 4 
2026-08-18 07:03:43,573 [myid:1] - DEBUG [ProcessThread(sid:0 cport:2181)::PrepRequestProcessor@299] - ACLs for node: [31,s{'world,'anyone}
]
2026-08-18 07:03:43,573 [myid:1] - DEBUG [ProcessThread(sid:0 cport:2181)::PrepRequestProcessor@300] - Client credentials: ['ip,'172.18.0.2
, 'digest,'pat:KDzjoQ5VTKQfcjheJHwntPTKiXc=
]
2026-08-18 07:03:43,573 [myid:1] - DEBUG [ProcessThread(sid:0 cport:2181)::SessionTrackerImpl@296] - Checking session 0x10013915d9b0000
2026-08-18 07:03:43,573 [myid:1] - DEBUG [ProcessThread(sid:0 cport:2181)::PrepRequestProcessor@963] - Processing ACL: 31,s{'auth,}

2026-08-18 07:03:43,573 [myid:1] - DEBUG [ProcessThread(sid:0 cport:2181)::PrepRequestProcessor@298] - Permission requested: 4 
2026-08-18 07:03:43,574 [myid:1] - DEBUG [ProcessThread(sid:0 cport:2181)::PrepRequestProcessor@299] - ACLs for node: [31,s{'world,'anyone}
]
2026-08-18 07:03:43,574 [myid:1] - DEBUG [ProcessThread(sid:0 cport:2181)::PrepRequestProcessor@300] - Client credentials: ['ip,'172.18.0.2
, 'digest,'pat:KDzjoQ5VTKQfcjheJHwntPTKiXc=
]
2026-08-18 07:03:43,574 [myid:1] - DEBUG [ProcessThread(sid:0 cport:2181)::SessionTrackerImpl@296] - Checking session 0x10013915d9b0000
2026-08-18 07:03:43,574 [myid:1] - DEBUG [ProcessThread(sid:0 cport:2181)::PrepRequestProcessor@963] - Processing ACL: 31,s{'auth,}

2026-08-18 07:03:43,574 [myid:1] - DEBUG [ProcessThread(sid:0 cport:2181)::PrepRequestProcessor@298] - Permission requested: 4 
2026-08-18 07:03:43,574 [myid:1] - DEBUG [ProcessThread(sid:0 cport:2181)::PrepRequestProcessor@299] - ACLs for node: [31,s{'world,'anyone}
]
2026-08-18 07:03:43,574 [myid:1] - DEBUG [ProcessThread(sid:0 cport:2181)::PrepRequestProcessor@300] - Client credentials: ['ip,'172.18.0.2
, 'digest,'pat:KDzjoQ5VTKQfcjheJHwntPTKiXc=
]
2026-08-18 07:03:43,574 [myid:1] - DEBUG [ProcessThread(sid:0 cport:2181)::SessionTrackerImpl@296] - Checking session 0x10013915d9b0000
2026-08-18 07:03:43,574 [myid:1] - DEBUG [ProcessThread(sid:0 cport:2181)::PrepRequestProcessor@963] - Processing ACL: 31,s{'auth,}

2026-08-18 07:03:43,574 [myid:1] - DEBUG [ProcessThread(sid:0 cport:2181)::PrepRequestProcessor@298] - Permission requested: 4 
2026-08-18 07:03:43,574 [myid:1] - DEBUG [ProcessThread(sid:0 cport:2181)::PrepRequestProcessor@299] - ACLs for node: [31,s{'world,'anyone}
]
2026-08-18 07:03:43,574 [myid:1] - DEBUG [ProcessThread(sid:0 cport:2181)::PrepRequestProcessor@300] - Client credentials: ['ip,'172.18.0.2
, 'digest,'pat:KDzjoQ5VTKQfcjheJHwntPTKiXc=
]
2026-08-18 07:03:43,574 [myid:1] - DEBUG [ProcessThread(sid:0 cport:2181)::SessionTrackerImpl@296] - Checking session 0x10013915d9b0000
2026-08-18 07:03:43,574 [myid:1] - DEBUG [ProcessThread(sid:0 cport:2181)::PrepRequestProcessor@963] - Processing ACL: 31,s{'auth,}

2026-08-18 07:03:43,574 [myid:1] - DEBUG [ProcessThread(sid:0 cport:2181)::PrepRequestProcessor@298] - Permission requested: 4 
2026-08-18 07:03:43,574 [myid:1] - DEBUG [ProcessThread(sid:0 cport:2181)::PrepRequestProcessor@299] - ACLs for node: [31,s{'world,'anyone}
]
2026-08-18 07:03:43,574 [myid:1] - DEBUG [ProcessThread(sid:0 cport:2181)::PrepRequestProcessor@300] - Client credentials: ['ip,'172.18.0.2
, 'digest,'pat:KDzjoQ5VTKQfcjheJHwntPTKiXc=
]
2026-08-18 07:03:43,574 [myid:1] - DEBUG [ProcessThread(sid:0 cport:2181)::SessionTrackerImpl@296] - Checking session 0x10013915d9b0000
2026-08-18 07:03:43,574 [myid:1] - DEBUG [ProcessThread(sid:0 cport:2181)::PrepRequestProcessor@963] - Processing ACL: 31,s{'auth,}

2026-08-18 07:03:43,574 [myid:1] - DEBUG [ProcessThread(sid:0 cport:2181)::PrepRequestProcessor@298] - Permission requested: 4 
2026-08-18 07:03:43,574 [myid:1] - DEBUG [ProcessThread(sid:0 cport:2181)::PrepRequestProcessor@299] - ACLs for node: [31,s{'world,'anyone}
]
2026-08-18 07:03:43,575 [myid:1] - DEBUG [ProcessThread(sid:0 cport:2181)::PrepRequestProcessor@300] - Client credentials: ['ip,'172.18.0.2
, 'digest,'pat:KDzjoQ5VTKQfcjheJHwntPTKiXc=
]
2026-08-18 07:03:43,575 [myid:1] - DEBUG [ProcessThread(sid:0 cport:2181)::SessionTrackerImpl@296] - Checking session 0x10013915d9b0000
2026-08-18 07:03:43,575 [myid:1] - DEBUG [ProcessThread(sid:0 cport:2181)::PrepRequestProcessor@963] - Processing ACL: 31,s{'auth,}

2026-08-18 07:03:43,575 [myid:1] - DEBUG [ProcessThread(sid:0 cport:2181)::PrepRequestProcessor@298] - Permission requested: 4 
2026-08-18 07:03:43,575 [myid:1] - DEBUG [ProcessThread(sid:0 cport:2181)::PrepRequestProcessor@299] - ACLs for node: [31,s{'world,'anyone}
]
2026-08-18 07:03:43,575 [myid:1] - DEBUG [ProcessThread(sid:0 cport:2181)::PrepRequestProcessor@300] - Client credentials: ['ip,'172.18.0.2
, 'digest,'pat:KDzjoQ5VTKQfcjheJHwntPTKiXc=
]
2026-08-18 07:03:43,575 [myid:1] - DEBUG [ProcessThread(sid:0 cport:2181)::SessionTrackerImpl@296] - Checking session 0x10013915d9b0000
2026-08-18 07:03:43,575 [myid:1] - DEBUG [ProcessThread(sid:0 cport:2181)::PrepRequestProcessor@963] - Processing ACL: 31,s{'auth,}

2026-08-18 07:03:43,575 [myid:1] - DEBUG [ProcessThread(sid:0 cport:2181)::PrepRequestProcessor@298] - Permission requested: 4 
2026-08-18 07:03:43,575 [myid:1] - DEBUG [ProcessThread(sid:0 cport:2181)::PrepRequestProcessor@299] - ACLs for node: [31,s{'world,'anyone}
]
2026-08-18 07:03:43,575 [myid:1] - DEBUG [ProcessThread(sid:0 cport:2181)::PrepRequestProcessor@300] - Client credentials: ['ip,'172.18.0.2
, 'digest,'pat:KDzjoQ5VTKQfcjheJHwntPTKiXc=
]
2026-08-18 07:03:43,575 [myid:1] - DEBUG [ProcessThread(sid:0 cport:2181)::SessionTrackerImpl@296] - Checking session 0x10013915d9b0000
2026-08-18 07:03:43,575 [myid:1] - DEBUG [ProcessThread(sid:0 cport:2181)::PrepRequestProcessor@963] - Processing ACL: 31,s{'auth,}

2026-08-18 07:03:43,575 [myid:1] - DEBUG [ProcessThread(sid:0 cport:2181)::PrepRequestProcessor@298] - Permission requested: 4 
2026-08-18 07:03:43,575 [myid:1] - DEBUG [ProcessThread(sid:0 cport:2181)::PrepRequestProcessor@299] - ACLs for node: [31,s{'world,'anyone}
]
2026-08-18 07:03:43,575 [myid:1] - DEBUG [ProcessThread(sid:0 cport:2181)::PrepRequestProcessor@300] - Client credentials: ['ip,'172.18.0.2
, 'digest,'pat:KDzjoQ5VTKQfcjheJHwntPTKiXc=
]
2026-08-18 07:03:43,575 [myid:1] - DEBUG [ProcessThread(sid:0 cport:2181)::SessionTrackerImpl@296] - Checking session 0x10013915d9b0000
2026-08-18 07:03:43,575 [myid:1] - DEBUG [ProcessThread(sid:0 cport:2181)::PrepRequestProcessor@963] - Processing ACL: 31,s{'auth,}

2026-08-18 07:03:43,575 [myid:1] - DEBUG [ProcessThread(sid:0 cport:2181)::PrepRequestProcessor@298] - Permission requested: 4 
2026-08-18 07:03:43,575 [myid:1] - DEBUG [ProcessThread(sid:0 cport:2181)::PrepRequestProcessor@299] - ACLs for node: [31,s{'world,'anyone}
]
2026-08-18 07:03:43,575 [myid:1] - DEBUG [ProcessThread(sid:0 cport:2181)::PrepRequestProcessor@300] - Client credentials: ['ip,'172.18.0.2
, 'digest,'pat:KDzjoQ5VTKQfcjheJHwntPTKiXc=
]
2026-08-18 07:03:43,576 [myid:1] - DEBUG [ProcessThread(sid:0 cport:2181)::SessionTrackerImpl@296] - Checking session 0x10013915d9b0000
2026-08-18 07:03:43,576 [myid:1] - DEBUG [ProcessThread(sid:0 cport:2181)::PrepRequestProcessor@963] - Processing ACL: 31,s{'auth,}

2026-08-18 07:03:43,576 [myid:1] - DEBUG [ProcessThread(sid:0 cport:2181)::PrepRequestProcessor@298] - Permission requested: 4 
2026-08-18 07:03:43,576 [myid:1] - DEBUG [ProcessThread(sid:0 cport:2181)::PrepRequestProcessor@299] - ACLs for node: [31,s{'world,'anyone}
]
2026-08-18 07:03:43,576 [myid:1] - DEBUG [ProcessThread(sid:0 cport:2181)::PrepRequestProcessor@300] - Client credentials: ['ip,'172.18.0.2
, 'digest,'pat:KDzjoQ5VTKQfcjheJHwntPTKiXc=
]
2026-08-18 07:03:43,576 [myid:1] - DEBUG [ProcessThread(sid:0 cport:2181)::SessionTrackerImpl@296] - Checking session 0x10013915d9b0000
2026-08-18 07:03:43,576 [myid:1] - DEBUG [ProcessThread(sid:0 cport:2181)::PrepRequestProcessor@963] - Processing ACL: 31,s{'auth,}

2026-08-18 07:03:43,576 [myid:1] - DEBUG [ProcessThread(sid:0 cport:2181)::PrepRequestProcessor@298] - Permission requested: 4 
2026-08-18 07:03:43,576 [myid:1] - DEBUG [ProcessThread(sid:0 cport:2181)::PrepRequestProcessor@299] - ACLs for node: [31,s{'world,'anyone}
]
2026-08-18 07:03:43,576 [myid:1] - DEBUG [ProcessThread(sid:0 cport:2181)::PrepRequestProcessor@300] - Client credentials: ['ip,'172.18.0.2
, 'digest,'pat:KDzjoQ5VTKQfcjheJHwntPTKiXc=
]
2026-08-18 07:03:43,576 [myid:1] - DEBUG [ProcessThread(sid:0 cport:2181)::SessionTrackerImpl@296] - Checking session 0x10013915d9b0000
2026-08-18 07:03:43,576 [myid:1] - DEBUG [ProcessThread(sid:0 cport:2181)::PrepRequestProcessor@963] - Processing ACL: 31,s{'auth,}

2026-08-18 07:03:43,576 [myid:1] - DEBUG [ProcessThread(sid:0 cport:2181)::PrepRequestProcessor@298] - Permission requested: 4 
2026-08-18 07:03:43,576 [myid:1] - DEBUG [ProcessThread(sid:0 cport:2181)::PrepRequestProcessor@299] - ACLs for node: [31,s{'world,'anyone}
]
2026-08-18 07:03:43,576 [myid:1] - DEBUG [ProcessThread(sid:0 cport:2181)::PrepRequestProcessor@300] - Client credentials: ['ip,'172.18.0.2
, 'digest,'pat:KDzjoQ5VTKQfcjheJHwntPTKiXc=
]
2026-08-18 07:03:43,576 [myid:1] - DEBUG [ProcessThread(sid:0 cport:2181)::SessionTrackerImpl@296] - Checking session 0x10013915d9b0000
2026-08-18 07:03:43,576 [myid:1] - DEBUG [ProcessThread(sid:0 cport:2181)::PrepRequestProcessor@963] - Processing ACL: 31,s{'auth,}

2026-08-18 07:03:43,576 [myid:1] - DEBUG [ProcessThread(sid:0 cport:2181)::PrepRequestProcessor@298] - Permission requested: 4 
2026-08-18 07:03:43,576 [myid:1] - DEBUG [ProcessThread(sid:0 cport:2181)::PrepRequestProcessor@299] - ACLs for node: [31,s{'world,'anyone}
]
2026-08-18 07:03:43,576 [myid:1] - DEBUG [ProcessThread(sid:0 cport:2181)::PrepRequestProcessor@300] - Client credentials: ['ip,'172.18.0.2
, 'digest,'pat:KDzjoQ5VTKQfcjheJHwntPTKiXc=
]
2026-08-18 07:03:43,576 [myid:1] - DEBUG [ProcessThread(sid:0 cport:2181)::SessionTrackerImpl@296] - Checking session 0x10013915d9b0000
2026-08-18 07:03:43,577 [myid:1] - DEBUG [ProcessThread(sid:0 cport:2181)::PrepRequestProcessor@963] - Processing ACL: 31,s{'auth,}

2026-08-18 07:03:43,577 [myid:1] - DEBUG [ProcessThread(sid:0 cport:2181)::PrepRequestProcessor@298] - Permission requested: 4 
2026-08-18 07:03:43,577 [myid:1] - DEBUG [ProcessThread(sid:0 cport:2181)::PrepRequestProcessor@299] - ACLs for node: [31,s{'world,'anyone}
]
2026-08-18 07:03:43,577 [myid:1] - DEBUG [ProcessThread(sid:0 cport:2181)::PrepRequestProcessor@300] - Client credentials: ['ip,'172.18.0.2
, 'digest,'pat:KDzjoQ5VTKQfcjheJHwntPTKiXc=
]
2026-08-18 07:03:43,577 [myid:1] - DEBUG [ProcessThread(sid:0 cport:2181)::SessionTrackerImpl@296] - Checking session 0x10013915d9b0000
2026-08-18 07:03:43,577 [myid:1] - DEBUG [ProcessThread(sid:0 cport:2181)::PrepRequestProcessor@963] - Processing ACL: 31,s{'auth,}

2026-08-18 07:03:43,577 [myid:1] - DEBUG [ProcessThread(sid:0 cport:2181)::PrepRequestProcessor@298] - Permission requested: 4 
2026-08-18 07:03:43,577 [myid:1] - DEBUG [ProcessThread(sid:0 cport:2181)::PrepRequestProcessor@299] - ACLs for node: [31,s{'world,'anyone}
]
2026-08-18 07:03:43,577 [myid:1] - DEBUG [ProcessThread(sid:0 cport:2181)::PrepRequestProcessor@300] - Client credentials: ['ip,'172.18.0.2
, 'digest,'pat:KDzjoQ5VTKQfcjheJHwntPTKiXc=
]
2026-08-18 07:03:43,577 [myid:1] - DEBUG [ProcessThread(sid:0 cport:2181)::SessionTrackerImpl@296] - Checking session 0x10013915d9b0000
2026-08-18 07:03:43,577 [myid:1] - DEBUG [ProcessThread(sid:0 cport:2181)::PrepRequestProcessor@963] - Processing ACL: 31,s{'auth,}

2026-08-18 07:03:43,577 [myid:1] - DEBUG [ProcessThread(sid:0 cport:2181)::PrepRequestProcessor@298] - Permission requested: 4 
2026-08-18 07:03:43,577 [myid:1] - DEBUG [ProcessThread(sid:0 cport:2181)::PrepRequestProcessor@299] - ACLs for node: [31,s{'world,'anyone}
]
2026-08-18 07:03:43,577 [myid:1] - DEBUG [ProcessThread(sid:0 cport:2181)::PrepRequestProcessor@300] - Client credentials: ['ip,'172.18.0.2
, 'digest,'pat:KDzjoQ5VTKQfcjheJHwntPTKiXc=
]
2026-08-18 07:03:43,577 [myid:1] - DEBUG [ProcessThread(sid:0 cport:2181)::SessionTrackerImpl@296] - Checking session 0x10013915d9b0000
2026-08-18 07:03:43,577 [myid:1] - DEBUG [ProcessThread(sid:0 cport:2181)::PrepRequestProcessor@963] - Processing ACL: 31,s{'auth,}

2026-08-18 07:03:43,577 [myid:1] - DEBUG [ProcessThread(sid:0 cport:2181)::PrepRequestProcessor@298] - Permission requested: 4 
2026-08-18 07:03:43,577 [myid:1] - DEBUG [ProcessThread(sid:0 cport:2181)::PrepRequestProcessor@299] - ACLs for node: [31,s{'world,'anyone}
]
2026-08-18 07:03:43,577 [myid:1] - DEBUG [ProcessThread(sid:0 cport:2181)::PrepRequestProcessor@300] - Client credentials: ['ip,'172.18.0.2
, 'digest,'pat:KDzjoQ5VTKQfcjheJHwntPTKiXc=
]
2026-08-18 07:03:43,577 [myid:1] - DEBUG [ProcessThread(sid:0 cport:2181)::SessionTrackerImpl@296] - Checking session 0x10013915d9b0000
2026-08-18 07:03:43,578 [myid:1] - DEBUG [ProcessThread(sid:0 cport:2181)::PrepRequestProcessor@963] - Processing ACL: 31,s{'auth,}

2026-08-18 07:03:43,578 [myid:1] - DEBUG [ProcessThread(sid:0 cport:2181)::PrepRequestProcessor@298] - Permission requested: 4 
2026-08-18 07:03:43,578 [myid:1] - DEBUG [ProcessThread(sid:0 cport:2181)::PrepRequestProcessor@299] - ACLs for node: [31,s{'world,'anyone}
]
2026-08-18 07:03:43,578 [myid:1] - DEBUG [ProcessThread(sid:0 cport:2181)::PrepRequestProcessor@300] - Client credentials: ['ip,'172.18.0.2
, 'digest,'pat:KDzjoQ5VTKQfcjheJHwntPTKiXc=
]
2026-08-18 07:03:43,578 [myid:1] - DEBUG [ProcessThread(sid:0 cport:2181)::SessionTrackerImpl@296] - Checking session 0x10013915d9b0000
2026-08-18 07:03:43,578 [myid:1] - DEBUG [ProcessThread(sid:0 cport:2181)::PrepRequestProcessor@963] - Processing ACL: 31,s{'auth,}

2026-08-18 07:03:43,578 [myid:1] - DEBUG [ProcessThread(sid:0 cport:2181)::PrepRequestProcessor@298] - Permission requested: 4 
2026-08-18 07:03:43,578 [myid:1] - DEBUG [ProcessThread(sid:0 cport:2181)::PrepRequestProcessor@299] - ACLs for node: [31,s{'world,'anyone}
]
2026-08-18 07:03:43,578 [myid:1] - DEBUG [ProcessThread(sid:0 cport:2181)::PrepRequestProcessor@300] - Client credentials: ['ip,'172.18.0.2
, 'digest,'pat:KDzjoQ5VTKQfcjheJHwntPTKiXc=
]
2026-08-18 07:03:43,578 [myid:1] - DEBUG [ProcessThread(sid:0 cport:2181)::SessionTrackerImpl@296] - Checking session 0x10013915d9b0000
2026-08-18 07:03:43,578 [myid:1] - DEBUG [ProcessThread(sid:0 cport:2181)::PrepRequestProcessor@963] - Processing ACL: 31,s{'auth,}

2026-08-18 07:03:43,578 [myid:1] - DEBUG [ProcessThread(sid:0 cport:2181)::PrepRequestProcessor@298] - Permission requested: 4 
2026-08-18 07:03:43,578 [myid:1] - DEBUG [ProcessThread(sid:0 cport:2181)::PrepRequestProcessor@299] - ACLs for node: [31,s{'world,'anyone}
]
2026-08-18 07:03:43,578 [myid:1] - DEBUG [ProcessThread(sid:0 cport:2181)::PrepRequestProcessor@300] - Client credentials: ['ip,'172.18.0.2
, 'digest,'pat:KDzjoQ5VTKQfcjheJHwntPTKiXc=
]
2026-08-18 07:03:43,578 [myid:1] - DEBUG [ProcessThread(sid:0 cport:2181)::SessionTrackerImpl@296] - Checking session 0x10013915d9b0000
2026-08-18 07:03:43,578 [myid:1] - DEBUG [ProcessThread(sid:0 cport:2181)::PrepRequestProcessor@963] - Processing ACL: 31,s{'auth,}

2026-08-18 07:03:43,578 [myid:1] - DEBUG [ProcessThread(sid:0 cport:2181)::PrepRequestProcessor@298] - Permission requested: 4 
2026-08-18 07:03:43,578 [myid:1] - DEBUG [ProcessThread(sid:0 cport:2181)::PrepRequestProcessor@299] - ACLs for node: [31,s{'world,'anyone}
]
2026-08-18 07:03:43,578 [myid:1] - DEBUG [ProcessThread(sid:0 cport:2181)::PrepRequestProcessor@300] - Client credentials: ['ip,'172.18.0.2
, 'digest,'pat:KDzjoQ5VTKQfcjheJHwntPTKiXc=
]
2026-08-18 07:03:43,578 [myid:1] - DEBUG [ProcessThread(sid:0 cport:2181)::SessionTrackerImpl@296] - Checking session 0x10013915d9b0000
2026-08-18 07:03:43,578 [myid:1] - DEBUG [ProcessThread(sid:0 cport:2181)::PrepRequestProcessor@963] - Processing ACL: 31,s{'auth,}

2026-08-18 07:03:43,578 [myid:1] - DEBUG [ProcessThread(sid:0 cport:2181)::PrepRequestProcessor@298] - Permission requested: 4 
2026-08-18 07:03:43,579 [myid:1] - DEBUG [ProcessThread(sid:0 cport:2181)::PrepRequestProcessor@299] - ACLs for node: [31,s{'world,'anyone}
]
2026-08-18 07:03:43,579 [myid:1] - DEBUG [ProcessThread(sid:0 cport:2181)::PrepRequestProcessor@300] - Client credentials: ['ip,'172.18.0.2
, 'digest,'pat:KDzjoQ5VTKQfcjheJHwntPTKiXc=
]
2026-08-18 07:03:43,579 [myid:1] - DEBUG [ProcessThread(sid:0 cport:2181)::SessionTrackerImpl@296] - Checking session 0x10013915d9b0000
2026-08-18 07:03:43,579 [myid:1] - DEBUG [ProcessThread(sid:0 cport:2181)::PrepRequestProcessor@963] - Processing ACL: 31,s{'auth,}

2026-08-18 07:03:43,579 [myid:1] - DEBUG [ProcessThread(sid:0 cport:2181)::PrepRequestProcessor@298] - Permission requested: 4 
2026-08-18 07:03:43,579 [myid:1] - DEBUG [ProcessThread(sid:0 cport:2181)::PrepRequestProcessor@299] - ACLs for node: [31,s{'world,'anyone}
]
2026-08-18 07:03:43,579 [myid:1] - DEBUG [ProcessThread(sid:0 cport:2181)::PrepRequestProcessor@300] - Client credentials: ['ip,'172.18.0.2
, 'digest,'pat:KDzjoQ5VTKQfcjheJHwntPTKiXc=
]
2026-08-18 07:03:43,579 [myid:1] - DEBUG [ProcessThread(sid:0 cport:2181)::SessionTrackerImpl@296] - Checking session 0x10013915d9b0000
2026-08-18 07:03:43,579 [myid:1] - DEBUG [ProcessThread(sid:0 cport:2181)::PrepRequestProcessor@963] - Processing ACL: 31,s{'auth,}

2026-08-18 07:03:43,579 [myid:1] - DEBUG [ProcessThread(sid:0 cport:2181)::PrepRequestProcessor@298] - Permission requested: 4 
2026-08-18 07:03:43,579 [myid:1] - DEBUG [ProcessThread(sid:0 cport:2181)::PrepRequestProcessor@299] - ACLs for node: [31,s{'world,'anyone}
]
2026-08-18 07:03:43,579 [myid:1] - DEBUG [ProcessThread(sid:0 cport:2181)::PrepRequestProcessor@300] - Client credentials: ['ip,'172.18.0.2
, 'digest,'pat:KDzjoQ5VTKQfcjheJHwntPTKiXc=
]
2026-08-18 07:03:43,579 [myid:1] - DEBUG [ProcessThread(sid:0 cport:2181)::SessionTrackerImpl@296] - Checking session 0x10013915d9b0000
2026-08-18 07:03:43,579 [myid:1] - DEBUG [ProcessThread(sid:0 cport:2181)::PrepRequestProcessor@963] - Processing ACL: 31,s{'auth,}

2026-08-18 07:03:43,579 [myid:1] - DEBUG [ProcessThread(sid:0 cport:2181)::PrepRequestProcessor@298] - Permission requested: 4 
2026-08-18 07:03:43,579 [myid:1] - DEBUG [ProcessThread(sid:0 cport:2181)::PrepRequestProcessor@299] - ACLs for node: [31,s{'world,'anyone}
]
2026-08-18 07:03:43,579 [myid:1] - DEBUG [ProcessThread(sid:0 cport:2181)::PrepRequestProcessor@300] - Client credentials: ['ip,'172.18.0.2
, 'digest,'pat:KDzjoQ5VTKQfcjheJHwntPTKiXc=
]
2026-08-18 07:03:43,579 [myid:1] - DEBUG [ProcessThread(sid:0 cport:2181)::SessionTrackerImpl@296] - Checking session 0x10013915d9b0000
2026-08-18 07:03:43,579 [myid:1] - DEBUG [ProcessThread(sid:0 cport:2181)::PrepRequestProcessor@963] - Processing ACL: 31,s{'auth,}

2026-08-18 07:03:43,579 [myid:1] - DEBUG [ProcessThread(sid:0 cport:2181)::PrepRequestProcessor@298] - Permission requested: 4 
2026-08-18 07:03:43,579 [myid:1] - DEBUG [ProcessThread(sid:0 cport:2181)::PrepRequestProcessor@299] - ACLs for node: [31,s{'world,'anyone}
]
2026-08-18 07:03:43,580 [myid:1] - DEBUG [ProcessThread(sid:0 cport:2181)::PrepRequestProcessor@300] - Client credentials: ['ip,'172.18.0.2
, 'digest,'pat:KDzjoQ5VTKQfcjheJHwntPTKiXc=
]
2026-08-18 07:03:43,580 [myid:1] - DEBUG [ProcessThread(sid:0 cport:2181)::SessionTrackerImpl@296] - Checking session 0x10013915d9b0000
2026-08-18 07:03:43,580 [myid:1] - DEBUG [ProcessThread(sid:0 cport:2181)::PrepRequestProcessor@963] - Processing ACL: 31,s{'auth,}

2026-08-18 07:03:43,580 [myid:1] - DEBUG [ProcessThread(sid:0 cport:2181)::PrepRequestProcessor@298] - Permission requested: 4 
2026-08-18 07:03:43,580 [myid:1] - DEBUG [ProcessThread(sid:0 cport:2181)::PrepRequestProcessor@299] - ACLs for node: [31,s{'world,'anyone}
]
2026-08-18 07:03:43,580 [myid:1] - DEBUG [ProcessThread(sid:0 cport:2181)::PrepRequestProcessor@300] - Client credentials: ['ip,'172.18.0.2
, 'digest,'pat:KDzjoQ5VTKQfcjheJHwntPTKiXc=
]
2026-08-18 07:03:43,580 [myid:1] - DEBUG [ProcessThread(sid:0 cport:2181)::SessionTrackerImpl@296] - Checking session 0x10013915d9b0000
2026-08-18 07:03:43,580 [myid:1] - DEBUG [ProcessThread(sid:0 cport:2181)::PrepRequestProcessor@963] - Processing ACL: 31,s{'auth,}

2026-08-18 07:03:43,580 [myid:1] - DEBUG [ProcessThread(sid:0 cport:2181)::PrepRequestProcessor@298] - Permission requested: 4 
2026-08-18 07:03:43,580 [myid:1] - DEBUG [ProcessThread(sid:0 cport:2181)::PrepRequestProcessor@299] - ACLs for node: [31,s{'world,'anyone}
]
2026-08-18 07:03:43,580 [myid:1] - DEBUG [ProcessThread(sid:0 cport:2181)::PrepRequestProcessor@300] - Client credentials: ['ip,'172.18.0.2
, 'digest,'pat:KDzjoQ5VTKQfcjheJHwntPTKiXc=
]
2026-08-18 07:03:43,580 [myid:1] - DEBUG [ProcessThread(sid:0 cport:2181)::SessionTrackerImpl@296] - Checking session 0x10013915d9b0000
2026-08-18 07:03:43,580 [myid:1] - DEBUG [ProcessThread(sid:0 cport:2181)::PrepRequestProcessor@963] - Processing ACL: 31,s{'auth,}

2026-08-18 07:03:43,580 [myid:1] - DEBUG [ProcessThread(sid:0 cport:2181)::PrepRequestProcessor@298] - Permission requested: 4 
2026-08-18 07:03:43,580 [myid:1] - DEBUG [ProcessThread(sid:0 cport:2181)::PrepRequestProcessor@299] - ACLs for node: [31,s{'world,'anyone}
]
2026-08-18 07:03:43,580 [myid:1] - DEBUG [ProcessThread(sid:0 cport:2181)::PrepRequestProcessor@300] - Client credentials: ['ip,'172.18.0.2
, 'digest,'pat:KDzjoQ5VTKQfcjheJHwntPTKiXc=
]
2026-08-18 07:03:43,580 [myid:1] - DEBUG [ProcessThread(sid:0 cport:2181)::SessionTrackerImpl@296] - Checking session 0x10013915d9b0000
2026-08-18 07:03:43,580 [myid:1] - DEBUG [ProcessThread(sid:0 cport:2181)::PrepRequestProcessor@963] - Processing ACL: 31,s{'auth,}

2026-08-18 07:03:43,580 [myid:1] - DEBUG [ProcessThread(sid:0 cport:2181)::PrepRequestProcessor@298] - Permission requested: 4 
2026-08-18 07:03:43,580 [myid:1] - DEBUG [ProcessThread(sid:0 cport:2181)::PrepRequestProcessor@299] - ACLs for node: [31,s{'world,'anyone}
]
2026-08-18 07:03:43,580 [myid:1] - DEBUG [ProcessThread(sid:0 cport:2181)::PrepRequestProcessor@300] - Client credentials: ['ip,'172.18.0.2
, 'digest,'pat:KDzjoQ5VTKQfcjheJHwntPTKiXc=
]
2026-08-18 07:03:43,581 [myid:1] - DEBUG [ProcessThread(sid:0 cport:2181)::SessionTrackerImpl@296] - Checking session 0x10013915d9b0000
2026-08-18 07:03:43,581 [myid:1] - DEBUG [ProcessThread(sid:0 cport:2181)::PrepRequestProcessor@963] - Processing ACL: 31,s{'auth,}

2026-08-18 07:03:43,581 [myid:1] - DEBUG [ProcessThread(sid:0 cport:2181)::PrepRequestProcessor@298] - Permission requested: 4 
2026-08-18 07:03:43,581 [myid:1] - DEBUG [ProcessThread(sid:0 cport:2181)::PrepRequestProcessor@299] - ACLs for node: [31,s{'world,'anyone}
]
2026-08-18 07:03:43,581 [myid:1] - DEBUG [ProcessThread(sid:0 cport:2181)::PrepRequestProcessor@300] - Client credentials: ['ip,'172.18.0.2
, 'digest,'pat:KDzjoQ5VTKQfcjheJHwntPTKiXc=
]
2026-08-18 07:03:43,581 [myid:1] - DEBUG [ProcessThread(sid:0 cport:2181)::SessionTrackerImpl@296] - Checking session 0x10013915d9b0000
2026-08-18 07:03:43,581 [myid:1] - DEBUG [ProcessThread(sid:0 cport:2181)::PrepRequestProcessor@963] - Processing ACL: 31,s{'auth,}

2026-08-18 07:03:43,581 [myid:1] - DEBUG [ProcessThread(sid:0 cport:2181)::PrepRequestProcessor@298] - Permission requested: 4 
2026-08-18 07:03:43,581 [myid:1] - DEBUG [ProcessThread(sid:0 cport:2181)::PrepRequestProcessor@299] - ACLs for node: [31,s{'world,'anyone}
]
2026-08-18 07:03:43,581 [myid:1] - DEBUG [ProcessThread(sid:0 cport:2181)::PrepRequestProcessor@300] - Client credentials: ['ip,'172.18.0.2
, 'digest,'pat:KDzjoQ5VTKQfcjheJHwntPTKiXc=
]
2026-08-18 07:03:43,589 [myid:1] - DEBUG [SyncThread:0:FinalRequestProcessor@99] - Processing request:: sessionid:0x10013915d9b0000 type:multi cxid:0x3 zxid:0x3 txntype:14 reqpath:n/a
2026-08-18 07:03:43,589 [myid:1] - TRACE [SyncThread:0:ZooTrace@88] - :Esessionid:0x10013915d9b0000 type:multi cxid:0x3 zxid:0x3 txntype:14 reqpath:n/a
2026-08-18 07:03:43,605 [myid:1] - DEBUG [SyncThread:0:FinalRequestProcessor@186] - sessionid:0x10013915d9b0000 type:multi cxid:0x3 zxid:0x3 txntype:14 reqpath:n/a
2026-08-18 07:03:43,607 [myid:1] - TRACE [SyncThread:0:NIOServerCnxn@156] - Add a buffer to outgoingBuffers, sk sun.nio.ch.SelectionKeyImpl@af9d3d7 is valid: true
2026-08-18 07:03:43,609 [myid:1] - TRACE [ProcessThread(sid:0 cport:2181)::ZooTrace@88] - :Psessionid:0x10013915d9b0000 type:getChildren cxid:0x4 zxid:0xfffffffffffffffe txntype:unknown reqpath:/parent
2026-08-18 07:03:43,609 [myid:1] - DEBUG [ProcessThread(sid:0 cport:2181)::SessionTrackerImpl@296] - Checking session 0x10013915d9b0000
2026-08-18 07:03:43,609 [myid:1] - DEBUG [SyncThread:0:FinalRequestProcessor@99] - Processing request:: sessionid:0x10013915d9b0000 type:getChildren cxid:0x4 zxid:0xfffffffffffffffe txntype:unknown reqpath:/parent
2026-08-18 07:03:43,609 [myid:1] - TRACE [SyncThread:0:ZooTrace@88] - :Esessionid:0x10013915d9b0000 type:getChildren cxid:0x4 zxid:0xfffffffffffffffe txntype:unknown reqpath:/parent
2026-08-18 07:03:43,609 [myid:1] - DEBUG [SyncThread:0:FinalRequestProcessor@186] - sessionid:0x10013915d9b0000 type:getChildren cxid:0x4 zxid:0xfffffffffffffffe txntype:unknown reqpath:/parent
2026-08-18 07:03:43,610 [myid:1] - DEBUG [SyncThread:0:PrepRequestProcessor@298] - Permission requested: 1 
2026-08-18 07:03:43,610 [myid:1] - DEBUG [SyncThread:0:PrepRequestProcessor@299] - ACLs for node: [31,s{'world,'anyone}
]
2026-08-18 07:03:43,610 [myid:1] - DEBUG [SyncThread:0:PrepRequestProcessor@300] - Client credentials: ['ip,'172.18.0.2
, 'digest,'pat:KDzjoQ5VTKQfcjheJHwntPTKiXc=
]
2026-08-18 07:03:43,610 [myid:1] - TRACE [SyncThread:0:NIOServerCnxn@156] - Add a buffer to outgoingBuffers, sk sun.nio.ch.SelectionKeyImpl@af9d3d7 is valid: true
2026-08-18 07:03:43,612 [myid:1] - TRACE [ProcessThread(sid:0 cport:2181)::ZooTrace@88] - :Psessionid:0x10013915d9b0000 type:closeSession cxid:0x5 zxid:0xfffffffffffffffe txntype:unknown reqpath:n/a
2026-08-18 07:03:43,612 [myid:1] - TRACE [ProcessThread(sid:0 cport:2181)::SessionTrackerImpl@213] - Session closing: 0x10013915d9b0000
2026-08-18 07:03:43,613 [myid:1] - DEBUG [SyncThread:0:FinalRequestProcessor@99] - Processing request:: sessionid:0x10013915d9b0000 type:closeSession cxid:0x5 zxid:0x4 txntype:-11 reqpath:n/a
2026-08-18 07:03:43,613 [myid:1] - TRACE [SyncThread:0:ZooTrace@88] - :Esessionid:0x10013915d9b0000 type:closeSession cxid:0x5 zxid:0x4 txntype:-11 reqpath:n/a
2026-08-18 07:03:43,613 [myid:1] - DEBUG [SyncThread:0:SessionTrackerImpl@223] - Removing session 0x10013915d9b0000
2026-08-18 07:03:43,613 [myid:1] - TRACE [SyncThread:0:ZooTrace@71] - SessionTrackerImpl --- Removing session 0x10013915d9b0000
2026-08-18 07:03:43,613 [myid:1] - DEBUG [SyncThread:0:FinalRequestProcessor@186] - sessionid:0x10013915d9b0000 type:closeSession cxid:0x5 zxid:0x4 txntype:-11 reqpath:n/a
2026-08-18 07:03:43,613 [myid:1] - TRACE [SyncThread:0:NIOServerCnxn@156] - Add a buffer to outgoingBuffers, sk sun.nio.ch.SelectionKeyImpl@af9d3d7 is valid: true
2026-08-18 07:03:43,613 [myid:1] - TRACE [SyncThread:0:NIOServerCnxn@156] - Add a buffer to outgoingBuffers, sk sun.nio.ch.SelectionKeyImpl@af9d3d7 is valid: true
2026-08-18 07:03:43,613 [myid:1] - DEBUG [NIOWorkerThread-16:MBeanRegistry@127] - Unregister MBean [org.apache.ZooKeeperService:name0=StandaloneServer_port2181,name1=Connections,name2=172.18.0.2,name3=0x10013915d9b0000]
2026-08-18 07:03:43,614 [myid:1] - DEBUG [NIOWorkerThread-16:NIOServerCnxn@627] - Closed socket connection for client /172.18.0.2:36978 which had sessionid 0x10013915d9b0000
2026-08-18 07:04:31,578 [myid:] - INFO  [main:QuorumPeerConfig@133] - Reading configuration from: /conf/zoo.cfg
2026-08-18 07:04:31,581 [myid:] - INFO  [main:QuorumPeerConfig@375] - clientPort is not set
2026-08-18 07:04:31,581 [myid:] - INFO  [main:QuorumPeerConfig@389] - secureClientPort is not set
2026-08-18 07:04:31,584 [myid:] - ERROR [main:QuorumPeerConfig@645] - Invalid configuration, only one server specified (ignoring)
2026-08-18 07:04:31,587 [myid:1] - INFO  [main:DatadirCleanupManager@78] - autopurge.snapRetainCount set to 3
2026-08-18 07:04:31,587 [myid:1] - INFO  [main:DatadirCleanupManager@79] - autopurge.purgeInterval set to 0
2026-08-18 07:04:31,587 [myid:1] - INFO  [main:DatadirCleanupManager@101] - Purge task is not scheduled.
2026-08-18 07:04:31,587 [myid:1] - WARN  [main:QuorumPeerMain@125] - Either no config or no quorum defined in config, running  in standalone mode
2026-08-18 07:04:31,588 [myid:1] - INFO  [main:ManagedUtil@46] - Log4j found with jmx enabled.
2026-08-18 07:04:31,588 [myid:1] - DEBUG [main:ManagedUtil@66] - registerLog4jMBeans()
2026-08-18 07:04:31,592 [myid:1] - DEBUG [main:AbstractDynamicMBean@148] - preRegister called. Server=com.sun.jmx.mbeanserver.JmxMBeanServer@66d3c617, name=log4j:hierarchy=default
2026-08-18 07:04:31,592 [myid:1] - DEBUG [main:HierarchyDynamicMBean@260] - postRegister is called.
2026-08-18 07:04:31,593 [myid:1] - DEBUG [main:AbstractDynamicMBean@148] - preRegister called. Server=com.sun.jmx.mbeanserver.JmxMBeanServer@66d3c617, name=log4j:logger=root
2026-08-18 07:04:31,593 [myid:1] - DEBUG [main:LoggerDynamicMBean@258] - Adding AppenderMBean for appender named CONSOLE
2026-08-18 07:04:31,594 [myid:1] - DEBUG [main:AppenderDynamicMBean@158] - getMBeanInfo called.
2026-08-18 07:04:31,594 [myid:1] - DEBUG [main:AppenderDynamicMBean@337] - preRegister called. Server=com.sun.jmx.mbeanserver.JmxMBeanServer@66d3c617, name=log4j:appender=CONSOLE
2026-08-18 07:04:31,595 [myid:1] - DEBUG [main:AppenderDynamicMBean@197] - Adding LayoutMBean:CONSOLE,layout=org.apache.log4j.PatternLayout
2026-08-18 07:04:31,595 [myid:1] - DEBUG [main:LayoutDynamicMBean@140] - getMBeanInfo called.
2026-08-18 07:04:31,595 [myid:1] - DEBUG [main:AbstractDynamicMBean@148] - preRegister called. Server=com.sun.jmx.mbeanserver.JmxMBeanServer@66d3c617, name=log4j:appender=CONSOLE,layout=org.apache.log4j.PatternLayout
2026-08-18 07:04:31,596 [myid:1] - DEBUG [main:LoggerDynamicMBean@258] - Adding AppenderMBean for appender named ROLLINGFILE
2026-08-18 07:04:31,596 [myid:1] - DEBUG [main:AppenderDynamicMBean@158] - getMBeanInfo called.
2026-08-18 07:04:31,596 [myid:1] - DEBUG [main:AppenderDynamicMBean@337] - preRegister called. Server=com.sun.jmx.mbeanserver.JmxMBeanServer@66d3c617, name=log4j:appender=ROLLINGFILE
2026-08-18 07:04:31,596 [myid:1] - DEBUG [main:AppenderDynamicMBean@197] - Adding LayoutMBean:ROLLINGFILE,layout=org.apache.log4j.PatternLayout
2026-08-18 07:04:31,596 [myid:1] - DEBUG [main:LayoutDynamicMBean@140] - getMBeanInfo called.
2026-08-18 07:04:31,596 [myid:1] - DEBUG [main:AbstractDynamicMBean@148] - preRegister called. Server=com.sun.jmx.mbeanserver.JmxMBeanServer@66d3c617, name=log4j:appender=ROLLINGFILE,layout=org.apache.log4j.PatternLayout
2026-08-18 07:04:31,596 [myid:1] - DEBUG [main:HierarchyDynamicMBean@128] - ---Adding logger [root] as listener.
2026-08-18 07:04:31,597 [myid:1] - DEBUG [main:AbstractDynamicMBean@148] - preRegister called. Server=com.sun.jmx.mbeanserver.JmxMBeanServer@66d3c617, name=log4j:logger=org.apache.log4j.jmx.LoggerDynamicMBean
2026-08-18 07:04:31,598 [myid:1] - DEBUG [main:HierarchyDynamicMBean@128] - ---Adding logger [org.apache.log4j.jmx.LoggerDynamicMBean] as listener.
2026-08-18 07:04:31,598 [myid:1] - DEBUG [main:AbstractDynamicMBean@148] - preRegister called. Server=com.sun.jmx.mbeanserver.JmxMBeanServer@66d3c617, name=log4j:logger=org.apache.zookeeper.jmx.MBeanRegistry
2026-08-18 07:04:31,598 [myid:1] - DEBUG [main:HierarchyDynamicMBean@128] - ---Adding logger [org.apache.zookeeper.jmx.MBeanRegistry] as listener.
2026-08-18 07:04:31,598 [myid:1] - DEBUG [main:AbstractDynamicMBean@148] - preRegister called. Server=com.sun.jmx.mbeanserver.JmxMBeanServer@66d3c617, name=log4j:logger=org.apache.zookeeper.server.quorum.QuorumPeerConfig
2026-08-18 07:04:31,598 [myid:1] - DEBUG [main:HierarchyDynamicMBean@128] - ---Adding logger [org.apache.zookeeper.server.quorum.QuorumPeerConfig] as listener.
2026-08-18 07:04:31,598 [myid:1] - DEBUG [main:AbstractDynamicMBean@148] - preRegister called. Server=com.sun.jmx.mbeanserver.JmxMBeanServer@66d3c617, name=log4j:logger=org.apache.zookeeper.server.ZooKeeperServerMain
2026-08-18 07:04:31,598 [myid:1] - DEBUG [main:HierarchyDynamicMBean@128] - ---Adding logger [org.apache.zookeeper.server.ZooKeeperServerMain] as listener.
2026-08-18 07:04:31,598 [myid:1] - DEBUG [main:AbstractDynamicMBean@148] - preRegister called. Server=com.sun.jmx.mbeanserver.JmxMBeanServer@66d3c617, name=log4j:logger=org.apache.log4j.jmx.AppenderDynamicMBean
2026-08-18 07:04:31,599 [myid:1] - DEBUG [main:HierarchyDynamicMBean@128] - ---Adding logger [org.apache.log4j.jmx.AppenderDynamicMBean] as listener.
2026-08-18 07:04:31,599 [myid:1] - DEBUG [main:AbstractDynamicMBean@148] - preRegister called. Server=com.sun.jmx.mbeanserver.JmxMBeanServer@66d3c617, name=log4j:logger=org.apache.zookeeper.server.quorum.QuorumPeerMain
2026-08-18 07:04:31,599 [myid:1] - DEBUG [main:HierarchyDynamicMBean@128] - ---Adding logger [org.apache.zookeeper.server.quorum.QuorumPeerMain] as listener.
2026-08-18 07:04:31,599 [myid:1] - DEBUG [main:AbstractDynamicMBean@148] - preRegister called. Server=com.sun.jmx.mbeanserver.JmxMBeanServer@66d3c617, name=log4j:logger=org.apache.log4j.jmx.HierarchyDynamicMBean
2026-08-18 07:04:31,599 [myid:1] - DEBUG [main:HierarchyDynamicMBean@128] - ---Adding logger [org.apache.log4j.jmx.HierarchyDynamicMBean] as listener.
2026-08-18 07:04:31,599 [myid:1] - DEBUG [main:AbstractDynamicMBean@148] - preRegister called. Server=com.sun.jmx.mbeanserver.JmxMBeanServer@66d3c617, name=log4j:logger=org.apache.zookeeper.jmx.ManagedUtil
2026-08-18 07:04:31,599 [myid:1] - DEBUG [main:HierarchyDynamicMBean@128] - ---Adding logger [org.apache.zookeeper.jmx.ManagedUtil] as listener.
2026-08-18 07:04:31,599 [myid:1] - DEBUG [main:AbstractDynamicMBean@148] - preRegister called. Server=com.sun.jmx.mbeanserver.JmxMBeanServer@66d3c617, name=log4j:logger=org.apache.zookeeper.server.DatadirCleanupManager
2026-08-18 07:04:31,599 [myid:1] - DEBUG [main:HierarchyDynamicMBean@128] - ---Adding logger [org.apache.zookeeper.server.DatadirCleanupManager] as listener.
2026-08-18 07:04:31,600 [myid:1] - DEBUG [main:AbstractDynamicMBean@148] - preRegister called. Server=com.sun.jmx.mbeanserver.JmxMBeanServer@66d3c617, name=log4j:logger=org.apache.log4j.jmx.LayoutDynamicMBean
2026-08-18 07:04:31,600 [myid:1] - DEBUG [main:HierarchyDynamicMBean@128] - ---Adding logger [org.apache.log4j.jmx.LayoutDynamicMBean] as listener.
2026-08-18 07:04:31,600 [myid:1] - INFO  [main:QuorumPeerConfig@133] - Reading configuration from: /conf/zoo.cfg
2026-08-18 07:04:31,600 [myid:1] - INFO  [main:QuorumPeerConfig@375] - clientPort is not set
2026-08-18 07:04:31,600 [myid:1] - INFO  [main:QuorumPeerConfig@389] - secureClientPort is not set
2026-08-18 07:04:31,600 [myid:1] - ERROR [main:QuorumPeerConfig@645] - Invalid configuration, only one server specified (ignoring)
2026-08-18 07:04:31,600 [myid:1] - INFO  [main:ZooKeeperServerMain@117] - Starting server
2026-08-18 07:04:31,603 [myid:1] - DEBUG [main:FileTxnSnapLog@86] - Opening datadir:/datalog snapDir:/data
2026-08-18 07:04:31,612 [myid:1] - INFO  [main:Environment@109] - Server environment:zookeeper.version=3.5.5-390fe37ea45dee01bf87dc1c042b5e3dcce88653, built on 05/03/2019 12:07 GMT
2026-08-18 07:04:31,612 [myid:1] - INFO  [main:Environment@109] - Server environment:host.name=e84ac79adb25
2026-08-18 07:04:31,612 [myid:1] - INFO  [main:Environment@109] - Server environment:java.version=1.8.0_232
2026-08-18 07:04:31,612 [myid:1] - INFO  [main:Environment@109] - Server environment:java.vendor=Oracle Corporation
2026-08-18 07:04:31,612 [myid:1] - INFO  [main:Environment@109] - Server environment:java.home=/usr/local/openjdk-8
2026-08-18 07:04:31,612 [myid:1] - INFO  [main:Environment@109] - Server environment:java.class.path=/apache-zookeeper-3.5.5-bin/bin/../zookeeper-server/target/classes:/apache-zookeeper-3.5.5-bin/bin/../build/classes:/apache-zookeeper-3.5.5-bin/bin/../zookeeper-server/target/lib/*.jar:/apache-zookeeper-3.5.5-bin/bin/../build/lib/*.jar:/apache-zookeeper-3.5.5-bin/bin/../lib/zookeeper-jute-3.5.5.jar:/apache-zookeeper-3.5.5-bin/bin/../lib/zookeeper-3.5.5.jar:/apache-zookeeper-3.5.5-bin/bin/../lib/slf4j-log4j12-1.7.25.jar:/apache-zookeeper-3.5.5-bin/bin/../lib/slf4j-api-1.7.25.jar:/apache-zookeeper-3.5.5-bin/bin/../lib/netty-all-4.1.29.Final.jar:/apache-zookeeper-3.5.5-bin/bin/../lib/log4j-1.2.17.jar:/apache-zookeeper-3.5.5-bin/bin/../lib/json-simple-1.1.1.jar:/apache-zookeeper-3.5.5-bin/bin/../lib/jline-2.11.jar:/apache-zookeeper-3.5.5-bin/bin/../lib/jetty-util-9.4.17.v20190418.jar:/apache-zookeeper-3.5.5-bin/bin/../lib/jetty-servlet-9.4.17.v20190418.jar:/apache-zookeeper-3.5.5-bin/bin/../lib/jetty-server-9.4.17.v20190418.jar:/apache-zookeeper-3.5.5-bin/bin/../lib/jetty-security-9.4.17.v20190418.jar:/apache-zookeeper-3.5.5-bin/bin/../lib/jetty-io-9.4.17.v20190418.jar:/apache-zookeeper-3.5.5-bin/bin/../lib/jetty-http-9.4.17.v20190418.jar:/apache-zookeeper-3.5.5-bin/bin/../lib/javax.servlet-api-3.1.0.jar:/apache-zookeeper-3.5.5-bin/bin/../lib/jackson-databind-2.9.8.jar:/apache-zookeeper-3.5.5-bin/bin/../lib/jackson-core-2.9.8.jar:/apache-zookeeper-3.5.5-bin/bin/../lib/jackson-annotations-2.9.0.jar:/apache-zookeeper-3.5.5-bin/bin/../lib/commons-cli-1.2.jar:/apache-zookeeper-3.5.5-bin/bin/../lib/audience-annotations-0.5.0.jar:/apache-zookeeper-3.5.5-bin/bin/../zookeeper-*.jar:/apache-zookeeper-3.5.5-bin/bin/../zookeeper-server/src/main/resources/lib/*.jar:/conf:
2026-08-18 07:04:31,612 [myid:1] - INFO  [main:Environment@109] - Server environment:java.library.path=/usr/java/packages/lib/amd64:/usr/lib64:/lib64:/lib:/usr/lib
2026-08-18 07:04:31,612 [myid:1] - INFO  [main:Environment@109] - Server environment:java.io.tmpdir=/tmp
2026-08-18 07:04:31,612 [myid:1] - INFO  [main:Environment@109] - Server environment:java.compiler=<NA>
2026-08-18 07:04:31,612 [myid:1] - INFO  [main:Environment@109] - Server environment:os.name=Linux
2026-08-18 07:04:31,612 [myid:1] - INFO  [main:Environment@109] - Server environment:os.arch=amd64
2026-08-18 07:04:31,613 [myid:1] - INFO  [main:Environment@109] - Server environment:os.version=7.1.6-201.fc44.x86_64
2026-08-18 07:04:31,613 [myid:1] - INFO  [main:Environment@109] - Server environment:user.name=zookeeper
2026-08-18 07:04:31,613 [myid:1] - INFO  [main:Environment@109] - Server environment:user.home=/home/zookeeper
2026-08-18 07:04:31,613 [myid:1] - INFO  [main:Environment@109] - Server environment:user.dir=/apache-zookeeper-3.5.5-bin
2026-08-18 07:04:31,613 [myid:1] - INFO  [main:Environment@109] - Server environment:os.memory.free=196MB
2026-08-18 07:04:31,613 [myid:1] - INFO  [main:Environment@109] - Server environment:os.memory.max=889MB
2026-08-18 07:04:31,613 [myid:1] - INFO  [main:Environment@109] - Server environment:os.memory.total=207MB
2026-08-18 07:04:31,614 [myid:1] - INFO  [main:ZooKeeperServer@938] - minSessionTimeout set to 4000
2026-08-18 07:04:31,614 [myid:1] - INFO  [main:ZooKeeperServer@947] - maxSessionTimeout set to 40000
2026-08-18 07:04:31,614 [myid:1] - INFO  [main:ZooKeeperServer@166] - Created server with tickTime 2000 minSessionTimeout 4000 maxSessionTimeout 40000 datadir /datalog/version-2 snapdir /data/version-2
2026-08-18 07:04:31,626 [myid:1] - DEBUG [main:Log@181] - Logging to org.slf4j.impl.Log4jLoggerAdapter(org.eclipse.jetty.util.log) via org.eclipse.jetty.util.log.Slf4jLog
2026-08-18 07:04:31,634 [myid:1] - INFO  [main:Log@193] - Logging initialized @323ms to org.eclipse.jetty.util.log.Slf4jLog
2026-08-18 07:04:31,655 [myid:1] - DEBUG [main:ContainerLifeCycle@400] - Server@38082d64{STOPPED}[9.4.17.v20190418] added {QueuedThreadPool[qtp796533847]@2f7a2457{STOPPED,8<=0<=200,i=0,q=0}[org.eclipse.jetty.util.thread.TryExecutor$$Lambda$3/249515771@327471b5],AUTO}
2026-08-18 07:04:31,671 [myid:1] - DEBUG [main:ContainerLifeCycle@400] - HttpConnectionFactory@5034c75a[HTTP/1.1] added {HttpConfiguration@396a51ab{32768/8192,8192/8192,https://:0,[]},POJO}
2026-08-18 07:04:31,673 [myid:1] - DEBUG [main:ContainerLifeCycle@400] - ServerConnector@4520ebad{null,[]}{0.0.0.0:0} added {Server@38082d64{STOPPED}[9.4.17.v20190418],UNMANAGED}
2026-08-18 07:04:31,674 [myid:1] - DEBUG [main:ContainerLifeCycle@400] - ServerConnector@4520ebad{null,[]}{0.0.0.0:0} added {QueuedThreadPool[qtp796533847]@2f7a2457{STOPPED,8<=0<=200,i=0,q=0}[org.eclipse.jetty.util.thread.TryExecutor$$Lambda$3/249515771@327471b5],AUTO}
2026-08-18 07:04:31,674 [myid:1] - DEBUG [main:ContainerLifeCycle@400] - ServerConnector@4520ebad{null,[]}{0.0.0.0:0} added {ScheduledExecutorScheduler@7c16905e{STOPPED},AUTO}
2026-08-18 07:04:31,674 [myid:1] - DEBUG [main:ContainerLifeCycle@400] - ServerConnector@4520ebad{null,[]}{0.0.0.0:0} added {org.eclipse.jetty.io.ArrayByteBufferPool@2a2d45ba,POJO}
2026-08-18 07:04:31,675 [myid:1] - DEBUG [main:ContainerLifeCycle@400] - ServerConnector@4520ebad{null,[http/1.1]}{0.0.0.0:0} added {HttpConnectionFactory@5034c75a[HTTP/1.1],AUTO}
2026-08-18 07:04:31,675 [myid:1] - DEBUG [main:AbstractConnector@439] - ServerConnector@4520ebad{HTTP/1.1,[http/1.1]}{0.0.0.0:0} added HttpConnectionFactory@5034c75a[HTTP/1.1]
2026-08-18 07:04:31,678 [myid:1] - DEBUG [main:ContainerLifeCycle@400] - ServerConnector@4520ebad{HTTP/1.1,[http/1.1]}{0.0.0.0:0} added {SelectorManager@ServerConnector@4520ebad{HTTP/1.1,[http/1.1]}{0.0.0.0:0},MANAGED}
2026-08-18 07:04:31,678 [myid:1] - DEBUG [main:ContainerLifeCycle@400] - Server@38082d64{STOPPED}[9.4.17.v20190418] added {ServerConnector@4520ebad{HTTP/1.1,[http/1.1]}{0.0.0.0:8080},AUTO}
2026-08-18 07:04:31,690 [myid:1] - DEBUG [main:DecoratedObjectFactory@53] - Adding Decorator: org.eclipse.jetty.util.DeprecationWarning@77cd7a0
2026-08-18 07:04:31,696 [myid:1] - DEBUG [main:ContainerLifeCycle@400] - o.e.j.s.ServletContextHandler@6e1567f1{/,null,UNAVAILABLE} added {org.eclipse.jetty.server.session.SessionHandler1555690610==dftMaxIdleSec=-1,MANAGED}
2026-08-18 07:04:31,699 [myid:1] - DEBUG [main:ContainerLifeCycle@400] - org.eclipse.jetty.server.session.SessionHandler1555690610==dftMaxIdleSec=-1 added {ServletHandler@49993335{STOPPED},MANAGED}
2026-08-18 07:04:31,699 [myid:1] - WARN  [main:ContextHandler@1588] - o.e.j.s.ServletContextHandler@6e1567f1{/,null,UNAVAILABLE} contextPath ends with /*
2026-08-18 07:04:31,699 [myid:1] - WARN  [main:ContextHandler@1599] - Empty contextPath
2026-08-18 07:04:31,700 [myid:1] - DEBUG [main:ContainerLifeCycle@400] - Server@38082d64{STOPPED}[9.4.17.v20190418] added {o.e.j.s.ServletContextHandler@6e1567f1{/,null,UNAVAILABLE},MANAGED}
2026-08-18 07:04:31,706 [myid:1] - DEBUG [main:AbstractLifeCycle@185] - starting Server@38082d64{STOPPED}[9.4.17.v20190418]
2026-08-18 07:04:31,707 [myid:1] - DEBUG [main:ContainerLifeCycle@400] - Server@38082d64{STARTING}[9.4.17.v20190418] added {ErrorHandler@5f9d02cb{STOPPED},AUTO}
2026-08-18 07:04:31,707 [myid:1] - INFO  [main:Server@370] - jetty-9.4.17.v20190418; built: 2019-04-18T19:45:35.259Z; git: aa1c656c315c011c01e7b21aabb04066635b9f67; jvm 1.8.0_232-b09
2026-08-18 07:04:31,715 [myid:1] - DEBUG [main:AbstractHandler@110] - starting Server@38082d64{STARTING}[9.4.17.v20190418]
2026-08-18 07:04:31,715 [myid:1] - DEBUG [main:AbstractLifeCycle@185] - starting QueuedThreadPool[qtp796533847]@2f7a2457{STOPPED,8<=0<=200,i=0,q=0}[org.eclipse.jetty.util.thread.TryExecutor$$Lambda$3/249515771@327471b5]
2026-08-18 07:04:31,716 [myid:1] - DEBUG [main:ReservedThreadExecutor@85] - ReservedThreadExecutor@5bc79255{s=0/12,p=0}
2026-08-18 07:04:31,717 [myid:1] - DEBUG [main:ContainerLifeCycle@400] - QueuedThreadPool[qtp796533847]@2f7a2457{STARTING,8<=0<=200,i=0,q=0}[ReservedThreadExecutor@5bc79255{s=0/12,p=0}] added {ReservedThreadExecutor@5bc79255{s=0/12,p=0},AUTO}
2026-08-18 07:04:31,717 [myid:1] - DEBUG [main:AbstractLifeCycle@185] - starting ReservedThreadExecutor@5bc79255{s=0/12,p=0}
2026-08-18 07:04:31,724 [myid:1] - DEBUG [main:AbstractLifeCycle@177] - STARTED @418ms ReservedThreadExecutor@5bc79255{s=0/12,p=0}
2026-08-18 07:04:31,724 [myid:1] - DEBUG [main:QueuedThreadPool@570] - Starting Thread[qtp796533847-12,5,main]
2026-08-18 07:04:31,725 [myid:1] - DEBUG [main:QueuedThreadPool@570] - Starting Thread[qtp796533847-13,5,main]
2026-08-18 07:04:31,725 [myid:1] - DEBUG [main:QueuedThreadPool@570] - Starting Thread[qtp796533847-14,5,main]
2026-08-18 07:04:31,725 [myid:1] - DEBUG [main:QueuedThreadPool@570] - Starting Thread[qtp796533847-15,5,main]
2026-08-18 07:04:31,725 [myid:1] - DEBUG [main:QueuedThreadPool@570] - Starting Thread[qtp796533847-16,5,main]
2026-08-18 07:04:31,725 [myid:1] - DEBUG [main:QueuedThreadPool@570] - Starting Thread[qtp796533847-17,5,main]
2026-08-18 07:04:31,725 [myid:1] - DEBUG [main:QueuedThreadPool@570] - Starting Thread[qtp796533847-18,5,main]
2026-08-18 07:04:31,726 [myid:1] - DEBUG [main:QueuedThreadPool@570] - Starting Thread[qtp796533847-19,5,main]
2026-08-18 07:04:31,726 [myid:1] - DEBUG [main:AbstractLifeCycle@177] - STARTED @421ms QueuedThreadPool[qtp796533847]@2f7a2457{STARTED,8<=8<=200,i=7,q=0}[ReservedThreadExecutor@5bc79255{s=0/12,p=0}]
2026-08-18 07:04:31,726 [myid:1] - DEBUG [main:AbstractLifeCycle@185] - starting o.e.j.s.ServletContextHandler@6e1567f1{/,null,UNAVAILABLE}
2026-08-18 07:04:31,729 [myid:1] - DEBUG [main:PreEncodedHttpField@63] - HttpField encoders loaded: [org.eclipse.jetty.http.Http1FieldPreEncoder@63e2203c]
2026-08-18 07:04:31,734 [myid:1] - DEBUG [main:AbstractHandler@110] - starting o.e.j.s.ServletContextHandler@6e1567f1{/,null,STARTING}
2026-08-18 07:04:31,734 [myid:1] - DEBUG [main:AbstractLifeCycle@185] - starting org.eclipse.jetty.server.session.SessionHandler1555690610==dftMaxIdleSec=-1
2026-08-18 07:04:31,737 [myid:1] - DEBUG [main:ContainerLifeCycle@400] - org.eclipse.jetty.server.session.SessionHandler1555690610==dftMaxIdleSec=-1 added {org.eclipse.jetty.server.session.DefaultSessionCache@711f39f9[evict=-1,removeUnloadable=false,saveOnCreate=false,saveOnInactiveEvict=false],AUTO}
2026-08-18 07:04:31,738 [myid:1] - DEBUG [main:ContainerLifeCycle@400] - org.eclipse.jetty.server.session.DefaultSessionCache@711f39f9[evict=-1,removeUnloadable=false,saveOnCreate=false,saveOnInactiveEvict=false] added {org.eclipse.jetty.server.session.NullSessionDataStore@4e7dc304[passivating=false,graceSec=3600],AUTO}
2026-08-18 07:04:31,738 [myid:1] - DEBUG [main:AbstractLifeCycle@185] - starting DefaultSessionIdManager@48503868{STOPPED}[worker=null]
2026-08-18 07:04:31,738 [myid:1] - INFO  [main:DefaultSessionIdManager@365] - DefaultSessionIdManager workerName=node0
2026-08-18 07:04:31,739 [myid:1] - INFO  [main:DefaultSessionIdManager@370] - No SessionScavenger set, using defaults
2026-08-18 07:04:31,739 [myid:1] - DEBUG [main:ContainerLifeCycle@400] - DefaultSessionIdManager@48503868{STARTING}[worker=node0] added {HouseKeeper@56aac163{STOPPED}[interval=600000, ownscheduler=false],MANAGED}
2026-08-18 07:04:31,739 [myid:1] - DEBUG [main:AbstractLifeCycle@185] - starting HouseKeeper@56aac163{STOPPED}[interval=600000, ownscheduler=false]
2026-08-18 07:04:31,739 [myid:1] - DEBUG [main:AbstractLifeCycle@185] - starting ScheduledExecutorScheduler@1f7030a6{STOPPED}
2026-08-18 07:04:31,740 [myid:1] - DEBUG [main:AbstractLifeCycle@177] - STARTED @435ms ScheduledExecutorScheduler@1f7030a6{STARTED}
2026-08-18 07:04:31,740 [myid:1] - DEBUG [main:HouseKeeper@127] - Using own scheduler for scavenging
2026-08-18 07:04:31,740 [myid:1] - INFO  [main:HouseKeeper@149] - node0 Scavenging every 600000ms
2026-08-18 07:04:31,741 [myid:1] - DEBUG [main:AbstractLifeCycle@177] - STARTED @437ms HouseKeeper@56aac163{STARTED}[interval=600000, ownscheduler=true]
2026-08-18 07:04:31,742 [myid:1] - DEBUG [main:AbstractLifeCycle@177] - STARTED @437ms DefaultSessionIdManager@48503868{STARTED}[worker=node0]
2026-08-18 07:04:31,742 [myid:1] - DEBUG [main:ContainerLifeCycle@400] - Server@38082d64{STARTING}[9.4.17.v20190418] added {DefaultSessionIdManager@48503868{STARTED}[worker=node0],MANAGED}
2026-08-18 07:04:31,742 [myid:1] - DEBUG [main:ContainerLifeCycle@400] - org.eclipse.jetty.server.session.SessionHandler1555690610==dftMaxIdleSec=-1 added {DefaultSessionIdManager@48503868{STARTED}[worker=node0],UNMANAGED}
2026-08-18 07:04:31,742 [myid:1] - DEBUG [main:AbstractLifeCycle@185] - starting ScheduledExecutorScheduler@4d95d2a2{STOPPED}
2026-08-18 07:04:31,742 [myid:1] - DEBUG [main:AbstractLifeCycle@177] - STARTED @438ms ScheduledExecutorScheduler@4d95d2a2{STARTED}
2026-08-18 07:04:31,743 [myid:1] - DEBUG [main:AbstractHandler@110] - starting org.eclipse.jetty.server.session.SessionHandler1555690610==dftMaxIdleSec=-1
2026-08-18 07:04:31,743 [myid:1] - DEBUG [main:AbstractLifeCycle@185] - starting ServletHandler@49993335{STOPPED}
2026-08-18 07:04:31,744 [myid:1] - DEBUG [main:ServletHandler@1414] - Path=/commands/*[EMBEDDED:null] mapped to servlet=org.apache.zookeeper.server.admin.JettyAdminServer$CommandServlet-3632be31[EMBEDDED:null]
2026-08-18 07:04:31,745 [myid:1] - DEBUG [main:PathMappings@250] - Added MappedResource[pathSpec=ServletPathSpec["/commands/*",pathDepth=2,group=PREFIX_GLOB],resource=org.apache.zookeeper.server.admin.JettyAdminServer$CommandServlet-3632be31@b966e838==org.apache.zookeeper.server.admin.JettyAdminServer$CommandServlet,jsp=null,order=-1,inst=true,async=true] to PathMappings[size=1]
2026-08-18 07:04:31,745 [myid:1] - DEBUG [main:ServletHandler@1439] - filterNameMap={}
2026-08-18 07:04:31,746 [myid:1] - DEBUG [main:ServletHandler@1440] - pathFilters=null
2026-08-18 07:04:31,746 [myid:1] - DEBUG [main:ServletHandler@1441] - servletFilterMap=null
2026-08-18 07:04:31,746 [myid:1] - DEBUG [main:ServletHandler@1442] - servletPathMap=PathMappings[size=1]
2026-08-18 07:04:31,746 [myid:1] - DEBUG [main:ServletHandler@1443] - servletNameMap={org.apache.zookeeper.server.admin.JettyAdminServer$CommandServlet-3632be31=org.apache.zookeeper.server.admin.JettyAdminServer$CommandServlet-3632be31@b966e838==org.apache.zookeeper.server.admin.JettyAdminServer$CommandServlet,jsp=null,order=-1,inst=true,async=true}
2026-08-18 07:04:31,746 [myid:1] - DEBUG [main:ServletHandler@170] - Adding Default404Servlet to ServletHandler@49993335{STARTING}
2026-08-18 07:04:31,746 [myid:1] - DEBUG [main:ServletHandler@1414] - Path=/commands/*[EMBEDDED:null] mapped to servlet=org.apache.zookeeper.server.admin.JettyAdminServer$CommandServlet-3632be31[EMBEDDED:null]
2026-08-18 07:04:31,747 [myid:1] - DEBUG [main:PathMappings@250] - Added MappedResource[pathSpec=ServletPathSpec["/commands/*",pathDepth=2,group=PREFIX_GLOB],resource=org.apache.zookeeper.server.admin.JettyAdminServer$CommandServlet-3632be31@b966e838==org.apache.zookeeper.server.admin.JettyAdminServer$CommandServlet,jsp=null,order=-1,inst=true,async=true] to PathMappings[size=1]
2026-08-18 07:04:31,747 [myid:1] - DEBUG [main:ServletHandler@1414] - Path=/[EMBEDDED:null] mapped to servlet=org.eclipse.jetty.servlet.ServletHandler$Default404Servlet-1b68ddbd[EMBEDDED:null]
2026-08-18 07:04:31,747 [myid:1] - DEBUG [main:PathMappings@250] - Added MappedResource[pathSpec=ServletPathSpec["/",pathDepth=-1,group=DEFAULT],resource=org.eclipse.jetty.servlet.ServletHandler$Default404Servlet-1b68ddbd@decedda9==org.eclipse.jetty.servlet.ServletHandler$Default404Servlet,jsp=null,order=-1,inst=false,async=true] to PathMappings[size=2]
2026-08-18 07:04:31,747 [myid:1] - DEBUG [main:ServletHandler@1439] - filterNameMap={}
2026-08-18 07:04:31,747 [myid:1] - DEBUG [main:ServletHandler@1440] - pathFilters=null
2026-08-18 07:04:31,747 [myid:1] - DEBUG [main:ServletHandler@1441] - servletFilterMap=null
2026-08-18 07:04:31,747 [myid:1] - DEBUG [main:ServletHandler@1442] - servletPathMap=PathMappings[size=2]
2026-08-18 07:04:31,747 [myid:1] - DEBUG [main:ServletHandler@1443] - servletNameMap={org.eclipse.jetty.servlet.ServletHandler$Default404Servlet-1b68ddbd=org.eclipse.jetty.servlet.ServletHandler$Default404Servlet-1b68ddbd@decedda9==org.eclipse.jetty.servlet.ServletHandler$Default404Servlet,jsp=null,order=-1,inst=false,async=true, org.apache.zookeeper.server.admin.JettyAdminServer$CommandServlet-3632be31=org.apache.zookeeper.server.admin.JettyAdminServer$CommandServlet-3632be31@b966e838==org.apache.zookeeper.server.admin.JettyAdminServer$CommandServlet,jsp=null,order=-1,inst=true,async=true}
2026-08-18 07:04:31,748 [myid:1] - DEBUG [main:AbstractHandler@110] - starting ServletHandler@49993335{STARTING}
2026-08-18 07:04:31,748 [myid:1] - DEBUG [main:AbstractLifeCycle@177] - STARTED @443ms ServletHandler@49993335{STARTED}
2026-08-18 07:04:31,748 [myid:1] - DEBUG [main:AbstractLifeCycle@185] - starting org.eclipse.jetty.server.session.DefaultSessionCache@711f39f9[evict=-1,removeUnloadable=false,saveOnCreate=false,saveOnInactiveEvict=false]
2026-08-18 07:04:31,748 [myid:1] - DEBUG [main:AbstractLifeCycle@185] - starting org.eclipse.jetty.server.session.NullSessionDataStore@4e7dc304[passivating=false,graceSec=3600]
2026-08-18 07:04:31,748 [myid:1] - DEBUG [main:AbstractLifeCycle@177] - STARTED @444ms org.eclipse.jetty.server.session.NullSessionDataStore@4e7dc304[passivating=false,graceSec=3600]
2026-08-18 07:04:31,749 [myid:1] - DEBUG [main:AbstractLifeCycle@177] - STARTED @444ms org.eclipse.jetty.server.session.DefaultSessionCache@711f39f9[evict=-1,removeUnloadable=false,saveOnCreate=false,saveOnInactiveEvict=false]
2026-08-18 07:04:31,749 [myid:1] - DEBUG [main:AbstractLifeCycle@177] - STARTED @444ms org.eclipse.jetty.server.session.SessionHandler1555690610==dftMaxIdleSec=-1
2026-08-18 07:04:31,751 [myid:1] - DEBUG [main:AbstractLifeCycle@185] - starting org.apache.zookeeper.server.admin.JettyAdminServer$CommandServlet-3632be31@b966e838==org.apache.zookeeper.server.admin.JettyAdminServer$CommandServlet,jsp=null,order=-1,inst=true,async=true
2026-08-18 07:04:31,752 [myid:1] - DEBUG [main:AbstractLifeCycle@177] - STARTED @447ms org.apache.zookeeper.server.admin.JettyAdminServer$CommandServlet-3632be31@b966e838==org.apache.zookeeper.server.admin.JettyAdminServer$CommandServlet,jsp=null,order=-1,inst=true,async=true
2026-08-18 07:04:31,753 [myid:1] - DEBUG [main:ServletHolder@670] - Servlet.init org.apache.zookeeper.server.admin.JettyAdminServer$CommandServlet@30a3107a for org.apache.zookeeper.server.admin.JettyAdminServer$CommandServlet-3632be31
2026-08-18 07:04:31,753 [myid:1] - DEBUG [main:AbstractLifeCycle@185] - starting org.eclipse.jetty.servlet.ServletHandler$Default404Servlet-1b68ddbd@decedda9==org.eclipse.jetty.servlet.ServletHandler$Default404Servlet,jsp=null,order=-1,inst=false,async=true
2026-08-18 07:04:31,753 [myid:1] - DEBUG [main:AbstractLifeCycle@177] - STARTED @448ms org.eclipse.jetty.servlet.ServletHandler$Default404Servlet-1b68ddbd@decedda9==org.eclipse.jetty.servlet.ServletHandler$Default404Servlet,jsp=null,order=-1,inst=false,async=true
2026-08-18 07:04:31,753 [myid:1] - INFO  [main:ContextHandler@855] - Started o.e.j.s.ServletContextHandler@6e1567f1{/,null,AVAILABLE}
2026-08-18 07:04:31,753 [myid:1] - DEBUG [main:AbstractLifeCycle@177] - STARTED @449ms o.e.j.s.ServletContextHandler@6e1567f1{/,null,AVAILABLE}
2026-08-18 07:04:31,753 [myid:1] - DEBUG [main:AbstractLifeCycle@185] - starting ErrorHandler@5f9d02cb{STOPPED}
2026-08-18 07:04:31,754 [myid:1] - DEBUG [main:AbstractHandler@110] - starting ErrorHandler@5f9d02cb{STARTING}
2026-08-18 07:04:31,754 [myid:1] - DEBUG [main:AbstractLifeCycle@177] - STARTED @449ms ErrorHandler@5f9d02cb{STARTED}
2026-08-18 07:04:31,754 [myid:1] - DEBUG [main:AbstractLifeCycle@185] - starting ServerConnector@4520ebad{HTTP/1.1,[http/1.1]}{0.0.0.0:8080}
2026-08-18 07:04:31,757 [myid:1] - DEBUG [main:ContainerLifeCycle@400] - ServerConnector@4520ebad{HTTP/1.1,[http/1.1]}{0.0.0.0:8080} added {sun.nio.ch.ServerSocketChannelImpl[/0:0:0:0:0:0:0:0:8080],POJO}
2026-08-18 07:04:31,758 [myid:1] - DEBUG [main:AbstractLifeCycle@185] - starting ScheduledExecutorScheduler@7c16905e{STOPPED}
2026-08-18 07:04:31,758 [myid:1] - DEBUG [main:AbstractLifeCycle@177] - STARTED @453ms ScheduledExecutorScheduler@7c16905e{STARTED}
2026-08-18 07:04:31,758 [myid:1] - DEBUG [main:AbstractLifeCycle@185] - starting HttpConnectionFactory@5034c75a[HTTP/1.1]
2026-08-18 07:04:31,758 [myid:1] - DEBUG [main:AbstractLifeCycle@177] - STARTED @454ms HttpConnectionFactory@5034c75a[HTTP/1.1]
2026-08-18 07:04:31,758 [myid:1] - DEBUG [main:AbstractLifeCycle@185] - starting SelectorManager@ServerConnector@4520ebad{HTTP/1.1,[http/1.1]}{0.0.0.0:8080}
2026-08-18 07:04:31,767 [myid:1] - DEBUG [main:ContainerLifeCycle@400] - EatWhatYouKill@1a8a8f7c/SelectorProducer@58c1670b/IDLE/p=false/QueuedThreadPool[qtp796533847]@2f7a2457{STARTED,8<=8<=200,i=8,q=0}[ReservedThreadExecutor@5bc79255{s=0/12,p=0}][pc=0,pic=0,pec=0,epc=0]@2026-08-18T07:04:31.765Z added {SelectorProducer@58c1670b,POJO}
2026-08-18 07:04:31,768 [myid:1] - DEBUG [main:ContainerLifeCycle@400] - EatWhatYouKill@1a8a8f7c/SelectorProducer@58c1670b/IDLE/p=false/QueuedThreadPool[qtp796533847]@2f7a2457{STARTED,8<=8<=200,i=8,q=0}[ReservedThreadExecutor@5bc79255{s=0/12,p=0}][pc=0,pic=0,pec=0,epc=0]@2026-08-18T07:04:31.768Z added {QueuedThreadPool[qtp796533847]@2f7a2457{STARTED,8<=8<=200,i=8,q=0}[ReservedThreadExecutor@5bc79255{s=0/12,p=0}],UNMANAGED}
2026-08-18 07:04:31,768 [myid:1] - DEBUG [main:EatWhatYouKill@90] - EatWhatYouKill@1a8a8f7c/SelectorProducer@58c1670b/IDLE/p=false/QueuedThreadPool[qtp796533847]@2f7a2457{STARTED,8<=8<=200,i=8,q=0}[ReservedThreadExecutor@5bc79255{s=0/12,p=0}][pc=0,pic=0,pec=0,epc=0]@2026-08-18T07:04:31.768Z created
2026-08-18 07:04:31,769 [myid:1] - DEBUG [main:ContainerLifeCycle@400] - ManagedSelector@60285225{STOPPED} id=0 keys=-1 selected=-1 updates=0 added {EatWhatYouKill@1a8a8f7c/SelectorProducer@58c1670b/IDLE/p=false/QueuedThreadPool[qtp796533847]@2f7a2457{STARTED,8<=8<=200,i=8,q=0}[ReservedThreadExecutor@5bc79255{s=0/12,p=0}][pc=0,pic=0,pec=0,epc=0]@2026-08-18T07:04:31.769Z,MANAGED}
2026-08-18 07:04:31,769 [myid:1] - DEBUG [main:ContainerLifeCycle@400] - SelectorManager@ServerConnector@4520ebad{HTTP/1.1,[http/1.1]}{0.0.0.0:8080} added {ManagedSelector@60285225{STOPPED} id=0 keys=-1 selected=-1 updates=0,AUTO}
2026-08-18 07:04:31,769 [myid:1] - DEBUG [main:ContainerLifeCycle@400] - EatWhatYouKill@7113b13f/SelectorProducer@45820e51/IDLE/p=false/QueuedThreadPool[qtp796533847]@2f7a2457{STARTED,8<=8<=200,i=8,q=0}[ReservedThreadExecutor@5bc79255{s=0/12,p=0}][pc=0,pic=0,pec=0,epc=0]@2026-08-18T07:04:31.769Z added {SelectorProducer@45820e51,POJO}
2026-08-18 07:04:31,770 [myid:1] - DEBUG [main:ContainerLifeCycle@400] - EatWhatYouKill@7113b13f/SelectorProducer@45820e51/IDLE/p=false/QueuedThreadPool[qtp796533847]@2f7a2457{STARTED,8<=8<=200,i=8,q=0}[ReservedThreadExecutor@5bc79255{s=0/12,p=0}][pc=0,pic=0,pec=0,epc=0]@2026-08-18T07:04:31.769Z added {QueuedThreadPool[qtp796533847]@2f7a2457{STARTED,8<=8<=200,i=8,q=0}[ReservedThreadExecutor@5bc79255{s=0/12,p=0}],UNMANAGED}
2026-08-18 07:04:31,770 [myid:1] - DEBUG [main:EatWhatYouKill@90] - EatWhatYouKill@7113b13f/SelectorProducer@45820e51/IDLE/p=false/QueuedThreadPool[qtp796533847]@2f7a2457{STARTED,8<=8<=200,i=8,q=0}[ReservedThreadExecutor@5bc79255{s=0/12,p=0}][pc=0,pic=0,pec=0,epc=0]@2026-08-18T07:04:31.77Z created
2026-08-18 07:04:31,770 [myid:1] - DEBUG [main:ContainerLifeCycle@400] - ManagedSelector@42d8062c{STOPPED} id=1 keys=-1 selected=-1 updates=0 added {EatWhatYouKill@7113b13f/SelectorProducer@45820e51/IDLE/p=false/QueuedThreadPool[qtp796533847]@2f7a2457{STARTED,8<=8<=200,i=8,q=0}[ReservedThreadExecutor@5bc79255{s=0/12,p=0}][pc=0,pic=0,pec=0,epc=0]@2026-08-18T07:04:31.77Z,MANAGED}
2026-08-18 07:04:31,770 [myid:1] - DEBUG [main:ContainerLifeCycle@400] - SelectorManager@ServerConnector@4520ebad{HTTP/1.1,[http/1.1]}{0.0.0.0:8080} added {ManagedSelector@42d8062c{STOPPED} id=1 keys=-1 selected=-1 updates=0,AUTO}
2026-08-18 07:04:31,771 [myid:1] - DEBUG [main:ContainerLifeCycle@400] - EatWhatYouKill@6043cd28/SelectorProducer@cb51256/IDLE/p=false/QueuedThreadPool[qtp796533847]@2f7a2457{STARTED,8<=8<=200,i=8,q=0}[ReservedThreadExecutor@5bc79255{s=0/12,p=0}][pc=0,pic=0,pec=0,epc=0]@2026-08-18T07:04:31.771Z added {SelectorProducer@cb51256,POJO}
2026-08-18 07:04:31,771 [myid:1] - DEBUG [main:ContainerLifeCycle@400] - EatWhatYouKill@6043cd28/SelectorProducer@cb51256/IDLE/p=false/QueuedThreadPool[qtp796533847]@2f7a2457{STARTED,8<=8<=200,i=8,q=0}[ReservedThreadExecutor@5bc79255{s=0/12,p=0}][pc=0,pic=0,pec=0,epc=0]@2026-08-18T07:04:31.771Z added {QueuedThreadPool[qtp796533847]@2f7a2457{STARTED,8<=8<=200,i=8,q=0}[ReservedThreadExecutor@5bc79255{s=0/12,p=0}],UNMANAGED}
2026-08-18 07:04:31,771 [myid:1] - DEBUG [main:EatWhatYouKill@90] - EatWhatYouKill@6043cd28/SelectorProducer@cb51256/IDLE/p=false/QueuedThreadPool[qtp796533847]@2f7a2457{STARTED,8<=8<=200,i=8,q=0}[ReservedThreadExecutor@5bc79255{s=0/12,p=0}][pc=0,pic=0,pec=0,epc=0]@2026-08-18T07:04:31.771Z created
2026-08-18 07:04:31,772 [myid:1] - DEBUG [main:ContainerLifeCycle@400] - ManagedSelector@59906517{STOPPED} id=2 keys=-1 selected=-1 updates=0 added {EatWhatYouKill@6043cd28/SelectorProducer@cb51256/IDLE/p=false/QueuedThreadPool[qtp796533847]@2f7a2457{STARTED,8<=8<=200,i=8,q=0}[ReservedThreadExecutor@5bc79255{s=0/12,p=0}][pc=0,pic=0,pec=0,epc=0]@2026-08-18T07:04:31.772Z,MANAGED}
2026-08-18 07:04:31,772 [myid:1] - DEBUG [main:ContainerLifeCycle@400] - SelectorManager@ServerConnector@4520ebad{HTTP/1.1,[http/1.1]}{0.0.0.0:8080} added {ManagedSelector@59906517{STOPPED} id=2 keys=-1 selected=-1 updates=0,AUTO}
2026-08-18 07:04:31,773 [myid:1] - DEBUG [main:ContainerLifeCycle@400] - EatWhatYouKill@5bfbf16f/SelectorProducer@25af5db5/IDLE/p=false/QueuedThreadPool[qtp796533847]@2f7a2457{STARTED,8<=8<=200,i=8,q=0}[ReservedThreadExecutor@5bc79255{s=0/12,p=0}][pc=0,pic=0,pec=0,epc=0]@2026-08-18T07:04:31.772Z added {SelectorProducer@25af5db5,POJO}
2026-08-18 07:04:31,773 [myid:1] - DEBUG [main:ContainerLifeCycle@400] - EatWhatYouKill@5bfbf16f/SelectorProducer@25af5db5/IDLE/p=false/QueuedThreadPool[qtp796533847]@2f7a2457{STARTED,8<=8<=200,i=8,q=0}[ReservedThreadExecutor@5bc79255{s=0/12,p=0}][pc=0,pic=0,pec=0,epc=0]@2026-08-18T07:04:31.773Z added {QueuedThreadPool[qtp796533847]@2f7a2457{STARTED,8<=8<=200,i=8,q=0}[ReservedThreadExecutor@5bc79255{s=0/12,p=0}],UNMANAGED}
2026-08-18 07:04:31,773 [myid:1] - DEBUG [main:EatWhatYouKill@90] - EatWhatYouKill@5bfbf16f/SelectorProducer@25af5db5/IDLE/p=false/QueuedThreadPool[qtp796533847]@2f7a2457{STARTED,8<=8<=200,i=8,q=0}[ReservedThreadExecutor@5bc79255{s=0/12,p=0}][pc=0,pic=0,pec=0,epc=0]@2026-08-18T07:04:31.773Z created
2026-08-18 07:04:31,774 [myid:1] - DEBUG [main:ContainerLifeCycle@400] - ManagedSelector@12cdcf4{STOPPED} id=3 keys=-1 selected=-1 updates=0 added {EatWhatYouKill@5bfbf16f/SelectorProducer@25af5db5/IDLE/p=false/QueuedThreadPool[qtp796533847]@2f7a2457{STARTED,8<=8<=200,i=8,q=0}[ReservedThreadExecutor@5bc79255{s=0/12,p=0}][pc=0,pic=0,pec=0,epc=0]@2026-08-18T07:04:31.773Z,MANAGED}
2026-08-18 07:04:31,774 [myid:1] - DEBUG [main:ContainerLifeCycle@400] - SelectorManager@ServerConnector@4520ebad{HTTP/1.1,[http/1.1]}{0.0.0.0:8080} added {ManagedSelector@12cdcf4{STOPPED} id=3 keys=-1 selected=-1 updates=0,AUTO}
2026-08-18 07:04:31,774 [myid:1] - DEBUG [main:ContainerLifeCycle@400] - EatWhatYouKill@5bcea91b/SelectorProducer@5f3a4b84/IDLE/p=false/QueuedThreadPool[qtp796533847]@2f7a2457{STARTED,8<=8<=200,i=8,q=0}[ReservedThreadExecutor@5bc79255{s=0/12,p=0}][pc=0,pic=0,pec=0,epc=0]@2026-08-18T07:04:31.774Z added {SelectorProducer@5f3a4b84,POJO}
2026-08-18 07:04:31,775 [myid:1] - DEBUG [main:ContainerLifeCycle@400] - EatWhatYouKill@5bcea91b/SelectorProducer@5f3a4b84/IDLE/p=false/QueuedThreadPool[qtp796533847]@2f7a2457{STARTED,8<=8<=200,i=8,q=0}[ReservedThreadExecutor@5bc79255{s=0/12,p=0}][pc=0,pic=0,pec=0,epc=0]@2026-08-18T07:04:31.774Z added {QueuedThreadPool[qtp796533847]@2f7a2457{STARTED,8<=8<=200,i=8,q=0}[ReservedThreadExecutor@5bc79255{s=0/12,p=0}],UNMANAGED}
2026-08-18 07:04:31,775 [myid:1] - DEBUG [main:EatWhatYouKill@90] - EatWhatYouKill@5bcea91b/SelectorProducer@5f3a4b84/IDLE/p=false/QueuedThreadPool[qtp796533847]@2f7a2457{STARTED,8<=8<=200,i=8,q=0}[ReservedThreadExecutor@5bc79255{s=0/12,p=0}][pc=0,pic=0,pec=0,epc=0]@2026-08-18T07:04:31.775Z created
2026-08-18 07:04:31,775 [myid:1] - DEBUG [main:ContainerLifeCycle@400] - ManagedSelector@27f723{STOPPED} id=4 keys=-1 selected=-1 updates=0 added {EatWhatYouKill@5bcea91b/SelectorProducer@5f3a4b84/IDLE/p=false/QueuedThreadPool[qtp796533847]@2f7a2457{STARTED,8<=8<=200,i=8,q=0}[ReservedThreadExecutor@5bc79255{s=0/12,p=0}][pc=0,pic=0,pec=0,epc=0]@2026-08-18T07:04:31.775Z,MANAGED}
2026-08-18 07:04:31,775 [myid:1] - DEBUG [main:ContainerLifeCycle@400] - SelectorManager@ServerConnector@4520ebad{HTTP/1.1,[http/1.1]}{0.0.0.0:8080} added {ManagedSelector@27f723{STOPPED} id=4 keys=-1 selected=-1 updates=0,AUTO}
2026-08-18 07:04:31,776 [myid:1] - DEBUG [main:ContainerLifeCycle@400] - EatWhatYouKill@670b40af/SelectorProducer@4923ab24/IDLE/p=false/QueuedThreadPool[qtp796533847]@2f7a2457{STARTED,8<=8<=200,i=8,q=0}[ReservedThreadExecutor@5bc79255{s=0/12,p=0}][pc=0,pic=0,pec=0,epc=0]@2026-08-18T07:04:31.776Z added {SelectorProducer@4923ab24,POJO}
2026-08-18 07:04:31,776 [myid:1] - DEBUG [main:ContainerLifeCycle@400] - EatWhatYouKill@670b40af/SelectorProducer@4923ab24/IDLE/p=false/QueuedThreadPool[qtp796533847]@2f7a2457{STARTED,8<=8<=200,i=8,q=0}[ReservedThreadExecutor@5bc79255{s=0/12,p=0}][pc=0,pic=0,pec=0,epc=0]@2026-08-18T07:04:31.776Z added {QueuedThreadPool[qtp796533847]@2f7a2457{STARTED,8<=8<=200,i=8,q=0}[ReservedThreadExecutor@5bc79255{s=0/12,p=0}],UNMANAGED}
2026-08-18 07:04:31,776 [myid:1] - DEBUG [main:EatWhatYouKill@90] - EatWhatYouKill@670b40af/SelectorProducer@4923ab24/IDLE/p=false/QueuedThreadPool[qtp796533847]@2f7a2457{STARTED,8<=8<=200,i=8,q=0}[ReservedThreadExecutor@5bc79255{s=0/12,p=0}][pc=0,pic=0,pec=0,epc=0]@2026-08-18T07:04:31.776Z created
2026-08-18 07:04:31,777 [myid:1] - DEBUG [main:ContainerLifeCycle@400] - ManagedSelector@44c8afef{STOPPED} id=5 keys=-1 selected=-1 updates=0 added {EatWhatYouKill@670b40af/SelectorProducer@4923ab24/IDLE/p=false/QueuedThreadPool[qtp796533847]@2f7a2457{STARTED,8<=8<=200,i=8,q=0}[ReservedThreadExecutor@5bc79255{s=0/12,p=0}][pc=0,pic=0,pec=0,epc=0]@2026-08-18T07:04:31.777Z,MANAGED}
2026-08-18 07:04:31,777 [myid:1] - DEBUG [main:ContainerLifeCycle@400] - SelectorManager@ServerConnector@4520ebad{HTTP/1.1,[http/1.1]}{0.0.0.0:8080} added {ManagedSelector@44c8afef{STOPPED} id=5 keys=-1 selected=-1 updates=0,AUTO}
2026-08-18 07:04:31,777 [myid:1] - DEBUG [main:AbstractLifeCycle@185] - starting ManagedSelector@60285225{STOPPED} id=0 keys=-1 selected=-1 updates=0
2026-08-18 07:04:31,777 [myid:1] - DEBUG [main:AbstractLifeCycle@185] - starting EatWhatYouKill@1a8a8f7c/SelectorProducer@58c1670b/IDLE/p=false/QueuedThreadPool[qtp796533847]@2f7a2457{STARTED,8<=8<=200,i=8,q=0}[ReservedThreadExecutor@5bc79255{s=0/12,p=0}][pc=0,pic=0,pec=0,epc=0]@2026-08-18T07:04:31.777Z
2026-08-18 07:04:31,778 [myid:1] - DEBUG [main:AbstractLifeCycle@177] - STARTED @473ms EatWhatYouKill@1a8a8f7c/SelectorProducer@58c1670b/IDLE/p=false/QueuedThreadPool[qtp796533847]@2f7a2457{STARTED,8<=8<=200,i=8,q=0}[ReservedThreadExecutor@5bc79255{s=0/12,p=0}][pc=0,pic=0,pec=0,epc=0]@2026-08-18T07:04:31.778Z
2026-08-18 07:04:31,780 [myid:1] - DEBUG [main:QueuedThreadPool@467] - queue org.eclipse.jetty.io.ManagedSelector$$Lambda$29/317986356@13c27452
2026-08-18 07:04:31,780 [myid:1] - DEBUG [qtp796533847-12:QueuedThreadPool$2@742] - run org.eclipse.jetty.io.ManagedSelector$$Lambda$29/317986356@13c27452
2026-08-18 07:04:31,781 [myid:1] - DEBUG [main:ManagedSelector@160] - Queued change org.eclipse.jetty.io.ManagedSelector$Start@262b2c86 on ManagedSelector@60285225{STARTING} id=0 keys=0 selected=0 updates=0
2026-08-18 07:04:31,781 [myid:1] - DEBUG [qtp796533847-12:EatWhatYouKill@138] - EatWhatYouKill@1a8a8f7c/SelectorProducer@58c1670b/IDLE/p=false/QueuedThreadPool[qtp796533847]@2f7a2457{STARTED,8<=8<=200,i=7,q=0}[ReservedThreadExecutor@5bc79255{s=0/12,p=0}][pc=0,pic=0,pec=0,epc=0]@2026-08-18T07:04:31.781Z tryProduce false
2026-08-18 07:04:31,782 [myid:1] - DEBUG [qtp796533847-12:ManagedSelector$SelectorProducer@416] - updateable 1
2026-08-18 07:04:31,782 [myid:1] - DEBUG [qtp796533847-12:ManagedSelector$SelectorProducer@425] - update org.eclipse.jetty.io.ManagedSelector$Start@262b2c86
2026-08-18 07:04:31,782 [myid:1] - DEBUG [qtp796533847-12:ManagedSelector$SelectorProducer@445] - updates 0
2026-08-18 07:04:31,782 [myid:1] - DEBUG [main:AbstractLifeCycle@177] - STARTED @478ms ManagedSelector@60285225{STARTED} id=0 keys=0 selected=0 updates=0
2026-08-18 07:04:31,782 [myid:1] - DEBUG [qtp796533847-12:ManagedSelector$SelectorProducer@463] - Selector sun.nio.ch.EPollSelectorImpl@3f643349 waiting with 0 keys
2026-08-18 07:04:31,783 [myid:1] - DEBUG [main:AbstractLifeCycle@185] - starting ManagedSelector@42d8062c{STOPPED} id=1 keys=-1 selected=-1 updates=0
2026-08-18 07:04:31,783 [myid:1] - DEBUG [main:AbstractLifeCycle@185] - starting EatWhatYouKill@7113b13f/SelectorProducer@45820e51/IDLE/p=false/QueuedThreadPool[qtp796533847]@2f7a2457{STARTED,8<=8<=200,i=7,q=0}[ReservedThreadExecutor@5bc79255{s=0/12,p=0}][pc=0,pic=0,pec=0,epc=0]@2026-08-18T07:04:31.783Z
2026-08-18 07:04:31,783 [myid:1] - DEBUG [main:AbstractLifeCycle@177] - STARTED @478ms EatWhatYouKill@7113b13f/SelectorProducer@45820e51/IDLE/p=false/QueuedThreadPool[qtp796533847]@2f7a2457{STARTED,8<=8<=200,i=7,q=0}[ReservedThreadExecutor@5bc79255{s=0/12,p=0}][pc=0,pic=0,pec=0,epc=0]@2026-08-18T07:04:31.783Z
2026-08-18 07:04:31,783 [myid:1] - DEBUG [main:QueuedThreadPool@467] - queue org.eclipse.jetty.io.ManagedSelector$$Lambda$29/317986356@371a67ec
2026-08-18 07:04:31,783 [myid:1] - DEBUG [qtp796533847-13:QueuedThreadPool$2@742] - run org.eclipse.jetty.io.ManagedSelector$$Lambda$29/317986356@371a67ec
2026-08-18 07:04:31,783 [myid:1] - DEBUG [main:ManagedSelector@160] - Queued change org.eclipse.jetty.io.ManagedSelector$Start@5ed828d on ManagedSelector@42d8062c{STARTING} id=1 keys=0 selected=0 updates=0
2026-08-18 07:04:31,784 [myid:1] - DEBUG [qtp796533847-13:EatWhatYouKill@138] - EatWhatYouKill@7113b13f/SelectorProducer@45820e51/IDLE/p=false/QueuedThreadPool[qtp796533847]@2f7a2457{STARTED,8<=8<=200,i=6,q=0}[ReservedThreadExecutor@5bc79255{s=0/12,p=0}][pc=0,pic=0,pec=0,epc=0]@2026-08-18T07:04:31.784Z tryProduce false
2026-08-18 07:04:31,784 [myid:1] - DEBUG [qtp796533847-13:ManagedSelector$SelectorProducer@416] - updateable 1
2026-08-18 07:04:31,784 [myid:1] - DEBUG [qtp796533847-13:ManagedSelector$SelectorProducer@425] - update org.eclipse.jetty.io.ManagedSelector$Start@5ed828d
2026-08-18 07:04:31,784 [myid:1] - DEBUG [qtp796533847-13:ManagedSelector$SelectorProducer@445] - updates 0
2026-08-18 07:04:31,784 [myid:1] - DEBUG [main:AbstractLifeCycle@177] - STARTED @479ms ManagedSelector@42d8062c{STARTED} id=1 keys=0 selected=0 updates=0
2026-08-18 07:04:31,784 [myid:1] - DEBUG [qtp796533847-13:ManagedSelector$SelectorProducer@463] - Selector sun.nio.ch.EPollSelectorImpl@77fea214 waiting with 0 keys
2026-08-18 07:04:31,784 [myid:1] - DEBUG [main:AbstractLifeCycle@185] - starting ManagedSelector@59906517{STOPPED} id=2 keys=-1 selected=-1 updates=0
2026-08-18 07:04:31,785 [myid:1] - DEBUG [main:AbstractLifeCycle@185] - starting EatWhatYouKill@6043cd28/SelectorProducer@cb51256/IDLE/p=false/QueuedThreadPool[qtp796533847]@2f7a2457{STARTED,8<=8<=200,i=6,q=0}[ReservedThreadExecutor@5bc79255{s=0/12,p=0}][pc=0,pic=0,pec=0,epc=0]@2026-08-18T07:04:31.784Z
2026-08-18 07:04:31,785 [myid:1] - DEBUG [main:AbstractLifeCycle@177] - STARTED @480ms EatWhatYouKill@6043cd28/SelectorProducer@cb51256/IDLE/p=false/QueuedThreadPool[qtp796533847]@2f7a2457{STARTED,8<=8<=200,i=6,q=0}[ReservedThreadExecutor@5bc79255{s=0/12,p=0}][pc=0,pic=0,pec=0,epc=0]@2026-08-18T07:04:31.785Z
2026-08-18 07:04:31,785 [myid:1] - DEBUG [main:QueuedThreadPool@467] - queue org.eclipse.jetty.io.ManagedSelector$$Lambda$29/317986356@50d0686
2026-08-18 07:04:31,785 [myid:1] - DEBUG [qtp796533847-14:QueuedThreadPool$2@742] - run org.eclipse.jetty.io.ManagedSelector$$Lambda$29/317986356@50d0686
2026-08-18 07:04:31,785 [myid:1] - DEBUG [main:ManagedSelector@160] - Queued change org.eclipse.jetty.io.ManagedSelector$Start@7a3d45bd on ManagedSelector@59906517{STARTING} id=2 keys=0 selected=0 updates=0
2026-08-18 07:04:31,785 [myid:1] - DEBUG [qtp796533847-14:EatWhatYouKill@138] - EatWhatYouKill@6043cd28/SelectorProducer@cb51256/IDLE/p=false/QueuedThreadPool[qtp796533847]@2f7a2457{STARTED,8<=8<=200,i=5,q=0}[ReservedThreadExecutor@5bc79255{s=0/12,p=0}][pc=0,pic=0,pec=0,epc=0]@2026-08-18T07:04:31.785Z tryProduce false
2026-08-18 07:04:31,785 [myid:1] - DEBUG [qtp796533847-14:ManagedSelector$SelectorProducer@416] - updateable 1
2026-08-18 07:04:31,786 [myid:1] - DEBUG [qtp796533847-14:ManagedSelector$SelectorProducer@425] - update org.eclipse.jetty.io.ManagedSelector$Start@7a3d45bd
2026-08-18 07:04:31,786 [myid:1] - DEBUG [qtp796533847-14:ManagedSelector$SelectorProducer@445] - updates 0
2026-08-18 07:04:31,786 [myid:1] - DEBUG [qtp796533847-14:ManagedSelector$SelectorProducer@463] - Selector sun.nio.ch.EPollSelectorImpl@69bac0df waiting with 0 keys
2026-08-18 07:04:31,786 [myid:1] - DEBUG [main:AbstractLifeCycle@177] - STARTED @481ms ManagedSelector@59906517{STARTED} id=2 keys=0 selected=0 updates=0
2026-08-18 07:04:31,786 [myid:1] - DEBUG [main:AbstractLifeCycle@185] - starting ManagedSelector@12cdcf4{STOPPED} id=3 keys=-1 selected=-1 updates=0
2026-08-18 07:04:31,786 [myid:1] - DEBUG [main:AbstractLifeCycle@185] - starting EatWhatYouKill@5bfbf16f/SelectorProducer@25af5db5/IDLE/p=false/QueuedThreadPool[qtp796533847]@2f7a2457{STARTED,8<=8<=200,i=5,q=0}[ReservedThreadExecutor@5bc79255{s=0/12,p=0}][pc=0,pic=0,pec=0,epc=0]@2026-08-18T07:04:31.786Z
2026-08-18 07:04:31,787 [myid:1] - DEBUG [main:AbstractLifeCycle@177] - STARTED @482ms EatWhatYouKill@5bfbf16f/SelectorProducer@25af5db5/IDLE/p=false/QueuedThreadPool[qtp796533847]@2f7a2457{STARTED,8<=8<=200,i=5,q=0}[ReservedThreadExecutor@5bc79255{s=0/12,p=0}][pc=0,pic=0,pec=0,epc=0]@2026-08-18T07:04:31.787Z
2026-08-18 07:04:31,787 [myid:1] - DEBUG [main:QueuedThreadPool@467] - queue org.eclipse.jetty.io.ManagedSelector$$Lambda$29/317986356@1e7c7811
2026-08-18 07:04:31,787 [myid:1] - DEBUG [qtp796533847-15:QueuedThreadPool$2@742] - run org.eclipse.jetty.io.ManagedSelector$$Lambda$29/317986356@1e7c7811
2026-08-18 07:04:31,787 [myid:1] - DEBUG [main:ManagedSelector@160] - Queued change org.eclipse.jetty.io.ManagedSelector$Start@77ec78b9 on ManagedSelector@12cdcf4{STARTING} id=3 keys=0 selected=0 updates=0
2026-08-18 07:04:31,787 [myid:1] - DEBUG [qtp796533847-15:EatWhatYouKill@138] - EatWhatYouKill@5bfbf16f/SelectorProducer@25af5db5/IDLE/p=false/QueuedThreadPool[qtp796533847]@2f7a2457{STARTED,8<=8<=200,i=4,q=0}[ReservedThreadExecutor@5bc79255{s=0/12,p=0}][pc=0,pic=0,pec=0,epc=0]@2026-08-18T07:04:31.787Z tryProduce false
2026-08-18 07:04:31,787 [myid:1] - DEBUG [qtp796533847-15:ManagedSelector$SelectorProducer@416] - updateable 1
2026-08-18 07:04:31,787 [myid:1] - DEBUG [qtp796533847-15:ManagedSelector$SelectorProducer@425] - update org.eclipse.jetty.io.ManagedSelector$Start@77ec78b9
2026-08-18 07:04:31,787 [myid:1] - DEBUG [qtp796533847-15:ManagedSelector$SelectorProducer@445] - updates 0
2026-08-18 07:04:31,788 [myid:1] - DEBUG [main:AbstractLifeCycle@177] - STARTED @483ms ManagedSelector@12cdcf4{STARTED} id=3 keys=0 selected=0 updates=0
2026-08-18 07:04:31,788 [myid:1] - DEBUG [qtp796533847-15:ManagedSelector$SelectorProducer@463] - Selector sun.nio.ch.EPollSelectorImpl@19dad439 waiting with 0 keys
2026-08-18 07:04:31,788 [myid:1] - DEBUG [main:AbstractLifeCycle@185] - starting ManagedSelector@27f723{STOPPED} id=4 keys=-1 selected=-1 updates=0
2026-08-18 07:04:31,788 [myid:1] - DEBUG [main:AbstractLifeCycle@185] - starting EatWhatYouKill@5bcea91b/SelectorProducer@5f3a4b84/IDLE/p=false/QueuedThreadPool[qtp796533847]@2f7a2457{STARTED,8<=8<=200,i=4,q=0}[ReservedThreadExecutor@5bc79255{s=0/12,p=0}][pc=0,pic=0,pec=0,epc=0]@2026-08-18T07:04:31.788Z
2026-08-18 07:04:31,788 [myid:1] - DEBUG [main:AbstractLifeCycle@177] - STARTED @483ms EatWhatYouKill@5bcea91b/SelectorProducer@5f3a4b84/IDLE/p=false/QueuedThreadPool[qtp796533847]@2f7a2457{STARTED,8<=8<=200,i=4,q=0}[ReservedThreadExecutor@5bc79255{s=0/12,p=0}][pc=0,pic=0,pec=0,epc=0]@2026-08-18T07:04:31.788Z
2026-08-18 07:04:31,788 [myid:1] - DEBUG [main:QueuedThreadPool@467] - queue org.eclipse.jetty.io.ManagedSelector$$Lambda$29/317986356@1a3869f4
2026-08-18 07:04:31,789 [myid:1] - DEBUG [qtp796533847-16:QueuedThreadPool$2@742] - run org.eclipse.jetty.io.ManagedSelector$$Lambda$29/317986356@1a3869f4
2026-08-18 07:04:31,789 [myid:1] - DEBUG [main:ManagedSelector@160] - Queued change org.eclipse.jetty.io.ManagedSelector$Start@a38d7a3 on ManagedSelector@27f723{STARTING} id=4 keys=0 selected=0 updates=0
2026-08-18 07:04:31,789 [myid:1] - DEBUG [qtp796533847-16:EatWhatYouKill@138] - EatWhatYouKill@5bcea91b/SelectorProducer@5f3a4b84/IDLE/p=false/QueuedThreadPool[qtp796533847]@2f7a2457{STARTED,8<=8<=200,i=3,q=0}[ReservedThreadExecutor@5bc79255{s=0/12,p=0}][pc=0,pic=0,pec=0,epc=0]@2026-08-18T07:04:31.789Z tryProduce false
2026-08-18 07:04:31,789 [myid:1] - DEBUG [qtp796533847-16:ManagedSelector$SelectorProducer@416] - updateable 1
2026-08-18 07:04:31,789 [myid:1] - DEBUG [qtp796533847-16:ManagedSelector$SelectorProducer@425] - update org.eclipse.jetty.io.ManagedSelector$Start@a38d7a3
2026-08-18 07:04:31,789 [myid:1] - DEBUG [qtp796533847-16:ManagedSelector$SelectorProducer@445] - updates 0
2026-08-18 07:04:31,789 [myid:1] - DEBUG [main:AbstractLifeCycle@177] - STARTED @485ms ManagedSelector@27f723{STARTED} id=4 keys=0 selected=0 updates=0
2026-08-18 07:04:31,789 [myid:1] - DEBUG [qtp796533847-16:ManagedSelector$SelectorProducer@463] - Selector sun.nio.ch.EPollSelectorImpl@3c92d166 waiting with 0 keys
2026-08-18 07:04:31,789 [myid:1] - DEBUG [main:AbstractLifeCycle@185] - starting ManagedSelector@44c8afef{STOPPED} id=5 keys=-1 selected=-1 updates=0
2026-08-18 07:04:31,790 [myid:1] - DEBUG [main:AbstractLifeCycle@185] - starting EatWhatYouKill@670b40af/SelectorProducer@4923ab24/IDLE/p=false/QueuedThreadPool[qtp796533847]@2f7a2457{STARTED,8<=8<=200,i=3,q=0}[ReservedThreadExecutor@5bc79255{s=0/12,p=0}][pc=0,pic=0,pec=0,epc=0]@2026-08-18T07:04:31.79Z
2026-08-18 07:04:31,790 [myid:1] - DEBUG [main:AbstractLifeCycle@177] - STARTED @485ms EatWhatYouKill@670b40af/SelectorProducer@4923ab24/IDLE/p=false/QueuedThreadPool[qtp796533847]@2f7a2457{STARTED,8<=8<=200,i=3,q=0}[ReservedThreadExecutor@5bc79255{s=0/12,p=0}][pc=0,pic=0,pec=0,epc=0]@2026-08-18T07:04:31.79Z
2026-08-18 07:04:31,790 [myid:1] - DEBUG [main:QueuedThreadPool@467] - queue org.eclipse.jetty.io.ManagedSelector$$Lambda$29/317986356@77f99a05
2026-08-18 07:04:31,790 [myid:1] - DEBUG [qtp796533847-17:QueuedThreadPool$2@742] - run org.eclipse.jetty.io.ManagedSelector$$Lambda$29/317986356@77f99a05
2026-08-18 07:04:31,790 [myid:1] - DEBUG [main:ManagedSelector@160] - Queued change org.eclipse.jetty.io.ManagedSelector$Start@63440df3 on ManagedSelector@44c8afef{STARTING} id=5 keys=0 selected=0 updates=0
2026-08-18 07:04:31,790 [myid:1] - DEBUG [qtp796533847-17:EatWhatYouKill@138] - EatWhatYouKill@670b40af/SelectorProducer@4923ab24/IDLE/p=false/QueuedThreadPool[qtp796533847]@2f7a2457{STARTED,8<=8<=200,i=2,q=0}[ReservedThreadExecutor@5bc79255{s=0/12,p=0}][pc=0,pic=0,pec=0,epc=0]@2026-08-18T07:04:31.79Z tryProduce false
2026-08-18 07:04:31,790 [myid:1] - DEBUG [qtp796533847-17:ManagedSelector$SelectorProducer@416] - updateable 1
2026-08-18 07:04:31,791 [myid:1] - DEBUG [qtp796533847-17:ManagedSelector$SelectorProducer@425] - update org.eclipse.jetty.io.ManagedSelector$Start@63440df3
2026-08-18 07:04:31,791 [myid:1] - DEBUG [qtp796533847-17:ManagedSelector$SelectorProducer@445] - updates 0
2026-08-18 07:04:31,791 [myid:1] - DEBUG [main:AbstractLifeCycle@177] - STARTED @486ms ManagedSelector@44c8afef{STARTED} id=5 keys=0 selected=0 updates=0
2026-08-18 07:04:31,791 [myid:1] - DEBUG [qtp796533847-17:ManagedSelector$SelectorProducer@463] - Selector sun.nio.ch.EPollSelectorImpl@3e953557 waiting with 0 keys
2026-08-18 07:04:31,791 [myid:1] - DEBUG [main:AbstractLifeCycle@177] - STARTED @486ms SelectorManager@ServerConnector@4520ebad{HTTP/1.1,[http/1.1]}{0.0.0.0:8080}
2026-08-18 07:04:31,792 [myid:1] - DEBUG [main:ContainerLifeCycle@400] - ServerConnector@4520ebad{HTTP/1.1,[http/1.1]}{0.0.0.0:8080} added {acceptor-0@4d3167f4,POJO}
2026-08-18 07:04:31,792 [myid:1] - DEBUG [main:QueuedThreadPool@467] - queue acceptor-0@4d3167f4
2026-08-18 07:04:31,792 [myid:1] - DEBUG [qtp796533847-18:QueuedThreadPool$2@742] - run acceptor-0@4d3167f4
2026-08-18 07:04:31,792 [myid:1] - INFO  [main:AbstractConnector@292] - Started ServerConnector@4520ebad{HTTP/1.1,[http/1.1]}{0.0.0.0:8080}
2026-08-18 07:04:31,792 [myid:1] - DEBUG [main:AbstractLifeCycle@177] - STARTED @487ms ServerConnector@4520ebad{HTTP/1.1,[http/1.1]}{0.0.0.0:8080}
2026-08-18 07:04:31,792 [myid:1] - INFO  [main:Server@410] - Started @488ms
2026-08-18 07:04:31,792 [myid:1] - DEBUG [main:AbstractLifeCycle@177] - STARTED @488ms Server@38082d64{STARTED}[9.4.17.v20190418]
2026-08-18 07:04:31,792 [myid:1] - INFO  [main:JettyAdminServer@112] - Started AdminServer on address 0.0.0.0, port 8080 and command URL /commands
2026-08-18 07:04:31,796 [myid:1] - INFO  [main:ServerCnxnFactory@135] - Using org.apache.zookeeper.server.NIOServerCnxnFactory as server connection factory
2026-08-18 07:04:31,798 [myid:1] - INFO  [main:NIOServerCnxnFactory@673] - Configuring NIO connection handler with 10s sessionless connection timeout, 2 selector thread(s), 24 worker threads, and 64 kB direct buffers.
2026-08-18 07:04:31,799 [myid:1] - INFO  [main:NIOServerCnxnFactory@686] - binding to port /0.0.0.0:2181
2026-08-18 07:04:31,808 [myid:1] - INFO  [main:ZKDatabase@117] - zookeeper.snapshotSizeFactor = 0.33
2026-08-18 07:04:31,809 [myid:1] - INFO  [main:FileSnap@83] - Reading snapshot /data/version-2/snapshot.0
2026-08-18 07:04:31,812 [myid:1] - DEBUG [main:FileTxnLog$FileTxnIterator@655] - Created new input stream /datalog/version-2/log.1
2026-08-18 07:04:31,812 [myid:1] - DEBUG [main:FileTxnLog$FileTxnIterator@658] - Created new input archive /datalog/version-2/log.1
2026-08-18 07:04:31,813 [myid:1] - TRACE [main:ZooTrace@71] - playLog --- create session in log: 0x10013915d9b0000 with timeout: 15000
2026-08-18 07:04:31,837 [myid:1] - TRACE [main:ZooTrace@71] - playLog --- close session in log: 0x10013915d9b0000
2026-08-18 07:04:31,837 [myid:1] - DEBUG [main:FileTxnLog$FileTxnIterator@696] - EOF exception java.io.EOFException: Failed to read /datalog/version-2/log.1
2026-08-18 07:04:31,837 [myid:1] - INFO  [main:FileTxnSnapLog@372] - Snapshotting: 0x4 to /data/version-2/snapshot.4
2026-08-18 07:04:31,857 [myid:1] - INFO  [main:ContainerManager@64] - Using checkIntervalMs=60000 maxPerMinute=10000
2026-08-18 07:05:09,835 [myid:1] - DEBUG [NIOServerCxnFactory.AcceptThread:/0.0.0.0:2181:NIOServerCnxnFactory$AcceptThread@296] - Accepted socket connection from /172.18.0.2:52220
2026-08-18 07:05:09,843 [myid:1] - DEBUG [NIOWorkerThread-1:ZooKeeperServer@1001] - Session establishment request from client /172.18.0.2:52220 client's lastZxid is 0x0
2026-08-18 07:05:09,844 [myid:1] - DEBUG [NIOWorkerThread-1:SessionTrackerImpl@274] - Adding session 0x100139388ff0000
2026-08-18 07:05:09,844 [myid:1] - TRACE [NIOWorkerThread-1:ZooTrace@71] - SessionTrackerImpl --- Adding session 0x100139388ff0000 5000
2026-08-18 07:05:09,845 [myid:1] - DEBUG [NIOWorkerThread-1:ZooKeeperServer@1052] - Client attempting to establish new session: session = 0x100139388ff0000, zxid = 0x0, timeout = 5000, address = /172.18.0.2:52220
2026-08-18 07:05:09,845 [myid:1] - TRACE [ProcessThread(sid:0 cport:2181)::ZooTrace@88] - :Psessionid:0x100139388ff0000 type:createSession cxid:0x0 zxid:0xfffffffffffffffe txntype:unknown reqpath:n/a
2026-08-18 07:05:09,845 [myid:1] - TRACE [ProcessThread(sid:0 cport:2181)::ZooTrace@71] - SessionTrackerImpl --- Existing session 0x100139388ff0000 5000
2026-08-18 07:05:09,845 [myid:1] - INFO  [SyncThread:0:FileTxnLog@216] - Creating new log file: log.5
2026-08-18 07:05:09,849 [myid:1] - DEBUG [SyncThread:0:FinalRequestProcessor@99] - Processing request:: sessionid:0x100139388ff0000 type:createSession cxid:0x0 zxid:0x5 txntype:-10 reqpath:n/a
2026-08-18 07:05:09,850 [myid:1] - TRACE [SyncThread:0:ZooTrace@88] - :Esessionid:0x100139388ff0000 type:createSession cxid:0x0 zxid:0x5 txntype:-10 reqpath:n/a
2026-08-18 07:05:09,850 [myid:1] - TRACE [SyncThread:0:ZooTrace@71] - SessionTrackerImpl --- Existing session 0x100139388ff0000 5000
2026-08-18 07:05:09,850 [myid:1] - DEBUG [SyncThread:0:FinalRequestProcessor@186] - sessionid:0x100139388ff0000 type:createSession cxid:0x0 zxid:0x5 txntype:-10 reqpath:n/a
2026-08-18 07:05:09,852 [myid:1] - TRACE [SyncThread:0:NIOServerCnxn@156] - Add a buffer to outgoingBuffers, sk sun.nio.ch.SelectionKeyImpl@4f0db66 is valid: true
2026-08-18 07:05:09,852 [myid:1] - DEBUG [SyncThread:0:ZooKeeperServer@754] - Established session 0x100139388ff0000 with negotiated timeout 5000 for client /172.18.0.2:52220
2026-08-18 07:05:09,854 [myid:1] - TRACE [ProcessThread(sid:0 cport:2181)::ZooTrace@88] - :Psessionid:0x100139388ff0000 type:closeSession cxid:0x1 zxid:0xfffffffffffffffe txntype:unknown reqpath:n/a
2026-08-18 07:05:09,854 [myid:1] - TRACE [ProcessThread(sid:0 cport:2181)::SessionTrackerImpl@213] - Session closing: 0x100139388ff0000
2026-08-18 07:05:09,855 [myid:1] - DEBUG [SyncThread:0:FinalRequestProcessor@99] - Processing request:: sessionid:0x100139388ff0000 type:closeSession cxid:0x1 zxid:0x6 txntype:-11 reqpath:n/a
2026-08-18 07:05:09,855 [myid:1] - TRACE [SyncThread:0:ZooTrace@88] - :Esessionid:0x100139388ff0000 type:closeSession cxid:0x1 zxid:0x6 txntype:-11 reqpath:n/a
2026-08-18 07:05:09,855 [myid:1] - DEBUG [SyncThread:0:SessionTrackerImpl@223] - Removing session 0x100139388ff0000
2026-08-18 07:05:09,855 [myid:1] - TRACE [SyncThread:0:ZooTrace@71] - SessionTrackerImpl --- Removing session 0x100139388ff0000
2026-08-18 07:05:09,855 [myid:1] - DEBUG [SyncThread:0:FinalRequestProcessor@186] - sessionid:0x100139388ff0000 type:closeSession cxid:0x1 zxid:0x6 txntype:-11 reqpath:n/a
2026-08-18 07:05:09,855 [myid:1] - TRACE [SyncThread:0:NIOServerCnxn@156] - Add a buffer to outgoingBuffers, sk sun.nio.ch.SelectionKeyImpl@4f0db66 is valid: true
2026-08-18 07:05:09,855 [myid:1] - TRACE [SyncThread:0:NIOServerCnxn@156] - Add a buffer to outgoingBuffers, sk sun.nio.ch.SelectionKeyImpl@4f0db66 is valid: true
2026-08-18 07:05:09,856 [myid:1] - DEBUG [NIOWorkerThread-4:MBeanRegistry@127] - Unregister MBean [org.apache.ZooKeeperService:name0=StandaloneServer_port2181,name1=Connections,name2=172.18.0.2,name3=0x100139388ff0000]
2026-08-18 07:05:09,856 [myid:1] - DEBUG [NIOWorkerThread-4:NIOServerCnxn@627] - Closed socket connection for client /172.18.0.2:52220 which had sessionid 0x100139388ff0000
2026-08-18 07:05:37,944 [myid:1] - DEBUG [NIOServerCxnFactory.AcceptThread:/0.0.0.0:2181:NIOServerCnxnFactory$AcceptThread@296] - Accepted socket connection from /172.18.0.2:34800
2026-08-18 07:05:37,946 [myid:1] - DEBUG [NIOWorkerThread-5:ZooKeeperServer@1001] - Session establishment request from client /172.18.0.2:34800 client's lastZxid is 0x0
2026-08-18 07:05:37,946 [myid:1] - DEBUG [NIOWorkerThread-5:SessionTrackerImpl@274] - Adding session 0x100139388ff0001
2026-08-18 07:05:37,946 [myid:1] - TRACE [NIOWorkerThread-5:ZooTrace@71] - SessionTrackerImpl --- Adding session 0x100139388ff0001 15000
2026-08-18 07:05:37,946 [myid:1] - DEBUG [NIOWorkerThread-5:ZooKeeperServer@1052] - Client attempting to establish new session: session = 0x100139388ff0001, zxid = 0x0, timeout = 15000, address = /172.18.0.2:34800
2026-08-18 07:05:37,946 [myid:1] - TRACE [ProcessThread(sid:0 cport:2181)::ZooTrace@88] - :Psessionid:0x100139388ff0001 type:createSession cxid:0x0 zxid:0xfffffffffffffffe txntype:unknown reqpath:n/a
2026-08-18 07:05:37,947 [myid:1] - TRACE [ProcessThread(sid:0 cport:2181)::ZooTrace@71] - SessionTrackerImpl --- Existing session 0x100139388ff0001 15000
2026-08-18 07:05:37,966 [myid:1] - DEBUG [SyncThread:0:FinalRequestProcessor@99] - Processing request:: sessionid:0x100139388ff0001 type:createSession cxid:0x0 zxid:0x7 txntype:-10 reqpath:n/a
2026-08-18 07:05:37,966 [myid:1] - TRACE [SyncThread:0:ZooTrace@88] - :Esessionid:0x100139388ff0001 type:createSession cxid:0x0 zxid:0x7 txntype:-10 reqpath:n/a
2026-08-18 07:05:37,967 [myid:1] - TRACE [SyncThread:0:ZooTrace@71] - SessionTrackerImpl --- Existing session 0x100139388ff0001 15000
2026-08-18 07:05:37,967 [myid:1] - DEBUG [SyncThread:0:FinalRequestProcessor@186] - sessionid:0x100139388ff0001 type:createSession cxid:0x0 zxid:0x7 txntype:-10 reqpath:n/a
2026-08-18 07:05:37,967 [myid:1] - TRACE [SyncThread:0:NIOServerCnxn@156] - Add a buffer to outgoingBuffers, sk sun.nio.ch.SelectionKeyImpl@7697c9cd is valid: true
2026-08-18 07:05:37,967 [myid:1] - DEBUG [SyncThread:0:ZooKeeperServer@754] - Established session 0x100139388ff0001 with negotiated timeout 15000 for client /172.18.0.2:34800
2026-08-18 07:05:37,968 [myid:1] - TRACE [ProcessThread(sid:0 cport:2181)::ZooTrace@88] - :Psessionid:0x100139388ff0001 type:exists cxid:0x1 zxid:0xfffffffffffffffe txntype:unknown reqpath:/parent
2026-08-18 07:05:37,968 [myid:1] - DEBUG [ProcessThread(sid:0 cport:2181)::SessionTrackerImpl@296] - Checking session 0x100139388ff0001
2026-08-18 07:05:37,969 [myid:1] - DEBUG [SyncThread:0:FinalRequestProcessor@99] - Processing request:: sessionid:0x100139388ff0001 type:exists cxid:0x1 zxid:0xfffffffffffffffe txntype:unknown reqpath:/parent
2026-08-18 07:05:37,969 [myid:1] - TRACE [SyncThread:0:ZooTrace@88] - :Esessionid:0x100139388ff0001 type:exists cxid:0x1 zxid:0xfffffffffffffffe txntype:unknown reqpath:/parent
2026-08-18 07:05:37,969 [myid:1] - DEBUG [SyncThread:0:FinalRequestProcessor@186] - sessionid:0x100139388ff0001 type:exists cxid:0x1 zxid:0xfffffffffffffffe txntype:unknown reqpath:/parent
2026-08-18 07:05:37,970 [myid:1] - TRACE [SyncThread:0:NIOServerCnxn@156] - Add a buffer to outgoingBuffers, sk sun.nio.ch.SelectionKeyImpl@7697c9cd is valid: true
2026-08-18 07:05:37,976 [myid:1] - TRACE [ProcessThread(sid:0 cport:2181)::ZooTrace@88] - :Psessionid:0x100139388ff0001 type:getChildren cxid:0x2 zxid:0xfffffffffffffffe txntype:unknown reqpath:/parent
2026-08-18 07:05:37,976 [myid:1] - DEBUG [ProcessThread(sid:0 cport:2181)::SessionTrackerImpl@296] - Checking session 0x100139388ff0001
2026-08-18 07:05:37,976 [myid:1] - DEBUG [SyncThread:0:FinalRequestProcessor@99] - Processing request:: sessionid:0x100139388ff0001 type:getChildren cxid:0x2 zxid:0xfffffffffffffffe txntype:unknown reqpath:/parent
2026-08-18 07:05:37,976 [myid:1] - TRACE [SyncThread:0:ZooTrace@88] - :Esessionid:0x100139388ff0001 type:getChildren cxid:0x2 zxid:0xfffffffffffffffe txntype:unknown reqpath:/parent
2026-08-18 07:05:37,976 [myid:1] - DEBUG [SyncThread:0:FinalRequestProcessor@186] - sessionid:0x100139388ff0001 type:getChildren cxid:0x2 zxid:0xfffffffffffffffe txntype:unknown reqpath:/parent
2026-08-18 07:05:37,977 [myid:1] - DEBUG [SyncThread:0:PrepRequestProcessor@298] - Permission requested: 1 
2026-08-18 07:05:37,978 [myid:1] - DEBUG [SyncThread:0:PrepRequestProcessor@299] - ACLs for node: [31,s{'world,'anyone}
]
2026-08-18 07:05:37,978 [myid:1] - DEBUG [SyncThread:0:PrepRequestProcessor@300] - Client credentials: ['ip,'172.18.0.2
]
2026-08-18 07:05:37,979 [myid:1] - TRACE [SyncThread:0:NIOServerCnxn@156] - Add a buffer to outgoingBuffers, sk sun.nio.ch.SelectionKeyImpl@7697c9cd is valid: true
2026-08-18 07:05:37,980 [myid:1] - TRACE [ProcessThread(sid:0 cport:2181)::ZooTrace@88] - :Psessionid:0x100139388ff0001 type:getChildren cxid:0x3 zxid:0xfffffffffffffffe txntype:unknown reqpath:/parent/child0413
2026-08-18 07:05:37,980 [myid:1] - DEBUG [ProcessThread(sid:0 cport:2181)::SessionTrackerImpl@296] - Checking session 0x100139388ff0001
2026-08-18 07:05:37,980 [myid:1] - DEBUG [SyncThread:0:FinalRequestProcessor@99] - Processing request:: sessionid:0x100139388ff0001 type:getChildren cxid:0x3 zxid:0xfffffffffffffffe txntype:unknown reqpath:/parent/child0413
2026-08-18 07:05:37,980 [myid:1] - TRACE [SyncThread:0:ZooTrace@88] - :Esessionid:0x100139388ff0001 type:getChildren cxid:0x3 zxid:0xfffffffffffffffe txntype:unknown reqpath:/parent/child0413
2026-08-18 07:05:37,980 [myid:1] - DEBUG [SyncThread:0:FinalRequestProcessor@186] - sessionid:0x100139388ff0001 type:getChildren cxid:0x3 zxid:0xfffffffffffffffe txntype:unknown reqpath:/parent/child0413
2026-08-18 07:05:37,980 [myid:1] - DEBUG [SyncThread:0:PrepRequestProcessor@298] - Permission requested: 1 
2026-08-18 07:05:37,980 [myid:1] - DEBUG [SyncThread:0:PrepRequestProcessor@299] - ACLs for node: [31,s{'digest,'pat:KDzjoQ5VTKQfcjheJHwntPTKiXc=}
]
2026-08-18 07:05:37,980 [myid:1] - DEBUG [SyncThread:0:PrepRequestProcessor@300] - Client credentials: ['ip,'172.18.0.2
]
2026-08-18 07:05:37,984 [myid:1] - TRACE [SyncThread:0:NIOServerCnxn@156] - Add a buffer to outgoingBuffers, sk sun.nio.ch.SelectionKeyImpl@7697c9cd is valid: true
2026-08-18 07:05:37,985 [myid:1] - TRACE [ProcessThread(sid:0 cport:2181)::ZooTrace@88] - :Psessionid:0x100139388ff0001 type:closeSession cxid:0x4 zxid:0xfffffffffffffffe txntype:unknown reqpath:n/a
2026-08-18 07:05:37,985 [myid:1] - TRACE [ProcessThread(sid:0 cport:2181)::SessionTrackerImpl@213] - Session closing: 0x100139388ff0001
2026-08-18 07:05:37,986 [myid:1] - DEBUG [SyncThread:0:FinalRequestProcessor@99] - Processing request:: sessionid:0x100139388ff0001 type:closeSession cxid:0x4 zxid:0x8 txntype:-11 reqpath:n/a
2026-08-18 07:05:37,986 [myid:1] - TRACE [SyncThread:0:ZooTrace@88] - :Esessionid:0x100139388ff0001 type:closeSession cxid:0x4 zxid:0x8 txntype:-11 reqpath:n/a
2026-08-18 07:05:37,986 [myid:1] - DEBUG [SyncThread:0:SessionTrackerImpl@223] - Removing session 0x100139388ff0001
2026-08-18 07:05:37,986 [myid:1] - TRACE [SyncThread:0:ZooTrace@71] - SessionTrackerImpl --- Removing session 0x100139388ff0001
2026-08-18 07:05:37,986 [myid:1] - DEBUG [SyncThread:0:FinalRequestProcessor@186] - sessionid:0x100139388ff0001 type:closeSession cxid:0x4 zxid:0x8 txntype:-11 reqpath:n/a
2026-08-18 07:05:37,986 [myid:1] - TRACE [SyncThread:0:NIOServerCnxn@156] - Add a buffer to outgoingBuffers, sk sun.nio.ch.SelectionKeyImpl@7697c9cd is valid: true
2026-08-18 07:05:37,986 [myid:1] - TRACE [SyncThread:0:NIOServerCnxn@156] - Add a buffer to outgoingBuffers, sk sun.nio.ch.SelectionKeyImpl@7697c9cd is valid: true
2026-08-18 07:05:37,987 [myid:1] - DEBUG [NIOWorkerThread-14:MBeanRegistry@127] - Unregister MBean [org.apache.ZooKeeperService:name0=StandaloneServer_port2181,name1=Connections,name2=172.18.0.2,name3=0x100139388ff0001]
2026-08-18 07:05:37,987 [myid:1] - DEBUG [NIOWorkerThread-14:NIOServerCnxn@627] - Closed socket connection for client /172.18.0.2:34800 which had sessionid 0x100139388ff0001
2026-08-18 07:06:07,206 [myid:1] - DEBUG [NIOServerCxnFactory.AcceptThread:/0.0.0.0:2181:NIOServerCnxnFactory$AcceptThread@296] - Accepted socket connection from /172.18.0.2:56666
2026-08-18 07:06:07,207 [myid:1] - DEBUG [NIOWorkerThread-15:ZooKeeperServer@1001] - Session establishment request from client /172.18.0.2:56666 client's lastZxid is 0x0
2026-08-18 07:06:07,207 [myid:1] - DEBUG [NIOWorkerThread-15:SessionTrackerImpl@274] - Adding session 0x100139388ff0002
2026-08-18 07:06:07,207 [myid:1] - TRACE [NIOWorkerThread-15:ZooTrace@71] - SessionTrackerImpl --- Adding session 0x100139388ff0002 15000
2026-08-18 07:06:07,208 [myid:1] - DEBUG [NIOWorkerThread-15:ZooKeeperServer@1052] - Client attempting to establish new session: session = 0x100139388ff0002, zxid = 0x0, timeout = 15000, address = /172.18.0.2:56666
2026-08-18 07:06:07,208 [myid:1] - TRACE [ProcessThread(sid:0 cport:2181)::ZooTrace@88] - :Psessionid:0x100139388ff0002 type:createSession cxid:0x0 zxid:0xfffffffffffffffe txntype:unknown reqpath:n/a
2026-08-18 07:06:07,208 [myid:1] - TRACE [ProcessThread(sid:0 cport:2181)::ZooTrace@71] - SessionTrackerImpl --- Existing session 0x100139388ff0002 15000
2026-08-18 07:06:07,212 [myid:1] - DEBUG [SyncThread:0:FinalRequestProcessor@99] - Processing request:: sessionid:0x100139388ff0002 type:createSession cxid:0x0 zxid:0x9 txntype:-10 reqpath:n/a
2026-08-18 07:06:07,212 [myid:1] - TRACE [SyncThread:0:ZooTrace@88] - :Esessionid:0x100139388ff0002 type:createSession cxid:0x0 zxid:0x9 txntype:-10 reqpath:n/a
2026-08-18 07:06:07,212 [myid:1] - TRACE [SyncThread:0:ZooTrace@71] - SessionTrackerImpl --- Existing session 0x100139388ff0002 15000
2026-08-18 07:06:07,212 [myid:1] - DEBUG [SyncThread:0:FinalRequestProcessor@186] - sessionid:0x100139388ff0002 type:createSession cxid:0x0 zxid:0x9 txntype:-10 reqpath:n/a
2026-08-18 07:06:07,213 [myid:1] - TRACE [SyncThread:0:NIOServerCnxn@156] - Add a buffer to outgoingBuffers, sk sun.nio.ch.SelectionKeyImpl@6a48b1b5 is valid: true
2026-08-18 07:06:07,213 [myid:1] - DEBUG [SyncThread:0:ZooKeeperServer@754] - Established session 0x100139388ff0002 with negotiated timeout 15000 for client /172.18.0.2:56666
2026-08-18 07:06:07,214 [myid:1] - TRACE [ProcessThread(sid:0 cport:2181)::ZooTrace@88] - :Psessionid:0x100139388ff0002 type:exists cxid:0x1 zxid:0xfffffffffffffffe txntype:unknown reqpath:/parent
2026-08-18 07:06:07,214 [myid:1] - DEBUG [ProcessThread(sid:0 cport:2181)::SessionTrackerImpl@296] - Checking session 0x100139388ff0002
2026-08-18 07:06:07,215 [myid:1] - DEBUG [SyncThread:0:FinalRequestProcessor@99] - Processing request:: sessionid:0x100139388ff0002 type:exists cxid:0x1 zxid:0xfffffffffffffffe txntype:unknown reqpath:/parent
2026-08-18 07:06:07,215 [myid:1] - TRACE [SyncThread:0:ZooTrace@88] - :Esessionid:0x100139388ff0002 type:exists cxid:0x1 zxid:0xfffffffffffffffe txntype:unknown reqpath:/parent
2026-08-18 07:06:07,215 [myid:1] - DEBUG [SyncThread:0:FinalRequestProcessor@186] - sessionid:0x100139388ff0002 type:exists cxid:0x1 zxid:0xfffffffffffffffe txntype:unknown reqpath:/parent
2026-08-18 07:06:07,215 [myid:1] - TRACE [SyncThread:0:NIOServerCnxn@156] - Add a buffer to outgoingBuffers, sk sun.nio.ch.SelectionKeyImpl@6a48b1b5 is valid: true
2026-08-18 07:06:07,217 [myid:1] - TRACE [ProcessThread(sid:0 cport:2181)::ZooTrace@88] - :Psessionid:0x100139388ff0002 type:getChildren cxid:0x2 zxid:0xfffffffffffffffe txntype:unknown reqpath:/parent
2026-08-18 07:06:07,217 [myid:1] - DEBUG [ProcessThread(sid:0 cport:2181)::SessionTrackerImpl@296] - Checking session 0x100139388ff0002
2026-08-18 07:06:07,217 [myid:1] - DEBUG [SyncThread:0:FinalRequestProcessor@99] - Processing request:: sessionid:0x100139388ff0002 type:getChildren cxid:0x2 zxid:0xfffffffffffffffe txntype:unknown reqpath:/parent
2026-08-18 07:06:07,217 [myid:1] - TRACE [SyncThread:0:ZooTrace@88] - :Esessionid:0x100139388ff0002 type:getChildren cxid:0x2 zxid:0xfffffffffffffffe txntype:unknown reqpath:/parent
2026-08-18 07:06:07,217 [myid:1] - DEBUG [SyncThread:0:FinalRequestProcessor@186] - sessionid:0x100139388ff0002 type:getChildren cxid:0x2 zxid:0xfffffffffffffffe txntype:unknown reqpath:/parent
2026-08-18 07:06:07,217 [myid:1] - DEBUG [SyncThread:0:PrepRequestProcessor@298] - Permission requested: 1 
2026-08-18 07:06:07,217 [myid:1] - DEBUG [SyncThread:0:PrepRequestProcessor@299] - ACLs for node: [31,s{'world,'anyone}
]
2026-08-18 07:06:07,217 [myid:1] - DEBUG [SyncThread:0:PrepRequestProcessor@300] - Client credentials: ['ip,'172.18.0.2
]
2026-08-18 07:06:07,218 [myid:1] - TRACE [SyncThread:0:NIOServerCnxn@156] - Add a buffer to outgoingBuffers, sk sun.nio.ch.SelectionKeyImpl@6a48b1b5 is valid: true
2026-08-18 07:06:07,219 [myid:1] - TRACE [ProcessThread(sid:0 cport:2181)::ZooTrace@88] - :Psessionid:0x100139388ff0002 type:getChildren cxid:0x3 zxid:0xfffffffffffffffe txntype:unknown reqpath:/parent/child0413
2026-08-18 07:06:07,219 [myid:1] - DEBUG [ProcessThread(sid:0 cport:2181)::SessionTrackerImpl@296] - Checking session 0x100139388ff0002
2026-08-18 07:06:07,219 [myid:1] - DEBUG [SyncThread:0:FinalRequestProcessor@99] - Processing request:: sessionid:0x100139388ff0002 type:getChildren cxid:0x3 zxid:0xfffffffffffffffe txntype:unknown reqpath:/parent/child0413
2026-08-18 07:06:07,219 [myid:1] - TRACE [SyncThread:0:ZooTrace@88] - :Esessionid:0x100139388ff0002 type:getChildren cxid:0x3 zxid:0xfffffffffffffffe txntype:unknown reqpath:/parent/child0413
2026-08-18 07:06:07,219 [myid:1] - DEBUG [SyncThread:0:FinalRequestProcessor@186] - sessionid:0x100139388ff0002 type:getChildren cxid:0x3 zxid:0xfffffffffffffffe txntype:unknown reqpath:/parent/child0413
2026-08-18 07:06:07,219 [myid:1] - DEBUG [SyncThread:0:PrepRequestProcessor@298] - Permission requested: 1 
2026-08-18 07:06:07,220 [myid:1] - DEBUG [SyncThread:0:PrepRequestProcessor@299] - ACLs for node: [31,s{'digest,'pat:KDzjoQ5VTKQfcjheJHwntPTKiXc=}
]
2026-08-18 07:06:07,220 [myid:1] - DEBUG [SyncThread:0:PrepRequestProcessor@300] - Client credentials: ['ip,'172.18.0.2
]
2026-08-18 07:06:07,220 [myid:1] - TRACE [SyncThread:0:NIOServerCnxn@156] - Add a buffer to outgoingBuffers, sk sun.nio.ch.SelectionKeyImpl@6a48b1b5 is valid: true
2026-08-18 07:06:07,221 [myid:1] - TRACE [ProcessThread(sid:0 cport:2181)::ZooTrace@88] - :Psessionid:0x100139388ff0002 type:closeSession cxid:0x4 zxid:0xfffffffffffffffe txntype:unknown reqpath:n/a
2026-08-18 07:06:07,221 [myid:1] - TRACE [ProcessThread(sid:0 cport:2181)::SessionTrackerImpl@213] - Session closing: 0x100139388ff0002
2026-08-18 07:06:07,222 [myid:1] - DEBUG [SyncThread:0:FinalRequestProcessor@99] - Processing request:: sessionid:0x100139388ff0002 type:closeSession cxid:0x4 zxid:0xa txntype:-11 reqpath:n/a
2026-08-18 07:06:07,222 [myid:1] - TRACE [SyncThread:0:ZooTrace@88] - :Esessionid:0x100139388ff0002 type:closeSession cxid:0x4 zxid:0xa txntype:-11 reqpath:n/a
2026-08-18 07:06:07,222 [myid:1] - DEBUG [SyncThread:0:SessionTrackerImpl@223] - Removing session 0x100139388ff0002
2026-08-18 07:06:07,223 [myid:1] - TRACE [SyncThread:0:ZooTrace@71] - SessionTrackerImpl --- Removing session 0x100139388ff0002
2026-08-18 07:06:07,223 [myid:1] - DEBUG [SyncThread:0:FinalRequestProcessor@186] - sessionid:0x100139388ff0002 type:closeSession cxid:0x4 zxid:0xa txntype:-11 reqpath:n/a
2026-08-18 07:06:07,223 [myid:1] - TRACE [SyncThread:0:NIOServerCnxn@156] - Add a buffer to outgoingBuffers, sk sun.nio.ch.SelectionKeyImpl@6a48b1b5 is valid: true
2026-08-18 07:06:07,223 [myid:1] - TRACE [SyncThread:0:NIOServerCnxn@156] - Add a buffer to outgoingBuffers, sk sun.nio.ch.SelectionKeyImpl@6a48b1b5 is valid: true
2026-08-18 07:06:07,223 [myid:1] - DEBUG [NIOWorkerThread-24:MBeanRegistry@127] - Unregister MBean [org.apache.ZooKeeperService:name0=StandaloneServer_port2181,name1=Connections,name2=172.18.0.2,name3=0x100139388ff0002]
2026-08-18 07:06:07,223 [myid:1] - DEBUG [NIOWorkerThread-24:NIOServerCnxn@627] - Closed socket connection for client /172.18.0.2:56666 which had sessionid 0x100139388ff0002
2026-08-18 07:07:13,170 [myid:1] - DEBUG [NIOServerCxnFactory.AcceptThread:/0.0.0.0:2181:NIOServerCnxnFactory$AcceptThread@296] - Accepted socket connection from /172.18.0.2:54614
2026-08-18 07:07:13,171 [myid:1] - DEBUG [NIOWorkerThread-1:ZooKeeperServer@1001] - Session establishment request from client /172.18.0.2:54614 client's lastZxid is 0x0
2026-08-18 07:07:13,171 [myid:1] - DEBUG [NIOWorkerThread-1:SessionTrackerImpl@274] - Adding session 0x100139388ff0003
2026-08-18 07:07:13,171 [myid:1] - TRACE [NIOWorkerThread-1:ZooTrace@71] - SessionTrackerImpl --- Adding session 0x100139388ff0003 15000
2026-08-18 07:07:13,172 [myid:1] - DEBUG [NIOWorkerThread-1:ZooKeeperServer@1052] - Client attempting to establish new session: session = 0x100139388ff0003, zxid = 0x0, timeout = 15000, address = /172.18.0.2:54614
2026-08-18 07:07:13,172 [myid:1] - TRACE [ProcessThread(sid:0 cport:2181)::ZooTrace@88] - :Psessionid:0x100139388ff0003 type:createSession cxid:0x0 zxid:0xfffffffffffffffe txntype:unknown reqpath:n/a
2026-08-18 07:07:13,172 [myid:1] - TRACE [ProcessThread(sid:0 cport:2181)::ZooTrace@71] - SessionTrackerImpl --- Existing session 0x100139388ff0003 15000
2026-08-18 07:07:13,176 [myid:1] - DEBUG [SyncThread:0:FinalRequestProcessor@99] - Processing request:: sessionid:0x100139388ff0003 type:createSession cxid:0x0 zxid:0xb txntype:-10 reqpath:n/a
2026-08-18 07:07:13,176 [myid:1] - TRACE [SyncThread:0:ZooTrace@88] - :Esessionid:0x100139388ff0003 type:createSession cxid:0x0 zxid:0xb txntype:-10 reqpath:n/a
2026-08-18 07:07:13,176 [myid:1] - TRACE [SyncThread:0:ZooTrace@71] - SessionTrackerImpl --- Existing session 0x100139388ff0003 15000
2026-08-18 07:07:13,176 [myid:1] - DEBUG [SyncThread:0:FinalRequestProcessor@186] - sessionid:0x100139388ff0003 type:createSession cxid:0x0 zxid:0xb txntype:-10 reqpath:n/a
2026-08-18 07:07:13,177 [myid:1] - TRACE [SyncThread:0:NIOServerCnxn@156] - Add a buffer to outgoingBuffers, sk sun.nio.ch.SelectionKeyImpl@7e9c662c is valid: true
2026-08-18 07:07:13,177 [myid:1] - DEBUG [SyncThread:0:ZooKeeperServer@754] - Established session 0x100139388ff0003 with negotiated timeout 15000 for client /172.18.0.2:54614
2026-08-18 07:07:13,178 [myid:1] - TRACE [ProcessThread(sid:0 cport:2181)::ZooTrace@88] - :Psessionid:0x100139388ff0003 type:exists cxid:0x1 zxid:0xfffffffffffffffe txntype:unknown reqpath:/parent
2026-08-18 07:07:13,178 [myid:1] - DEBUG [ProcessThread(sid:0 cport:2181)::SessionTrackerImpl@296] - Checking session 0x100139388ff0003
2026-08-18 07:07:13,178 [myid:1] - DEBUG [SyncThread:0:FinalRequestProcessor@99] - Processing request:: sessionid:0x100139388ff0003 type:exists cxid:0x1 zxid:0xfffffffffffffffe txntype:unknown reqpath:/parent
2026-08-18 07:07:13,178 [myid:1] - TRACE [SyncThread:0:ZooTrace@88] - :Esessionid:0x100139388ff0003 type:exists cxid:0x1 zxid:0xfffffffffffffffe txntype:unknown reqpath:/parent
2026-08-18 07:07:13,178 [myid:1] - DEBUG [SyncThread:0:FinalRequestProcessor@186] - sessionid:0x100139388ff0003 type:exists cxid:0x1 zxid:0xfffffffffffffffe txntype:unknown reqpath:/parent
2026-08-18 07:07:13,178 [myid:1] - TRACE [SyncThread:0:NIOServerCnxn@156] - Add a buffer to outgoingBuffers, sk sun.nio.ch.SelectionKeyImpl@7e9c662c is valid: true
2026-08-18 07:07:13,179 [myid:1] - TRACE [ProcessThread(sid:0 cport:2181)::ZooTrace@88] - :Psessionid:0x100139388ff0003 type:getChildren cxid:0x2 zxid:0xfffffffffffffffe txntype:unknown reqpath:/parent
2026-08-18 07:07:13,179 [myid:1] - DEBUG [ProcessThread(sid:0 cport:2181)::SessionTrackerImpl@296] - Checking session 0x100139388ff0003
2026-08-18 07:07:13,180 [myid:1] - DEBUG [SyncThread:0:FinalRequestProcessor@99] - Processing request:: sessionid:0x100139388ff0003 type:getChildren cxid:0x2 zxid:0xfffffffffffffffe txntype:unknown reqpath:/parent
2026-08-18 07:07:13,180 [myid:1] - TRACE [SyncThread:0:ZooTrace@88] - :Esessionid:0x100139388ff0003 type:getChildren cxid:0x2 zxid:0xfffffffffffffffe txntype:unknown reqpath:/parent
2026-08-18 07:07:13,180 [myid:1] - DEBUG [SyncThread:0:FinalRequestProcessor@186] - sessionid:0x100139388ff0003 type:getChildren cxid:0x2 zxid:0xfffffffffffffffe txntype:unknown reqpath:/parent
2026-08-18 07:07:13,180 [myid:1] - DEBUG [SyncThread:0:PrepRequestProcessor@298] - Permission requested: 1 
2026-08-18 07:07:13,180 [myid:1] - DEBUG [SyncThread:0:PrepRequestProcessor@299] - ACLs for node: [31,s{'world,'anyone}
]
2026-08-18 07:07:13,180 [myid:1] - DEBUG [SyncThread:0:PrepRequestProcessor@300] - Client credentials: ['ip,'172.18.0.2
]
2026-08-18 07:07:13,180 [myid:1] - TRACE [SyncThread:0:NIOServerCnxn@156] - Add a buffer to outgoingBuffers, sk sun.nio.ch.SelectionKeyImpl@7e9c662c is valid: true
2026-08-18 07:07:13,181 [myid:1] - TRACE [ProcessThread(sid:0 cport:2181)::ZooTrace@88] - :Psessionid:0x100139388ff0003 type:getChildren cxid:0x3 zxid:0xfffffffffffffffe txntype:unknown reqpath:/parent/child0413
2026-08-18 07:07:13,181 [myid:1] - DEBUG [ProcessThread(sid:0 cport:2181)::SessionTrackerImpl@296] - Checking session 0x100139388ff0003
2026-08-18 07:07:13,181 [myid:1] - DEBUG [SyncThread:0:FinalRequestProcessor@99] - Processing request:: sessionid:0x100139388ff0003 type:getChildren cxid:0x3 zxid:0xfffffffffffffffe txntype:unknown reqpath:/parent/child0413
2026-08-18 07:07:13,181 [myid:1] - TRACE [SyncThread:0:ZooTrace@88] - :Esessionid:0x100139388ff0003 type:getChildren cxid:0x3 zxid:0xfffffffffffffffe txntype:unknown reqpath:/parent/child0413
2026-08-18 07:07:13,181 [myid:1] - DEBUG [SyncThread:0:FinalRequestProcessor@186] - sessionid:0x100139388ff0003 type:getChildren cxid:0x3 zxid:0xfffffffffffffffe txntype:unknown reqpath:/parent/child0413
2026-08-18 07:07:13,181 [myid:1] - DEBUG [SyncThread:0:PrepRequestProcessor@298] - Permission requested: 1 
2026-08-18 07:07:13,181 [myid:1] - DEBUG [SyncThread:0:PrepRequestProcessor@299] - ACLs for node: [31,s{'digest,'pat:KDzjoQ5VTKQfcjheJHwntPTKiXc=}
]
2026-08-18 07:07:13,181 [myid:1] - DEBUG [SyncThread:0:PrepRequestProcessor@300] - Client credentials: ['ip,'172.18.0.2
]
2026-08-18 07:07:13,182 [myid:1] - TRACE [SyncThread:0:NIOServerCnxn@156] - Add a buffer to outgoingBuffers, sk sun.nio.ch.SelectionKeyImpl@7e9c662c is valid: true
2026-08-18 07:07:13,182 [myid:1] - TRACE [ProcessThread(sid:0 cport:2181)::ZooTrace@88] - :Psessionid:0x100139388ff0003 type:closeSession cxid:0x4 zxid:0xfffffffffffffffe txntype:unknown reqpath:n/a
2026-08-18 07:07:13,182 [myid:1] - TRACE [ProcessThread(sid:0 cport:2181)::SessionTrackerImpl@213] - Session closing: 0x100139388ff0003
2026-08-18 07:07:13,183 [myid:1] - DEBUG [SyncThread:0:FinalRequestProcessor@99] - Processing request:: sessionid:0x100139388ff0003 type:closeSession cxid:0x4 zxid:0xc txntype:-11 reqpath:n/a
2026-08-18 07:07:13,183 [myid:1] - TRACE [SyncThread:0:ZooTrace@88] - :Esessionid:0x100139388ff0003 type:closeSession cxid:0x4 zxid:0xc txntype:-11 reqpath:n/a
2026-08-18 07:07:13,183 [myid:1] - DEBUG [SyncThread:0:SessionTrackerImpl@223] - Removing session 0x100139388ff0003
2026-08-18 07:07:13,183 [myid:1] - TRACE [SyncThread:0:ZooTrace@71] - SessionTrackerImpl --- Removing session 0x100139388ff0003
2026-08-18 07:07:13,183 [myid:1] - DEBUG [SyncThread:0:FinalRequestProcessor@186] - sessionid:0x100139388ff0003 type:closeSession cxid:0x4 zxid:0xc txntype:-11 reqpath:n/a
2026-08-18 07:07:13,183 [myid:1] - TRACE [SyncThread:0:NIOServerCnxn@156] - Add a buffer to outgoingBuffers, sk sun.nio.ch.SelectionKeyImpl@7e9c662c is valid: true
2026-08-18 07:07:13,183 [myid:1] - TRACE [SyncThread:0:NIOServerCnxn@156] - Add a buffer to outgoingBuffers, sk sun.nio.ch.SelectionKeyImpl@7e9c662c is valid: true
2026-08-18 07:07:13,184 [myid:1] - DEBUG [NIOWorkerThread-10:MBeanRegistry@127] - Unregister MBean [org.apache.ZooKeeperService:name0=StandaloneServer_port2181,name1=Connections,name2=172.18.0.2,name3=0x100139388ff0003]
2026-08-18 07:07:13,184 [myid:1] - DEBUG [NIOWorkerThread-10:NIOServerCnxn@627] - Closed socket connection for client /172.18.0.2:54614 which had sessionid 0x100139388ff0003
2026-08-18 07:08:19,637 [myid:1] - DEBUG [NIOServerCxnFactory.AcceptThread:/0.0.0.0:2181:NIOServerCnxnFactory$AcceptThread@296] - Accepted socket connection from /172.18.0.2:43294
2026-08-18 07:08:19,638 [myid:1] - DEBUG [NIOWorkerThread-11:ZooKeeperServer@1001] - Session establishment request from client /172.18.0.2:43294 client's lastZxid is 0x0
2026-08-18 07:08:19,639 [myid:1] - DEBUG [NIOWorkerThread-11:SessionTrackerImpl@274] - Adding session 0x100139388ff0004
2026-08-18 07:08:19,639 [myid:1] - TRACE [NIOWorkerThread-11:ZooTrace@71] - SessionTrackerImpl --- Adding session 0x100139388ff0004 15000
2026-08-18 07:08:19,639 [myid:1] - DEBUG [NIOWorkerThread-11:ZooKeeperServer@1052] - Client attempting to establish new session: session = 0x100139388ff0004, zxid = 0x0, timeout = 15000, address = /172.18.0.2:43294
2026-08-18 07:08:19,639 [myid:1] - TRACE [ProcessThread(sid:0 cport:2181)::ZooTrace@88] - :Psessionid:0x100139388ff0004 type:createSession cxid:0x0 zxid:0xfffffffffffffffe txntype:unknown reqpath:n/a
2026-08-18 07:08:19,639 [myid:1] - TRACE [ProcessThread(sid:0 cport:2181)::ZooTrace@71] - SessionTrackerImpl --- Existing session 0x100139388ff0004 15000
2026-08-18 07:08:19,643 [myid:1] - DEBUG [SyncThread:0:FinalRequestProcessor@99] - Processing request:: sessionid:0x100139388ff0004 type:createSession cxid:0x0 zxid:0xd txntype:-10 reqpath:n/a
2026-08-18 07:08:19,643 [myid:1] - TRACE [SyncThread:0:ZooTrace@88] - :Esessionid:0x100139388ff0004 type:createSession cxid:0x0 zxid:0xd txntype:-10 reqpath:n/a
2026-08-18 07:08:19,643 [myid:1] - TRACE [SyncThread:0:ZooTrace@71] - SessionTrackerImpl --- Existing session 0x100139388ff0004 15000
2026-08-18 07:08:19,643 [myid:1] - DEBUG [SyncThread:0:FinalRequestProcessor@186] - sessionid:0x100139388ff0004 type:createSession cxid:0x0 zxid:0xd txntype:-10 reqpath:n/a
2026-08-18 07:08:19,643 [myid:1] - TRACE [SyncThread:0:NIOServerCnxn@156] - Add a buffer to outgoingBuffers, sk sun.nio.ch.SelectionKeyImpl@1dd3946a is valid: true
2026-08-18 07:08:19,644 [myid:1] - DEBUG [SyncThread:0:ZooKeeperServer@754] - Established session 0x100139388ff0004 with negotiated timeout 15000 for client /172.18.0.2:43294
2026-08-18 07:08:19,645 [myid:1] - TRACE [ProcessThread(sid:0 cport:2181)::ZooTrace@88] - :Psessionid:0x100139388ff0004 type:exists cxid:0x1 zxid:0xfffffffffffffffe txntype:unknown reqpath:/parent
2026-08-18 07:08:19,645 [myid:1] - DEBUG [ProcessThread(sid:0 cport:2181)::SessionTrackerImpl@296] - Checking session 0x100139388ff0004
2026-08-18 07:08:19,645 [myid:1] - DEBUG [SyncThread:0:FinalRequestProcessor@99] - Processing request:: sessionid:0x100139388ff0004 type:exists cxid:0x1 zxid:0xfffffffffffffffe txntype:unknown reqpath:/parent
2026-08-18 07:08:19,645 [myid:1] - TRACE [SyncThread:0:ZooTrace@88] - :Esessionid:0x100139388ff0004 type:exists cxid:0x1 zxid:0xfffffffffffffffe txntype:unknown reqpath:/parent
2026-08-18 07:08:19,645 [myid:1] - DEBUG [SyncThread:0:FinalRequestProcessor@186] - sessionid:0x100139388ff0004 type:exists cxid:0x1 zxid:0xfffffffffffffffe txntype:unknown reqpath:/parent
2026-08-18 07:08:19,645 [myid:1] - TRACE [SyncThread:0:NIOServerCnxn@156] - Add a buffer to outgoingBuffers, sk sun.nio.ch.SelectionKeyImpl@1dd3946a is valid: true
2026-08-18 07:08:19,646 [myid:1] - TRACE [ProcessThread(sid:0 cport:2181)::ZooTrace@88] - :Psessionid:0x100139388ff0004 type:getChildren cxid:0x2 zxid:0xfffffffffffffffe txntype:unknown reqpath:/parent
2026-08-18 07:08:19,646 [myid:1] - DEBUG [ProcessThread(sid:0 cport:2181)::SessionTrackerImpl@296] - Checking session 0x100139388ff0004
2026-08-18 07:08:19,646 [myid:1] - DEBUG [SyncThread:0:FinalRequestProcessor@99] - Processing request:: sessionid:0x100139388ff0004 type:getChildren cxid:0x2 zxid:0xfffffffffffffffe txntype:unknown reqpath:/parent
2026-08-18 07:08:19,647 [myid:1] - TRACE [SyncThread:0:ZooTrace@88] - :Esessionid:0x100139388ff0004 type:getChildren cxid:0x2 zxid:0xfffffffffffffffe txntype:unknown reqpath:/parent
2026-08-18 07:08:19,647 [myid:1] - DEBUG [SyncThread:0:FinalRequestProcessor@186] - sessionid:0x100139388ff0004 type:getChildren cxid:0x2 zxid:0xfffffffffffffffe txntype:unknown reqpath:/parent
2026-08-18 07:08:19,647 [myid:1] - DEBUG [SyncThread:0:PrepRequestProcessor@298] - Permission requested: 1 
2026-08-18 07:08:19,647 [myid:1] - DEBUG [SyncThread:0:PrepRequestProcessor@299] - ACLs for node: [31,s{'world,'anyone}
]
2026-08-18 07:08:19,647 [myid:1] - DEBUG [SyncThread:0:PrepRequestProcessor@300] - Client credentials: ['ip,'172.18.0.2
]
2026-08-18 07:08:19,647 [myid:1] - TRACE [SyncThread:0:NIOServerCnxn@156] - Add a buffer to outgoingBuffers, sk sun.nio.ch.SelectionKeyImpl@1dd3946a is valid: true
2026-08-18 07:08:19,648 [myid:1] - TRACE [ProcessThread(sid:0 cport:2181)::ZooTrace@88] - :Psessionid:0x100139388ff0004 type:getChildren cxid:0x3 zxid:0xfffffffffffffffe txntype:unknown reqpath:/parent/child0413
2026-08-18 07:08:19,648 [myid:1] - DEBUG [ProcessThread(sid:0 cport:2181)::SessionTrackerImpl@296] - Checking session 0x100139388ff0004
2026-08-18 07:08:19,648 [myid:1] - DEBUG [SyncThread:0:FinalRequestProcessor@99] - Processing request:: sessionid:0x100139388ff0004 type:getChildren cxid:0x3 zxid:0xfffffffffffffffe txntype:unknown reqpath:/parent/child0413
2026-08-18 07:08:19,648 [myid:1] - TRACE [SyncThread:0:ZooTrace@88] - :Esessionid:0x100139388ff0004 type:getChildren cxid:0x3 zxid:0xfffffffffffffffe txntype:unknown reqpath:/parent/child0413
2026-08-18 07:08:19,648 [myid:1] - DEBUG [SyncThread:0:FinalRequestProcessor@186] - sessionid:0x100139388ff0004 type:getChildren cxid:0x3 zxid:0xfffffffffffffffe txntype:unknown reqpath:/parent/child0413
2026-08-18 07:08:19,649 [myid:1] - DEBUG [SyncThread:0:PrepRequestProcessor@298] - Permission requested: 1 
2026-08-18 07:08:19,649 [myid:1] - DEBUG [SyncThread:0:PrepRequestProcessor@299] - ACLs for node: [31,s{'digest,'pat:KDzjoQ5VTKQfcjheJHwntPTKiXc=}
]
2026-08-18 07:08:19,649 [myid:1] - DEBUG [SyncThread:0:PrepRequestProcessor@300] - Client credentials: ['ip,'172.18.0.2
]
2026-08-18 07:08:19,649 [myid:1] - TRACE [SyncThread:0:NIOServerCnxn@156] - Add a buffer to outgoingBuffers, sk sun.nio.ch.SelectionKeyImpl@1dd3946a is valid: true
2026-08-18 07:08:19,650 [myid:1] - TRACE [ProcessThread(sid:0 cport:2181)::ZooTrace@88] - :Psessionid:0x100139388ff0004 type:closeSession cxid:0x4 zxid:0xfffffffffffffffe txntype:unknown reqpath:n/a
2026-08-18 07:08:19,650 [myid:1] - TRACE [ProcessThread(sid:0 cport:2181)::SessionTrackerImpl@213] - Session closing: 0x100139388ff0004
2026-08-18 07:08:19,650 [myid:1] - DEBUG [SyncThread:0:FinalRequestProcessor@99] - Processing request:: sessionid:0x100139388ff0004 type:closeSession cxid:0x4 zxid:0xe txntype:-11 reqpath:n/a
2026-08-18 07:08:19,650 [myid:1] - TRACE [SyncThread:0:ZooTrace@88] - :Esessionid:0x100139388ff0004 type:closeSession cxid:0x4 zxid:0xe txntype:-11 reqpath:n/a
2026-08-18 07:08:19,650 [myid:1] - DEBUG [SyncThread:0:SessionTrackerImpl@223] - Removing session 0x100139388ff0004
2026-08-18 07:08:19,650 [myid:1] - TRACE [SyncThread:0:ZooTrace@71] - SessionTrackerImpl --- Removing session 0x100139388ff0004
2026-08-18 07:08:19,651 [myid:1] - DEBUG [SyncThread:0:FinalRequestProcessor@186] - sessionid:0x100139388ff0004 type:closeSession cxid:0x4 zxid:0xe txntype:-11 reqpath:n/a
2026-08-18 07:08:19,651 [myid:1] - TRACE [SyncThread:0:NIOServerCnxn@156] - Add a buffer to outgoingBuffers, sk sun.nio.ch.SelectionKeyImpl@1dd3946a is valid: true
2026-08-18 07:08:19,651 [myid:1] - TRACE [SyncThread:0:NIOServerCnxn@156] - Add a buffer to outgoingBuffers, sk sun.nio.ch.SelectionKeyImpl@1dd3946a is valid: true
2026-08-18 07:08:19,651 [myid:1] - DEBUG [NIOWorkerThread-20:MBeanRegistry@127] - Unregister MBean [org.apache.ZooKeeperService:name0=StandaloneServer_port2181,name1=Connections,name2=172.18.0.2,name3=0x100139388ff0004]
2026-08-18 07:08:19,651 [myid:1] - DEBUG [NIOWorkerThread-20:NIOServerCnxn@627] - Closed socket connection for client /172.18.0.2:43294 which had sessionid 0x100139388ff0004
2026-08-18 07:08:27,724 [myid:1] - DEBUG [NIOServerCxnFactory.AcceptThread:/0.0.0.0:2181:NIOServerCnxnFactory$AcceptThread@296] - Accepted socket connection from /172.18.0.2:43296
2026-08-18 07:08:27,725 [myid:1] - DEBUG [NIOWorkerThread-21:ZooKeeperServer@1001] - Session establishment request from client /172.18.0.2:43296 client's lastZxid is 0x0
2026-08-18 07:08:27,725 [myid:1] - DEBUG [NIOWorkerThread-21:SessionTrackerImpl@274] - Adding session 0x100139388ff0005
2026-08-18 07:08:27,725 [myid:1] - TRACE [NIOWorkerThread-21:ZooTrace@71] - SessionTrackerImpl --- Adding session 0x100139388ff0005 15000
2026-08-18 07:08:27,726 [myid:1] - DEBUG [NIOWorkerThread-21:ZooKeeperServer@1052] - Client attempting to establish new session: session = 0x100139388ff0005, zxid = 0x0, timeout = 15000, address = /172.18.0.2:43296
2026-08-18 07:08:27,726 [myid:1] - TRACE [ProcessThread(sid:0 cport:2181)::ZooTrace@88] - :Psessionid:0x100139388ff0005 type:createSession cxid:0x0 zxid:0xfffffffffffffffe txntype:unknown reqpath:n/a
2026-08-18 07:08:27,726 [myid:1] - TRACE [ProcessThread(sid:0 cport:2181)::ZooTrace@71] - SessionTrackerImpl --- Existing session 0x100139388ff0005 15000
2026-08-18 07:08:27,745 [myid:1] - DEBUG [SyncThread:0:FinalRequestProcessor@99] - Processing request:: sessionid:0x100139388ff0005 type:createSession cxid:0x0 zxid:0xf txntype:-10 reqpath:n/a
2026-08-18 07:08:27,745 [myid:1] - TRACE [SyncThread:0:ZooTrace@88] - :Esessionid:0x100139388ff0005 type:createSession cxid:0x0 zxid:0xf txntype:-10 reqpath:n/a
2026-08-18 07:08:27,746 [myid:1] - TRACE [SyncThread:0:ZooTrace@71] - SessionTrackerImpl --- Existing session 0x100139388ff0005 15000
2026-08-18 07:08:27,746 [myid:1] - DEBUG [SyncThread:0:FinalRequestProcessor@186] - sessionid:0x100139388ff0005 type:createSession cxid:0x0 zxid:0xf txntype:-10 reqpath:n/a
2026-08-18 07:08:27,746 [myid:1] - TRACE [SyncThread:0:NIOServerCnxn@156] - Add a buffer to outgoingBuffers, sk sun.nio.ch.SelectionKeyImpl@acef88d is valid: true
2026-08-18 07:08:27,746 [myid:1] - DEBUG [SyncThread:0:ZooKeeperServer@754] - Established session 0x100139388ff0005 with negotiated timeout 15000 for client /172.18.0.2:43296
2026-08-18 07:08:27,747 [myid:1] - TRACE [ProcessThread(sid:0 cport:2181)::ZooTrace@88] - :Psessionid:0x100139388ff0005 type:exists cxid:0x1 zxid:0xfffffffffffffffe txntype:unknown reqpath:/parent
2026-08-18 07:08:27,747 [myid:1] - DEBUG [ProcessThread(sid:0 cport:2181)::SessionTrackerImpl@296] - Checking session 0x100139388ff0005
2026-08-18 07:08:27,747 [myid:1] - DEBUG [SyncThread:0:FinalRequestProcessor@99] - Processing request:: sessionid:0x100139388ff0005 type:exists cxid:0x1 zxid:0xfffffffffffffffe txntype:unknown reqpath:/parent
2026-08-18 07:08:27,747 [myid:1] - TRACE [SyncThread:0:ZooTrace@88] - :Esessionid:0x100139388ff0005 type:exists cxid:0x1 zxid:0xfffffffffffffffe txntype:unknown reqpath:/parent
2026-08-18 07:08:27,747 [myid:1] - DEBUG [SyncThread:0:FinalRequestProcessor@186] - sessionid:0x100139388ff0005 type:exists cxid:0x1 zxid:0xfffffffffffffffe txntype:unknown reqpath:/parent
2026-08-18 07:08:27,747 [myid:1] - TRACE [SyncThread:0:NIOServerCnxn@156] - Add a buffer to outgoingBuffers, sk sun.nio.ch.SelectionKeyImpl@acef88d is valid: true
2026-08-18 07:08:27,748 [myid:1] - TRACE [ProcessThread(sid:0 cport:2181)::ZooTrace@88] - :Psessionid:0x100139388ff0005 type:getChildren cxid:0x2 zxid:0xfffffffffffffffe txntype:unknown reqpath:/parent
2026-08-18 07:08:27,748 [myid:1] - DEBUG [ProcessThread(sid:0 cport:2181)::SessionTrackerImpl@296] - Checking session 0x100139388ff0005
2026-08-18 07:08:27,748 [myid:1] - DEBUG [SyncThread:0:FinalRequestProcessor@99] - Processing request:: sessionid:0x100139388ff0005 type:getChildren cxid:0x2 zxid:0xfffffffffffffffe txntype:unknown reqpath:/parent
2026-08-18 07:08:27,748 [myid:1] - TRACE [SyncThread:0:ZooTrace@88] - :Esessionid:0x100139388ff0005 type:getChildren cxid:0x2 zxid:0xfffffffffffffffe txntype:unknown reqpath:/parent
2026-08-18 07:08:27,748 [myid:1] - DEBUG [SyncThread:0:FinalRequestProcessor@186] - sessionid:0x100139388ff0005 type:getChildren cxid:0x2 zxid:0xfffffffffffffffe txntype:unknown reqpath:/parent
2026-08-18 07:08:27,748 [myid:1] - DEBUG [SyncThread:0:PrepRequestProcessor@298] - Permission requested: 1 
2026-08-18 07:08:27,748 [myid:1] - DEBUG [SyncThread:0:PrepRequestProcessor@299] - ACLs for node: [31,s{'world,'anyone}
]
2026-08-18 07:08:27,749 [myid:1] - DEBUG [SyncThread:0:PrepRequestProcessor@300] - Client credentials: ['ip,'172.18.0.2
]
2026-08-18 07:08:27,749 [myid:1] - TRACE [SyncThread:0:NIOServerCnxn@156] - Add a buffer to outgoingBuffers, sk sun.nio.ch.SelectionKeyImpl@acef88d is valid: true
2026-08-18 07:08:27,750 [myid:1] - TRACE [ProcessThread(sid:0 cport:2181)::ZooTrace@88] - :Psessionid:0x100139388ff0005 type:getChildren cxid:0x3 zxid:0xfffffffffffffffe txntype:unknown reqpath:/parent/child0413
2026-08-18 07:08:27,750 [myid:1] - DEBUG [ProcessThread(sid:0 cport:2181)::SessionTrackerImpl@296] - Checking session 0x100139388ff0005
2026-08-18 07:08:27,750 [myid:1] - DEBUG [SyncThread:0:FinalRequestProcessor@99] - Processing request:: sessionid:0x100139388ff0005 type:getChildren cxid:0x3 zxid:0xfffffffffffffffe txntype:unknown reqpath:/parent/child0413
2026-08-18 07:08:27,750 [myid:1] - TRACE [SyncThread:0:ZooTrace@88] - :Esessionid:0x100139388ff0005 type:getChildren cxid:0x3 zxid:0xfffffffffffffffe txntype:unknown reqpath:/parent/child0413
2026-08-18 07:08:27,750 [myid:1] - DEBUG [SyncThread:0:FinalRequestProcessor@186] - sessionid:0x100139388ff0005 type:getChildren cxid:0x3 zxid:0xfffffffffffffffe txntype:unknown reqpath:/parent/child0413
2026-08-18 07:08:27,750 [myid:1] - DEBUG [SyncThread:0:PrepRequestProcessor@298] - Permission requested: 1 
2026-08-18 07:08:27,750 [myid:1] - DEBUG [SyncThread:0:PrepRequestProcessor@299] - ACLs for node: [31,s{'digest,'pat:KDzjoQ5VTKQfcjheJHwntPTKiXc=}
]
2026-08-18 07:08:27,750 [myid:1] - DEBUG [SyncThread:0:PrepRequestProcessor@300] - Client credentials: ['ip,'172.18.0.2
]
2026-08-18 07:08:27,750 [myid:1] - TRACE [SyncThread:0:NIOServerCnxn@156] - Add a buffer to outgoingBuffers, sk sun.nio.ch.SelectionKeyImpl@acef88d is valid: true
2026-08-18 07:08:27,751 [myid:1] - TRACE [ProcessThread(sid:0 cport:2181)::ZooTrace@88] - :Psessionid:0x100139388ff0005 type:closeSession cxid:0x4 zxid:0xfffffffffffffffe txntype:unknown reqpath:n/a
2026-08-18 07:08:27,751 [myid:1] - TRACE [ProcessThread(sid:0 cport:2181)::SessionTrackerImpl@213] - Session closing: 0x100139388ff0005
2026-08-18 07:08:27,752 [myid:1] - DEBUG [SyncThread:0:FinalRequestProcessor@99] - Processing request:: sessionid:0x100139388ff0005 type:closeSession cxid:0x4 zxid:0x10 txntype:-11 reqpath:n/a
2026-08-18 07:08:27,752 [myid:1] - TRACE [SyncThread:0:ZooTrace@88] - :Esessionid:0x100139388ff0005 type:closeSession cxid:0x4 zxid:0x10 txntype:-11 reqpath:n/a
2026-08-18 07:08:27,752 [myid:1] - DEBUG [SyncThread:0:SessionTrackerImpl@223] - Removing session 0x100139388ff0005
2026-08-18 07:08:27,752 [myid:1] - TRACE [SyncThread:0:ZooTrace@71] - SessionTrackerImpl --- Removing session 0x100139388ff0005
2026-08-18 07:08:27,752 [myid:1] - DEBUG [SyncThread:0:FinalRequestProcessor@186] - sessionid:0x100139388ff0005 type:closeSession cxid:0x4 zxid:0x10 txntype:-11 reqpath:n/a
2026-08-18 07:08:27,752 [myid:1] - TRACE [SyncThread:0:NIOServerCnxn@156] - Add a buffer to outgoingBuffers, sk sun.nio.ch.SelectionKeyImpl@acef88d is valid: true
2026-08-18 07:08:27,752 [myid:1] - TRACE [SyncThread:0:NIOServerCnxn@156] - Add a buffer to outgoingBuffers, sk sun.nio.ch.SelectionKeyImpl@acef88d is valid: true
2026-08-18 07:08:27,752 [myid:1] - DEBUG [NIOWorkerThread-6:MBeanRegistry@127] - Unregister MBean [org.apache.ZooKeeperService:name0=StandaloneServer_port2181,name1=Connections,name2=172.18.0.2,name3=0x100139388ff0005]
2026-08-18 07:08:27,752 [myid:1] - DEBUG [NIOWorkerThread-6:NIOServerCnxn@627] - Closed socket connection for client /172.18.0.2:43296 which had sessionid 0x100139388ff0005
2026-08-18 07:09:15,512 [myid:1] - DEBUG [NIOServerCxnFactory.AcceptThread:/0.0.0.0:2181:NIOServerCnxnFactory$AcceptThread@296] - Accepted socket connection from /172.18.0.2:47702
2026-08-18 07:09:15,513 [myid:1] - DEBUG [NIOWorkerThread-7:ZooKeeperServer@1001] - Session establishment request from client /172.18.0.2:47702 client's lastZxid is 0x0
2026-08-18 07:09:15,513 [myid:1] - DEBUG [NIOWorkerThread-7:SessionTrackerImpl@274] - Adding session 0x100139388ff0006
2026-08-18 07:09:15,513 [myid:1] - TRACE [NIOWorkerThread-7:ZooTrace@71] - SessionTrackerImpl --- Adding session 0x100139388ff0006 15000
2026-08-18 07:09:15,513 [myid:1] - DEBUG [NIOWorkerThread-7:ZooKeeperServer@1052] - Client attempting to establish new session: session = 0x100139388ff0006, zxid = 0x0, timeout = 15000, address = /172.18.0.2:47702
2026-08-18 07:09:15,513 [myid:1] - TRACE [ProcessThread(sid:0 cport:2181)::ZooTrace@88] - :Psessionid:0x100139388ff0006 type:createSession cxid:0x0 zxid:0xfffffffffffffffe txntype:unknown reqpath:n/a
2026-08-18 07:09:15,513 [myid:1] - TRACE [ProcessThread(sid:0 cport:2181)::ZooTrace@71] - SessionTrackerImpl --- Existing session 0x100139388ff0006 15000
2026-08-18 07:09:15,533 [myid:1] - DEBUG [SyncThread:0:FinalRequestProcessor@99] - Processing request:: sessionid:0x100139388ff0006 type:createSession cxid:0x0 zxid:0x11 txntype:-10 reqpath:n/a
2026-08-18 07:09:15,533 [myid:1] - TRACE [SyncThread:0:ZooTrace@88] - :Esessionid:0x100139388ff0006 type:createSession cxid:0x0 zxid:0x11 txntype:-10 reqpath:n/a
2026-08-18 07:09:15,533 [myid:1] - TRACE [SyncThread:0:ZooTrace@71] - SessionTrackerImpl --- Existing session 0x100139388ff0006 15000
2026-08-18 07:09:15,533 [myid:1] - DEBUG [SyncThread:0:FinalRequestProcessor@186] - sessionid:0x100139388ff0006 type:createSession cxid:0x0 zxid:0x11 txntype:-10 reqpath:n/a
2026-08-18 07:09:15,533 [myid:1] - TRACE [SyncThread:0:NIOServerCnxn@156] - Add a buffer to outgoingBuffers, sk sun.nio.ch.SelectionKeyImpl@276f14a7 is valid: true
2026-08-18 07:09:15,533 [myid:1] - DEBUG [SyncThread:0:ZooKeeperServer@754] - Established session 0x100139388ff0006 with negotiated timeout 15000 for client /172.18.0.2:47702
2026-08-18 07:09:15,534 [myid:1] - TRACE [ProcessThread(sid:0 cport:2181)::ZooTrace@88] - :Psessionid:0x100139388ff0006 type:exists cxid:0x1 zxid:0xfffffffffffffffe txntype:unknown reqpath:/parent
2026-08-18 07:09:15,534 [myid:1] - DEBUG [ProcessThread(sid:0 cport:2181)::SessionTrackerImpl@296] - Checking session 0x100139388ff0006
2026-08-18 07:09:15,534 [myid:1] - DEBUG [SyncThread:0:FinalRequestProcessor@99] - Processing request:: sessionid:0x100139388ff0006 type:exists cxid:0x1 zxid:0xfffffffffffffffe txntype:unknown reqpath:/parent
2026-08-18 07:09:15,534 [myid:1] - TRACE [SyncThread:0:ZooTrace@88] - :Esessionid:0x100139388ff0006 type:exists cxid:0x1 zxid:0xfffffffffffffffe txntype:unknown reqpath:/parent
2026-08-18 07:09:15,535 [myid:1] - DEBUG [SyncThread:0:FinalRequestProcessor@186] - sessionid:0x100139388ff0006 type:exists cxid:0x1 zxid:0xfffffffffffffffe txntype:unknown reqpath:/parent
2026-08-18 07:09:15,535 [myid:1] - TRACE [SyncThread:0:NIOServerCnxn@156] - Add a buffer to outgoingBuffers, sk sun.nio.ch.SelectionKeyImpl@276f14a7 is valid: true
2026-08-18 07:09:15,535 [myid:1] - TRACE [ProcessThread(sid:0 cport:2181)::ZooTrace@88] - :Psessionid:0x100139388ff0006 type:getChildren cxid:0x2 zxid:0xfffffffffffffffe txntype:unknown reqpath:/parent
2026-08-18 07:09:15,535 [myid:1] - DEBUG [ProcessThread(sid:0 cport:2181)::SessionTrackerImpl@296] - Checking session 0x100139388ff0006
2026-08-18 07:09:15,535 [myid:1] - DEBUG [SyncThread:0:FinalRequestProcessor@99] - Processing request:: sessionid:0x100139388ff0006 type:getChildren cxid:0x2 zxid:0xfffffffffffffffe txntype:unknown reqpath:/parent
2026-08-18 07:09:15,535 [myid:1] - TRACE [SyncThread:0:ZooTrace@88] - :Esessionid:0x100139388ff0006 type:getChildren cxid:0x2 zxid:0xfffffffffffffffe txntype:unknown reqpath:/parent
2026-08-18 07:09:15,535 [myid:1] - DEBUG [SyncThread:0:FinalRequestProcessor@186] - sessionid:0x100139388ff0006 type:getChildren cxid:0x2 zxid:0xfffffffffffffffe txntype:unknown reqpath:/parent
2026-08-18 07:09:15,535 [myid:1] - DEBUG [SyncThread:0:PrepRequestProcessor@298] - Permission requested: 1 
2026-08-18 07:09:15,536 [myid:1] - DEBUG [SyncThread:0:PrepRequestProcessor@299] - ACLs for node: [31,s{'world,'anyone}
]
2026-08-18 07:09:15,536 [myid:1] - DEBUG [SyncThread:0:PrepRequestProcessor@300] - Client credentials: ['ip,'172.18.0.2
]
2026-08-18 07:09:15,536 [myid:1] - TRACE [SyncThread:0:NIOServerCnxn@156] - Add a buffer to outgoingBuffers, sk sun.nio.ch.SelectionKeyImpl@276f14a7 is valid: true
2026-08-18 07:09:15,536 [myid:1] - TRACE [ProcessThread(sid:0 cport:2181)::ZooTrace@88] - :Psessionid:0x100139388ff0006 type:getChildren cxid:0x3 zxid:0xfffffffffffffffe txntype:unknown reqpath:/parent/child0413
2026-08-18 07:09:15,536 [myid:1] - DEBUG [ProcessThread(sid:0 cport:2181)::SessionTrackerImpl@296] - Checking session 0x100139388ff0006
2026-08-18 07:09:15,537 [myid:1] - DEBUG [SyncThread:0:FinalRequestProcessor@99] - Processing request:: sessionid:0x100139388ff0006 type:getChildren cxid:0x3 zxid:0xfffffffffffffffe txntype:unknown reqpath:/parent/child0413
2026-08-18 07:09:15,537 [myid:1] - TRACE [SyncThread:0:ZooTrace@88] - :Esessionid:0x100139388ff0006 type:getChildren cxid:0x3 zxid:0xfffffffffffffffe txntype:unknown reqpath:/parent/child0413
2026-08-18 07:09:15,537 [myid:1] - DEBUG [SyncThread:0:FinalRequestProcessor@186] - sessionid:0x100139388ff0006 type:getChildren cxid:0x3 zxid:0xfffffffffffffffe txntype:unknown reqpath:/parent/child0413
2026-08-18 07:09:15,537 [myid:1] - DEBUG [SyncThread:0:PrepRequestProcessor@298] - Permission requested: 1 
2026-08-18 07:09:15,537 [myid:1] - DEBUG [SyncThread:0:PrepRequestProcessor@299] - ACLs for node: [31,s{'digest,'pat:KDzjoQ5VTKQfcjheJHwntPTKiXc=}
]
2026-08-18 07:09:15,537 [myid:1] - DEBUG [SyncThread:0:PrepRequestProcessor@300] - Client credentials: ['ip,'172.18.0.2
]
2026-08-18 07:09:15,537 [myid:1] - TRACE [SyncThread:0:NIOServerCnxn@156] - Add a buffer to outgoingBuffers, sk sun.nio.ch.SelectionKeyImpl@276f14a7 is valid: true
2026-08-18 07:09:15,537 [myid:1] - TRACE [ProcessThread(sid:0 cport:2181)::ZooTrace@88] - :Psessionid:0x100139388ff0006 type:closeSession cxid:0x4 zxid:0xfffffffffffffffe txntype:unknown reqpath:n/a
2026-08-18 07:09:15,537 [myid:1] - TRACE [ProcessThread(sid:0 cport:2181)::SessionTrackerImpl@213] - Session closing: 0x100139388ff0006
2026-08-18 07:09:15,538 [myid:1] - DEBUG [SyncThread:0:FinalRequestProcessor@99] - Processing request:: sessionid:0x100139388ff0006 type:closeSession cxid:0x4 zxid:0x12 txntype:-11 reqpath:n/a
2026-08-18 07:09:15,538 [myid:1] - TRACE [SyncThread:0:ZooTrace@88] - :Esessionid:0x100139388ff0006 type:closeSession cxid:0x4 zxid:0x12 txntype:-11 reqpath:n/a
2026-08-18 07:09:15,538 [myid:1] - DEBUG [SyncThread:0:SessionTrackerImpl@223] - Removing session 0x100139388ff0006
2026-08-18 07:09:15,538 [myid:1] - TRACE [SyncThread:0:ZooTrace@71] - SessionTrackerImpl --- Removing session 0x100139388ff0006
2026-08-18 07:09:15,538 [myid:1] - DEBUG [SyncThread:0:FinalRequestProcessor@186] - sessionid:0x100139388ff0006 type:closeSession cxid:0x4 zxid:0x12 txntype:-11 reqpath:n/a
2026-08-18 07:09:15,538 [myid:1] - TRACE [SyncThread:0:NIOServerCnxn@156] - Add a buffer to outgoingBuffers, sk sun.nio.ch.SelectionKeyImpl@276f14a7 is valid: true
2026-08-18 07:09:15,538 [myid:1] - TRACE [SyncThread:0:NIOServerCnxn@156] - Add a buffer to outgoingBuffers, sk sun.nio.ch.SelectionKeyImpl@276f14a7 is valid: true
2026-08-18 07:09:15,539 [myid:1] - DEBUG [NIOWorkerThread-16:MBeanRegistry@127] - Unregister MBean [org.apache.ZooKeeperService:name0=StandaloneServer_port2181,name1=Connections,name2=172.18.0.2,name3=0x100139388ff0006]
2026-08-18 07:09:15,539 [myid:1] - DEBUG [NIOWorkerThread-16:NIOServerCnxn@627] - Closed socket connection for client /172.18.0.2:47702 which had sessionid 0x100139388ff0006
2026-08-18 07:10:41,627 [myid:1] - DEBUG [NIOServerCxnFactory.AcceptThread:/0.0.0.0:2181:NIOServerCnxnFactory$AcceptThread@296] - Accepted socket connection from /172.18.0.2:49616
2026-08-18 07:10:41,628 [myid:1] - DEBUG [NIOWorkerThread-17:ZooKeeperServer@1001] - Session establishment request from client /172.18.0.2:49616 client's lastZxid is 0x0
2026-08-18 07:10:41,628 [myid:1] - DEBUG [NIOWorkerThread-17:SessionTrackerImpl@274] - Adding session 0x100139388ff0007
2026-08-18 07:10:41,628 [myid:1] - TRACE [NIOWorkerThread-17:ZooTrace@71] - SessionTrackerImpl --- Adding session 0x100139388ff0007 15000
2026-08-18 07:10:41,628 [myid:1] - DEBUG [NIOWorkerThread-17:ZooKeeperServer@1052] - Client attempting to establish new session: session = 0x100139388ff0007, zxid = 0x0, timeout = 15000, address = /172.18.0.2:49616
2026-08-18 07:10:41,629 [myid:1] - TRACE [ProcessThread(sid:0 cport:2181)::ZooTrace@88] - :Psessionid:0x100139388ff0007 type:createSession cxid:0x0 zxid:0xfffffffffffffffe txntype:unknown reqpath:n/a
2026-08-18 07:10:41,629 [myid:1] - TRACE [ProcessThread(sid:0 cport:2181)::ZooTrace@71] - SessionTrackerImpl --- Existing session 0x100139388ff0007 15000
2026-08-18 07:10:41,632 [myid:1] - DEBUG [SyncThread:0:FinalRequestProcessor@99] - Processing request:: sessionid:0x100139388ff0007 type:createSession cxid:0x0 zxid:0x13 txntype:-10 reqpath:n/a
2026-08-18 07:10:41,633 [myid:1] - TRACE [SyncThread:0:ZooTrace@88] - :Esessionid:0x100139388ff0007 type:createSession cxid:0x0 zxid:0x13 txntype:-10 reqpath:n/a
2026-08-18 07:10:41,633 [myid:1] - TRACE [SyncThread:0:ZooTrace@71] - SessionTrackerImpl --- Existing session 0x100139388ff0007 15000
2026-08-18 07:10:41,633 [myid:1] - DEBUG [SyncThread:0:FinalRequestProcessor@186] - sessionid:0x100139388ff0007 type:createSession cxid:0x0 zxid:0x13 txntype:-10 reqpath:n/a
2026-08-18 07:10:41,633 [myid:1] - TRACE [SyncThread:0:NIOServerCnxn@156] - Add a buffer to outgoingBuffers, sk sun.nio.ch.SelectionKeyImpl@29c336e1 is valid: true
2026-08-18 07:10:41,633 [myid:1] - DEBUG [SyncThread:0:ZooKeeperServer@754] - Established session 0x100139388ff0007 with negotiated timeout 15000 for client /172.18.0.2:49616
2026-08-18 07:10:41,634 [myid:1] - TRACE [ProcessThread(sid:0 cport:2181)::ZooTrace@88] - :Psessionid:0x100139388ff0007 type:exists cxid:0x1 zxid:0xfffffffffffffffe txntype:unknown reqpath:/parent
2026-08-18 07:10:41,634 [myid:1] - DEBUG [ProcessThread(sid:0 cport:2181)::SessionTrackerImpl@296] - Checking session 0x100139388ff0007
2026-08-18 07:10:41,635 [myid:1] - DEBUG [SyncThread:0:FinalRequestProcessor@99] - Processing request:: sessionid:0x100139388ff0007 type:exists cxid:0x1 zxid:0xfffffffffffffffe txntype:unknown reqpath:/parent
2026-08-18 07:10:41,635 [myid:1] - TRACE [SyncThread:0:ZooTrace@88] - :Esessionid:0x100139388ff0007 type:exists cxid:0x1 zxid:0xfffffffffffffffe txntype:unknown reqpath:/parent
2026-08-18 07:10:41,635 [myid:1] - DEBUG [SyncThread:0:FinalRequestProcessor@186] - sessionid:0x100139388ff0007 type:exists cxid:0x1 zxid:0xfffffffffffffffe txntype:unknown reqpath:/parent
2026-08-18 07:10:41,635 [myid:1] - TRACE [SyncThread:0:NIOServerCnxn@156] - Add a buffer to outgoingBuffers, sk sun.nio.ch.SelectionKeyImpl@29c336e1 is valid: true
2026-08-18 07:10:41,636 [myid:1] - TRACE [ProcessThread(sid:0 cport:2181)::ZooTrace@88] - :Psessionid:0x100139388ff0007 type:getChildren cxid:0x2 zxid:0xfffffffffffffffe txntype:unknown reqpath:/parent
2026-08-18 07:10:41,636 [myid:1] - DEBUG [ProcessThread(sid:0 cport:2181)::SessionTrackerImpl@296] - Checking session 0x100139388ff0007
2026-08-18 07:10:41,636 [myid:1] - DEBUG [SyncThread:0:FinalRequestProcessor@99] - Processing request:: sessionid:0x100139388ff0007 type:getChildren cxid:0x2 zxid:0xfffffffffffffffe txntype:unknown reqpath:/parent
2026-08-18 07:10:41,636 [myid:1] - TRACE [SyncThread:0:ZooTrace@88] - :Esessionid:0x100139388ff0007 type:getChildren cxid:0x2 zxid:0xfffffffffffffffe txntype:unknown reqpath:/parent
2026-08-18 07:10:41,636 [myid:1] - DEBUG [SyncThread:0:FinalRequestProcessor@186] - sessionid:0x100139388ff0007 type:getChildren cxid:0x2 zxid:0xfffffffffffffffe txntype:unknown reqpath:/parent
2026-08-18 07:10:41,636 [myid:1] - DEBUG [SyncThread:0:PrepRequestProcessor@298] - Permission requested: 1 
2026-08-18 07:10:41,636 [myid:1] - DEBUG [SyncThread:0:PrepRequestProcessor@299] - ACLs for node: [31,s{'world,'anyone}
]
2026-08-18 07:10:41,636 [myid:1] - DEBUG [SyncThread:0:PrepRequestProcessor@300] - Client credentials: ['ip,'172.18.0.2
]
2026-08-18 07:10:41,637 [myid:1] - TRACE [SyncThread:0:NIOServerCnxn@156] - Add a buffer to outgoingBuffers, sk sun.nio.ch.SelectionKeyImpl@29c336e1 is valid: true
2026-08-18 07:10:41,638 [myid:1] - TRACE [ProcessThread(sid:0 cport:2181)::ZooTrace@88] - :Psessionid:0x100139388ff0007 type:getChildren cxid:0x3 zxid:0xfffffffffffffffe txntype:unknown reqpath:/parent/child0413
2026-08-18 07:10:41,638 [myid:1] - DEBUG [ProcessThread(sid:0 cport:2181)::SessionTrackerImpl@296] - Checking session 0x100139388ff0007
2026-08-18 07:10:41,638 [myid:1] - DEBUG [SyncThread:0:FinalRequestProcessor@99] - Processing request:: sessionid:0x100139388ff0007 type:getChildren cxid:0x3 zxid:0xfffffffffffffffe txntype:unknown reqpath:/parent/child0413
2026-08-18 07:10:41,638 [myid:1] - TRACE [SyncThread:0:ZooTrace@88] - :Esessionid:0x100139388ff0007 type:getChildren cxid:0x3 zxid:0xfffffffffffffffe txntype:unknown reqpath:/parent/child0413
2026-08-18 07:10:41,638 [myid:1] - DEBUG [SyncThread:0:FinalRequestProcessor@186] - sessionid:0x100139388ff0007 type:getChildren cxid:0x3 zxid:0xfffffffffffffffe txntype:unknown reqpath:/parent/child0413
2026-08-18 07:10:41,638 [myid:1] - DEBUG [SyncThread:0:PrepRequestProcessor@298] - Permission requested: 1 
2026-08-18 07:10:41,638 [myid:1] - DEBUG [SyncThread:0:PrepRequestProcessor@299] - ACLs for node: [31,s{'digest,'pat:KDzjoQ5VTKQfcjheJHwntPTKiXc=}
]
2026-08-18 07:10:41,638 [myid:1] - DEBUG [SyncThread:0:PrepRequestProcessor@300] - Client credentials: ['ip,'172.18.0.2
]
2026-08-18 07:10:41,638 [myid:1] - TRACE [SyncThread:0:NIOServerCnxn@156] - Add a buffer to outgoingBuffers, sk sun.nio.ch.SelectionKeyImpl@29c336e1 is valid: true
2026-08-18 07:10:41,639 [myid:1] - TRACE [ProcessThread(sid:0 cport:2181)::ZooTrace@88] - :Psessionid:0x100139388ff0007 type:closeSession cxid:0x4 zxid:0xfffffffffffffffe txntype:unknown reqpath:n/a
2026-08-18 07:10:41,639 [myid:1] - TRACE [ProcessThread(sid:0 cport:2181)::SessionTrackerImpl@213] - Session closing: 0x100139388ff0007
2026-08-18 07:10:41,640 [myid:1] - DEBUG [SyncThread:0:FinalRequestProcessor@99] - Processing request:: sessionid:0x100139388ff0007 type:closeSession cxid:0x4 zxid:0x14 txntype:-11 reqpath:n/a
2026-08-18 07:10:41,640 [myid:1] - TRACE [SyncThread:0:ZooTrace@88] - :Esessionid:0x100139388ff0007 type:closeSession cxid:0x4 zxid:0x14 txntype:-11 reqpath:n/a
2026-08-18 07:10:41,640 [myid:1] - DEBUG [SyncThread:0:SessionTrackerImpl@223] - Removing session 0x100139388ff0007
2026-08-18 07:10:41,640 [myid:1] - TRACE [SyncThread:0:ZooTrace@71] - SessionTrackerImpl --- Removing session 0x100139388ff0007
2026-08-18 07:10:41,640 [myid:1] - DEBUG [SyncThread:0:FinalRequestProcessor@186] - sessionid:0x100139388ff0007 type:closeSession cxid:0x4 zxid:0x14 txntype:-11 reqpath:n/a
2026-08-18 07:10:41,640 [myid:1] - TRACE [SyncThread:0:NIOServerCnxn@156] - Add a buffer to outgoingBuffers, sk sun.nio.ch.SelectionKeyImpl@29c336e1 is valid: true
2026-08-18 07:10:41,640 [myid:1] - TRACE [SyncThread:0:NIOServerCnxn@156] - Add a buffer to outgoingBuffers, sk sun.nio.ch.SelectionKeyImpl@29c336e1 is valid: true
2026-08-18 07:10:41,641 [myid:1] - DEBUG [NIOWorkerThread-2:MBeanRegistry@127] - Unregister MBean [org.apache.ZooKeeperService:name0=StandaloneServer_port2181,name1=Connections,name2=172.18.0.2,name3=0x100139388ff0007]
2026-08-18 07:10:41,641 [myid:1] - DEBUG [NIOWorkerThread-2:NIOServerCnxn@627] - Closed socket connection for client /172.18.0.2:49616 which had sessionid 0x100139388ff0007
2026-08-18 07:11:30,239 [myid:1] - DEBUG [NIOServerCxnFactory.AcceptThread:/0.0.0.0:2181:NIOServerCnxnFactory$AcceptThread@296] - Accepted socket connection from /172.18.0.2:51492
2026-08-18 07:11:30,240 [myid:1] - DEBUG [NIOWorkerThread-3:ZooKeeperServer@1001] - Session establishment request from client /172.18.0.2:51492 client's lastZxid is 0x0
2026-08-18 07:11:30,240 [myid:1] - DEBUG [NIOWorkerThread-3:SessionTrackerImpl@274] - Adding session 0x100139388ff0008
2026-08-18 07:11:30,240 [myid:1] - TRACE [NIOWorkerThread-3:ZooTrace@71] - SessionTrackerImpl --- Adding session 0x100139388ff0008 15000
2026-08-18 07:11:30,240 [myid:1] - TRACE [ProcessThread(sid:0 cport:2181)::ZooTrace@88] - :Psessionid:0x100139388ff0008 type:createSession cxid:0x0 zxid:0xfffffffffffffffe txntype:unknown reqpath:n/a
2026-08-18 07:11:30,240 [myid:1] - DEBUG [NIOWorkerThread-3:ZooKeeperServer@1052] - Client attempting to establish new session: session = 0x100139388ff0008, zxid = 0x0, timeout = 15000, address = /172.18.0.2:51492
2026-08-18 07:11:30,240 [myid:1] - TRACE [ProcessThread(sid:0 cport:2181)::ZooTrace@71] - SessionTrackerImpl --- Existing session 0x100139388ff0008 15000
2026-08-18 07:11:30,244 [myid:1] - DEBUG [SyncThread:0:FinalRequestProcessor@99] - Processing request:: sessionid:0x100139388ff0008 type:createSession cxid:0x0 zxid:0x15 txntype:-10 reqpath:n/a
2026-08-18 07:11:30,244 [myid:1] - TRACE [SyncThread:0:ZooTrace@88] - :Esessionid:0x100139388ff0008 type:createSession cxid:0x0 zxid:0x15 txntype:-10 reqpath:n/a
2026-08-18 07:11:30,244 [myid:1] - TRACE [SyncThread:0:ZooTrace@71] - SessionTrackerImpl --- Existing session 0x100139388ff0008 15000
2026-08-18 07:11:30,244 [myid:1] - DEBUG [SyncThread:0:FinalRequestProcessor@186] - sessionid:0x100139388ff0008 type:createSession cxid:0x0 zxid:0x15 txntype:-10 reqpath:n/a
2026-08-18 07:11:30,245 [myid:1] - TRACE [SyncThread:0:NIOServerCnxn@156] - Add a buffer to outgoingBuffers, sk sun.nio.ch.SelectionKeyImpl@6c671333 is valid: true
2026-08-18 07:11:30,245 [myid:1] - DEBUG [SyncThread:0:ZooKeeperServer@754] - Established session 0x100139388ff0008 with negotiated timeout 15000 for client /172.18.0.2:51492
2026-08-18 07:11:30,246 [myid:1] - TRACE [ProcessThread(sid:0 cport:2181)::ZooTrace@88] - :Psessionid:0x100139388ff0008 type:exists cxid:0x1 zxid:0xfffffffffffffffe txntype:unknown reqpath:/parent
2026-08-18 07:11:30,246 [myid:1] - DEBUG [ProcessThread(sid:0 cport:2181)::SessionTrackerImpl@296] - Checking session 0x100139388ff0008
2026-08-18 07:11:30,246 [myid:1] - DEBUG [SyncThread:0:FinalRequestProcessor@99] - Processing request:: sessionid:0x100139388ff0008 type:exists cxid:0x1 zxid:0xfffffffffffffffe txntype:unknown reqpath:/parent
2026-08-18 07:11:30,246 [myid:1] - TRACE [SyncThread:0:ZooTrace@88] - :Esessionid:0x100139388ff0008 type:exists cxid:0x1 zxid:0xfffffffffffffffe txntype:unknown reqpath:/parent
2026-08-18 07:11:30,246 [myid:1] - DEBUG [SyncThread:0:FinalRequestProcessor@186] - sessionid:0x100139388ff0008 type:exists cxid:0x1 zxid:0xfffffffffffffffe txntype:unknown reqpath:/parent
2026-08-18 07:11:30,246 [myid:1] - TRACE [SyncThread:0:NIOServerCnxn@156] - Add a buffer to outgoingBuffers, sk sun.nio.ch.SelectionKeyImpl@6c671333 is valid: true
2026-08-18 07:11:30,247 [myid:1] - TRACE [ProcessThread(sid:0 cport:2181)::ZooTrace@88] - :Psessionid:0x100139388ff0008 type:getChildren cxid:0x2 zxid:0xfffffffffffffffe txntype:unknown reqpath:/parent
2026-08-18 07:11:30,247 [myid:1] - DEBUG [ProcessThread(sid:0 cport:2181)::SessionTrackerImpl@296] - Checking session 0x100139388ff0008
2026-08-18 07:11:30,247 [myid:1] - DEBUG [SyncThread:0:FinalRequestProcessor@99] - Processing request:: sessionid:0x100139388ff0008 type:getChildren cxid:0x2 zxid:0xfffffffffffffffe txntype:unknown reqpath:/parent
2026-08-18 07:11:30,247 [myid:1] - TRACE [SyncThread:0:ZooTrace@88] - :Esessionid:0x100139388ff0008 type:getChildren cxid:0x2 zxid:0xfffffffffffffffe txntype:unknown reqpath:/parent
2026-08-18 07:11:30,247 [myid:1] - DEBUG [SyncThread:0:FinalRequestProcessor@186] - sessionid:0x100139388ff0008 type:getChildren cxid:0x2 zxid:0xfffffffffffffffe txntype:unknown reqpath:/parent
2026-08-18 07:11:30,247 [myid:1] - DEBUG [SyncThread:0:PrepRequestProcessor@298] - Permission requested: 1 
2026-08-18 07:11:30,247 [myid:1] - DEBUG [SyncThread:0:PrepRequestProcessor@299] - ACLs for node: [31,s{'world,'anyone}
]
2026-08-18 07:11:30,248 [myid:1] - DEBUG [SyncThread:0:PrepRequestProcessor@300] - Client credentials: ['ip,'172.18.0.2
]
2026-08-18 07:11:30,248 [myid:1] - TRACE [SyncThread:0:NIOServerCnxn@156] - Add a buffer to outgoingBuffers, sk sun.nio.ch.SelectionKeyImpl@6c671333 is valid: true
2026-08-18 07:11:30,249 [myid:1] - TRACE [ProcessThread(sid:0 cport:2181)::ZooTrace@88] - :Psessionid:0x100139388ff0008 type:getChildren cxid:0x3 zxid:0xfffffffffffffffe txntype:unknown reqpath:/parent/child0413
2026-08-18 07:11:30,249 [myid:1] - DEBUG [ProcessThread(sid:0 cport:2181)::SessionTrackerImpl@296] - Checking session 0x100139388ff0008
2026-08-18 07:11:30,249 [myid:1] - DEBUG [SyncThread:0:FinalRequestProcessor@99] - Processing request:: sessionid:0x100139388ff0008 type:getChildren cxid:0x3 zxid:0xfffffffffffffffe txntype:unknown reqpath:/parent/child0413
2026-08-18 07:11:30,249 [myid:1] - TRACE [SyncThread:0:ZooTrace@88] - :Esessionid:0x100139388ff0008 type:getChildren cxid:0x3 zxid:0xfffffffffffffffe txntype:unknown reqpath:/parent/child0413
2026-08-18 07:11:30,249 [myid:1] - DEBUG [SyncThread:0:FinalRequestProcessor@186] - sessionid:0x100139388ff0008 type:getChildren cxid:0x3 zxid:0xfffffffffffffffe txntype:unknown reqpath:/parent/child0413
2026-08-18 07:11:30,249 [myid:1] - DEBUG [SyncThread:0:PrepRequestProcessor@298] - Permission requested: 1 
2026-08-18 07:11:30,249 [myid:1] - DEBUG [SyncThread:0:PrepRequestProcessor@299] - ACLs for node: [31,s{'digest,'pat:KDzjoQ5VTKQfcjheJHwntPTKiXc=}
]
2026-08-18 07:11:30,249 [myid:1] - DEBUG [SyncThread:0:PrepRequestProcessor@300] - Client credentials: ['ip,'172.18.0.2
]
2026-08-18 07:11:30,249 [myid:1] - TRACE [SyncThread:0:NIOServerCnxn@156] - Add a buffer to outgoingBuffers, sk sun.nio.ch.SelectionKeyImpl@6c671333 is valid: true
2026-08-18 07:11:30,250 [myid:1] - TRACE [ProcessThread(sid:0 cport:2181)::ZooTrace@88] - :Psessionid:0x100139388ff0008 type:closeSession cxid:0x4 zxid:0xfffffffffffffffe txntype:unknown reqpath:n/a
2026-08-18 07:11:30,250 [myid:1] - TRACE [ProcessThread(sid:0 cport:2181)::SessionTrackerImpl@213] - Session closing: 0x100139388ff0008
2026-08-18 07:11:30,251 [myid:1] - DEBUG [SyncThread:0:FinalRequestProcessor@99] - Processing request:: sessionid:0x100139388ff0008 type:closeSession cxid:0x4 zxid:0x16 txntype:-11 reqpath:n/a
2026-08-18 07:11:30,251 [myid:1] - TRACE [SyncThread:0:ZooTrace@88] - :Esessionid:0x100139388ff0008 type:closeSession cxid:0x4 zxid:0x16 txntype:-11 reqpath:n/a
2026-08-18 07:11:30,251 [myid:1] - DEBUG [SyncThread:0:SessionTrackerImpl@223] - Removing session 0x100139388ff0008
2026-08-18 07:11:30,251 [myid:1] - TRACE [SyncThread:0:ZooTrace@71] - SessionTrackerImpl --- Removing session 0x100139388ff0008
2026-08-18 07:11:30,251 [myid:1] - DEBUG [SyncThread:0:FinalRequestProcessor@186] - sessionid:0x100139388ff0008 type:closeSession cxid:0x4 zxid:0x16 txntype:-11 reqpath:n/a
2026-08-18 07:11:30,251 [myid:1] - TRACE [SyncThread:0:NIOServerCnxn@156] - Add a buffer to outgoingBuffers, sk sun.nio.ch.SelectionKeyImpl@6c671333 is valid: true
2026-08-18 07:11:30,251 [myid:1] - TRACE [SyncThread:0:NIOServerCnxn@156] - Add a buffer to outgoingBuffers, sk sun.nio.ch.SelectionKeyImpl@6c671333 is valid: true
2026-08-18 07:11:30,251 [myid:1] - DEBUG [NIOWorkerThread-12:MBeanRegistry@127] - Unregister MBean [org.apache.ZooKeeperService:name0=StandaloneServer_port2181,name1=Connections,name2=172.18.0.2,name3=0x100139388ff0008]
2026-08-18 07:11:30,252 [myid:1] - DEBUG [NIOWorkerThread-12:NIOServerCnxn@627] - Closed socket connection for client /172.18.0.2:51492 which had sessionid 0x100139388ff0008
2026-08-18 07:14:31,741 [myid:1] - DEBUG [Session-HouseKeeper-56aac163:HouseKeeper@264] - node0 scavenging sessions
2026-08-18 07:14:31,742 [myid:1] - DEBUG [Session-HouseKeeper-56aac163:SessionHandler@1344] - org.eclipse.jetty.server.session.SessionHandler1555690610==dftMaxIdleSec=-1 scavenging sessions
2026-08-18 07:14:31,742 [myid:1] - DEBUG [Session-HouseKeeper-56aac163:SessionHandler@1352] - org.eclipse.jetty.server.session.SessionHandler1555690610==dftMaxIdleSec=-1 scavenging session ids []
2026-08-18 07:14:31,742 [myid:1] - DEBUG [Session-HouseKeeper-56aac163:AbstractSessionCache@647] - org.eclipse.jetty.server.session.DefaultSessionCache@711f39f9[evict=-1,removeUnloadable=false,saveOnCreate=false,saveOnInactiveEvict=false] checking expiration on []
