2026/09/08 07:55:33 [emerg] 4646#0: bind() to 0.0.0.0:80 failed (13: Permission denied)
2026/09/08 07:56:14 [emerg] 4647#0: bind() to 0.0.0.0:80 failed (13: Permission denied)
2026/09/08 07:58:06 [emerg] 4655#0: invalid port in "808080808080808080" of the "listen" directive in /home/asdf/nginx-issue-983-hostvm/nginx-1.29.1-compile/conf/nginx.conf:36
2026/09/08 08:00:44 [notice] 4668#0: signal process started
2026/09/08 08:15:14 [debug] 4760#0: bind() 0.0.0.0:8080 #6 
2026/09/08 08:15:14 [debug] 4760#0: counter: 00007F19DFABD080, 1
2026/09/08 08:16:10 [debug] 4763#0: bind() 0.0.0.0:8080 #6 
2026/09/08 08:16:10 [notice] 4763#0: using the "epoll" event method
2026/09/08 08:16:10 [debug] 4763#0: counter: 00007FB475096080, 1
2026/09/08 08:16:10 [notice] 4763#0: nginx/1.29.1
2026/09/08 08:16:10 [notice] 4763#0: built by gcc 11.4.0 (Ubuntu 11.4.0-1ubuntu1~22.04.3) 
2026/09/08 08:16:10 [notice] 4763#0: OS: Linux 5.15.0-191-generic
2026/09/08 08:16:10 [notice] 4763#0: getrlimit(RLIMIT_NOFILE): 1024:524288
2026/09/08 08:16:10 [debug] 4764#0: write: 7, 00007FFF58860700, 5, 0
2026/09/08 08:16:10 [debug] 4764#0: setproctitle: "nginx: master process sbin/nginx"
2026/09/08 08:16:10 [notice] 4764#0: start worker processes
2026/09/08 08:16:10 [debug] 4764#0: channel 3:7
2026/09/08 08:16:10 [notice] 4764#0: start worker process 4765
2026/09/08 08:16:10 [debug] 4764#0: sigsuspend
2026/09/08 08:16:10 [debug] 4765#0: add cleanup: 000056189B073058
2026/09/08 08:16:10 [debug] 4765#0: malloc: 000056189B057280:8
2026/09/08 08:16:10 [debug] 4765#0: notify eventfd: 9
2026/09/08 08:16:10 [debug] 4765#0: testing the EPOLLRDHUP flag: success
2026/09/08 08:16:10 [debug] 4765#0: malloc: 000056189B064510:6144
2026/09/08 08:16:10 [debug] 4765#0: malloc: 00007FB474D08010:229376
2026/09/08 08:16:10 [debug] 4765#0: malloc: 000056189B075830:98304
2026/09/08 08:16:10 [debug] 4765#0: malloc: 000056189B08D840:98304
2026/09/08 08:16:10 [debug] 4765#0: epoll add event: fd:6 op:1 ev:00002001
2026/09/08 08:16:10 [debug] 4765#0: epoll add event: fd:7 op:1 ev:00002001
2026/09/08 08:16:10 [debug] 4765#0: setproctitle: "nginx: worker process"
2026/09/08 08:16:10 [debug] 4765#0: worker cycle
2026/09/08 08:16:10 [debug] 4765#0: epoll timer: -1
2026/09/08 08:19:32 [notice] 4785#0: signal process started
2026/09/08 08:19:32 [notice] 4764#0: signal 3 (SIGQUIT) received from 4785, shutting down
2026/09/08 08:19:32 [debug] 4764#0: wake up, sigio 0
2026/09/08 08:19:32 [debug] 4764#0: child: 0 4765 e:0 t:0 d:0 r:1 j:0
2026/09/08 08:19:32 [debug] 4764#0: close listening 0.0.0.0:8080 #6 
2026/09/08 08:19:32 [debug] 4764#0: sigsuspend
2026/09/08 08:19:32 [debug] 4765#0: epoll: fd:7 ev:0001 d:00007FB474D080F0
2026/09/08 08:19:32 [debug] 4765#0: channel handler
2026/09/08 08:19:32 [debug] 4765#0: channel: 32
2026/09/08 08:19:32 [debug] 4765#0: channel command: 3
2026/09/08 08:19:32 [debug] 4765#0: channel: -2
2026/09/08 08:19:32 [debug] 4765#0: timer delta: 202453
2026/09/08 08:19:32 [notice] 4765#0: gracefully shutting down
2026/09/08 08:19:32 [debug] 4765#0: setproctitle: "nginx: worker process is shutting down"
2026/09/08 08:19:32 [debug] 4765#0: epoll del event: fd:6 op:2 ev:00000000
2026/09/08 08:19:32 [debug] 4765#0: close listening 0.0.0.0:8080 #6 
2026/09/08 08:19:32 [notice] 4765#0: exiting
2026/09/08 08:19:32 [debug] 4765#0: flush files
2026/09/08 08:19:32 [debug] 4765#0: run cleanup: 000056189B073058
2026/09/08 08:19:32 [debug] 4765#0: run cleanup: 000056189B06F758
2026/09/08 08:19:32 [debug] 4765#0: cleanup resolver
2026/09/08 08:19:32 [debug] 4765#0: run cleanup: 000056189B059438
2026/09/08 08:19:32 [debug] 4765#0: free: 000056189B0745E0
2026/09/08 08:19:32 [debug] 4765#0: free: 000056189B06A990
2026/09/08 08:19:32 [debug] 4765#0: free: 000056189B0698D0
2026/09/08 08:19:32 [debug] 4765#0: free: 000056189B068810
2026/09/08 08:19:32 [debug] 4765#0: free: 000056189B067750
2026/09/08 08:19:32 [debug] 4765#0: free: 000056189B0574D0, unused: 0
2026/09/08 08:19:32 [debug] 4765#0: free: 000056189B060500, unused: 0
2026/09/08 08:19:32 [debug] 4765#0: free: 000056189B06B9A0, unused: 0
2026/09/08 08:19:32 [debug] 4765#0: free: 000056189B06FDC0, unused: 3408
2026/09/08 08:19:32 [notice] 4765#0: exit
2026/09/08 08:19:32 [notice] 4764#0: signal 17 (SIGCHLD) received from 4765
2026/09/08 08:19:32 [notice] 4764#0: worker process 4765 exited with code 0
2026/09/08 08:19:32 [debug] 4764#0: shmtx forced unlock
2026/09/08 08:19:32 [debug] 4764#0: wake up, sigio 0
2026/09/08 08:19:32 [debug] 4764#0: reap children
2026/09/08 08:19:32 [debug] 4764#0: child: 0 4765 e:1 t:1 d:0 r:1 j:0
2026/09/08 08:19:32 [notice] 4764#0: exit
2026/09/08 08:19:32 [debug] 4764#0: run cleanup: 000056189B06F758
2026/09/08 08:19:32 [debug] 4764#0: cleanup resolver
2026/09/08 08:19:32 [debug] 4764#0: run cleanup: 000056189B059438
2026/09/08 08:19:32 [debug] 4764#0: free: 000056189B0745E0
2026/09/08 08:19:32 [debug] 4764#0: free: 000056189B06A990
2026/09/08 08:19:32 [debug] 4764#0: free: 000056189B0698D0
2026/09/08 08:19:32 [debug] 4764#0: free: 000056189B068810
2026/09/08 08:19:32 [debug] 4764#0: free: 000056189B067750
2026/09/08 08:19:32 [debug] 4764#0: free: 000056189B0574D0, unused: 0
2026/09/08 08:19:32 [debug] 4764#0: free: 000056189B060500, unused: 0
2026/09/08 08:19:32 [debug] 4764#0: free: 000056189B06B9A0, unused: 0
2026/09/08 08:19:32 [debug] 4764#0: free: 000056189B06FDC0, unused: 3438
2026/09/08 08:21:15 [debug] 4790#0: bind() 0.0.0.0:8080 #6 
2026/09/08 08:21:15 [debug] 4790#0: counter: 00007FD05E532080, 1
2026/09/08 08:21:23 [debug] 4791#0: bind() 0.0.0.0:8080 #6 
2026/09/08 08:21:23 [notice] 4791#0: using the "epoll" event method
2026/09/08 08:21:23 [debug] 4791#0: counter: 00007F3CDF441080, 1
2026/09/08 08:21:23 [notice] 4791#0: nginx/1.29.1
2026/09/08 08:21:23 [notice] 4791#0: built by gcc 11.4.0 (Ubuntu 11.4.0-1ubuntu1~22.04.3) 
2026/09/08 08:21:23 [notice] 4791#0: OS: Linux 5.15.0-191-generic
2026/09/08 08:21:23 [notice] 4791#0: getrlimit(RLIMIT_NOFILE): 1024:524288
2026/09/08 08:21:23 [debug] 4792#0: write: 7, 00007FFDE8CECE40, 5, 0
2026/09/08 08:21:23 [debug] 4792#0: setproctitle: "nginx: master process sbin/nginx"
2026/09/08 08:21:23 [notice] 4792#0: start worker processes
2026/09/08 08:21:23 [debug] 4792#0: channel 3:7
2026/09/08 08:21:23 [notice] 4792#0: start worker process 4793
2026/09/08 08:21:23 [debug] 4792#0: sigsuspend
2026/09/08 08:21:23 [debug] 4793#0: add cleanup: 0000565383964F28
2026/09/08 08:21:23 [debug] 4793#0: malloc: 0000565383945280:8
2026/09/08 08:21:23 [debug] 4793#0: notify eventfd: 9
2026/09/08 08:21:23 [debug] 4793#0: testing the EPOLLRDHUP flag: success
2026/09/08 08:21:23 [debug] 4793#0: malloc: 0000565383952510:6144
2026/09/08 08:21:23 [debug] 4793#0: malloc: 00007F3CDF0B3010:229376
2026/09/08 08:21:23 [debug] 4793#0: malloc: 0000565383967840:98304
2026/09/08 08:21:23 [debug] 4793#0: malloc: 000056538397F850:98304
2026/09/08 08:21:23 [debug] 4793#0: epoll add event: fd:6 op:1 ev:00002001
2026/09/08 08:21:23 [debug] 4793#0: epoll add event: fd:7 op:1 ev:00002001
2026/09/08 08:21:23 [debug] 4793#0: setproctitle: "nginx: worker process"
2026/09/08 08:21:23 [debug] 4793#0: worker cycle
2026/09/08 08:21:23 [debug] 4793#0: epoll timer: -1
2026/09/08 08:21:56 [debug] 4793#0: epoll: fd:6 ev:0001 d:00007F3CDF0B3010
2026/09/08 08:21:56 [debug] 4793#0: accept on 0.0.0.0:8080, ready: 0
2026/09/08 08:21:56 [debug] 4793#0: posix_memalign: 00005653839452A0:512 @16
2026/09/08 08:21:56 [debug] 4793#0: *1 accept: 127.0.0.1:59276 fd:3
2026/09/08 08:21:56 [debug] 4793#0: *1 event timer add: 3: 60000:3296675
2026/09/08 08:21:56 [debug] 4793#0: *1 reusable connection: 1
2026/09/08 08:21:56 [debug] 4793#0: *1 epoll add event: fd:3 op:1 ev:80002001
2026/09/08 08:21:56 [debug] 4793#0: timer delta: 33179
2026/09/08 08:21:56 [debug] 4793#0: worker cycle
2026/09/08 08:21:56 [debug] 4793#0: epoll timer: 60000
2026/09/08 08:21:56 [debug] 4793#0: epoll: fd:3 ev:0001 d:00007F3CDF0B31D0
2026/09/08 08:21:56 [debug] 4793#0: *1 http wait request handler
2026/09/08 08:21:56 [debug] 4793#0: *1 malloc: 0000565383944510:1024
2026/09/08 08:21:56 [debug] 4793#0: *1 recv: eof:0, avail:-1
2026/09/08 08:21:56 [debug] 4793#0: *1 recv: fd:3 84 of 1024
2026/09/08 08:21:56 [debug] 4793#0: *1 reusable connection: 0
2026/09/08 08:21:56 [debug] 4793#0: *1 posix_memalign: 0000565383953D20:4096 @16
2026/09/08 08:21:56 [debug] 4793#0: *1 http process request line
2026/09/08 08:21:56 [debug] 4793#0: *1 http request line: "GET /health HTTP/1.1"
2026/09/08 08:21:56 [debug] 4793#0: *1 http uri: "/health"
2026/09/08 08:21:56 [debug] 4793#0: *1 http args: ""
2026/09/08 08:21:56 [debug] 4793#0: *1 http exten: ""
2026/09/08 08:21:56 [debug] 4793#0: *1 posix_memalign: 00005653839494E0:4096 @16
2026/09/08 08:21:56 [debug] 4793#0: *1 http process request header line
2026/09/08 08:21:56 [debug] 4793#0: *1 http header: "Host: 127.0.0.1:8080"
2026/09/08 08:21:56 [debug] 4793#0: *1 http header: "User-Agent: curl/7.81.0"
2026/09/08 08:21:56 [debug] 4793#0: *1 http header: "Accept: */*"
2026/09/08 08:21:56 [debug] 4793#0: *1 http header done
2026/09/08 08:21:56 [debug] 4793#0: *1 event timer del: 3: 3296675
2026/09/08 08:21:56 [debug] 4793#0: *1 rewrite phase: 0
2026/09/08 08:21:56 [debug] 4793#0: *1 test location: "/static/"
2026/09/08 08:21:56 [debug] 4793#0: *1 test location: "/hello"
2026/09/08 08:21:56 [debug] 4793#0: *1 test location: "/health"
2026/09/08 08:21:56 [debug] 4793#0: *1 using configuration "/health"
2026/09/08 08:21:56 [debug] 4793#0: *1 http cl:-1 max:1048576
2026/09/08 08:21:56 [debug] 4793#0: *1 rewrite phase: 2
2026/09/08 08:21:56 [debug] 4793#0: *1 http set discard body
2026/09/08 08:21:56 [debug] 4793#0: *1 HTTP/1.1 200 OK
Server: nginx/1.29.1
Date: Tue, 08 Sep 2026 08:21:56 GMT
Content-Type: text/plain
Content-Length: 3
Connection: keep-alive

2026/09/08 08:21:56 [debug] 4793#0: *1 write new buf t:1 f:0 0000565383954B70, pos 0000565383954B70, size: 147 file: 0, size: 0
2026/09/08 08:21:56 [debug] 4793#0: *1 http write filter: l:0 f:0 s:147
2026/09/08 08:21:56 [debug] 4793#0: *1 http output filter "/health?"
2026/09/08 08:21:56 [debug] 4793#0: *1 http copy filter: "/health?"
2026/09/08 08:21:56 [debug] 4793#0: *1 http postpone filter "/health?" 00007FFDE8CEC910
2026/09/08 08:21:56 [debug] 4793#0: *1 write old buf t:1 f:0 0000565383954B70, pos 0000565383954B70, size: 147 file: 0, size: 0
2026/09/08 08:21:56 [debug] 4793#0: *1 write new buf t:0 f:0 0000000000000000, pos 000056538395D2C3, size: 3 file: 0, size: 0
2026/09/08 08:21:56 [debug] 4793#0: *1 http write filter: l:1 f:0 s:150
2026/09/08 08:21:56 [debug] 4793#0: *1 http write filter limit 2097152
2026/09/08 08:21:56 [debug] 4793#0: *1 writev: 150 of 150
2026/09/08 08:21:56 [debug] 4793#0: *1 http write filter 0000000000000000
2026/09/08 08:21:56 [debug] 4793#0: *1 http copy filter: 0 "/health?"
2026/09/08 08:21:56 [debug] 4793#0: *1 http finalize request: 0, "/health?" a:1, c:1
2026/09/08 08:21:56 [debug] 4793#0: *1 set http keepalive handler
2026/09/08 08:21:56 [debug] 4793#0: *1 http close request
2026/09/08 08:21:56 [debug] 4793#0: *1 http log handler
2026/09/08 08:21:56 [debug] 4793#0: *1 free: 0000565383953D20, unused: 2
2026/09/08 08:21:56 [debug] 4793#0: *1 free: 00005653839494E0, unused: 2944
2026/09/08 08:21:56 [debug] 4793#0: *1 free: 0000565383944510
2026/09/08 08:21:56 [debug] 4793#0: *1 hc free: 0000000000000000
2026/09/08 08:21:56 [debug] 4793#0: *1 hc busy: 0000000000000000 0
2026/09/08 08:21:56 [debug] 4793#0: *1 tcp_nodelay
2026/09/08 08:21:56 [debug] 4793#0: *1 reusable connection: 1
2026/09/08 08:21:56 [debug] 4793#0: *1 event timer add: 3: 75000:3311676
2026/09/08 08:21:56 [debug] 4793#0: timer delta: 1
2026/09/08 08:21:56 [debug] 4793#0: worker cycle
2026/09/08 08:21:56 [debug] 4793#0: epoll timer: 75000
2026/09/08 08:21:56 [debug] 4793#0: epoll: fd:3 ev:2001 d:00007F3CDF0B31D0
2026/09/08 08:21:56 [debug] 4793#0: *1 http keepalive handler
2026/09/08 08:21:56 [debug] 4793#0: *1 malloc: 0000565383944510:1024
2026/09/08 08:21:56 [debug] 4793#0: *1 recv: eof:1, avail:-1
2026/09/08 08:21:56 [debug] 4793#0: *1 recv: fd:3 0 of 1024
2026/09/08 08:21:56 [info] 4793#0: *1 client 127.0.0.1 closed keepalive connection
2026/09/08 08:21:56 [debug] 4793#0: *1 close http connection: 3
2026/09/08 08:21:56 [debug] 4793#0: *1 event timer del: 3: 3311676
2026/09/08 08:21:56 [debug] 4793#0: *1 reusable connection: 0
2026/09/08 08:21:56 [debug] 4793#0: *1 free: 0000565383944510
2026/09/08 08:21:56 [debug] 4793#0: *1 free: 00005653839452A0, unused: 144
2026/09/08 08:21:56 [debug] 4793#0: timer delta: 2
2026/09/08 08:21:56 [debug] 4793#0: worker cycle
2026/09/08 08:21:56 [debug] 4793#0: epoll timer: -1
2026/09/08 08:21:56 [debug] 4793#0: epoll: fd:6 ev:0001 d:00007F3CDF0B3010
2026/09/08 08:21:56 [debug] 4793#0: accept on 0.0.0.0:8080, ready: 0
2026/09/08 08:21:56 [debug] 4793#0: posix_memalign: 00005653839452A0:512 @16
2026/09/08 08:21:56 [debug] 4793#0: *2 accept: 127.0.0.1:59278 fd:3
2026/09/08 08:21:56 [debug] 4793#0: *2 event timer add: 3: 60000:3296688
2026/09/08 08:21:56 [debug] 4793#0: *2 reusable connection: 1
2026/09/08 08:21:56 [debug] 4793#0: *2 epoll add event: fd:3 op:1 ev:80002001
2026/09/08 08:21:56 [debug] 4793#0: timer delta: 10
2026/09/08 08:21:56 [debug] 4793#0: worker cycle
2026/09/08 08:21:56 [debug] 4793#0: epoll timer: 60000
2026/09/08 08:21:56 [debug] 4793#0: epoll: fd:3 ev:0001 d:00007F3CDF0B31D1
2026/09/08 08:21:56 [debug] 4793#0: *2 http wait request handler
2026/09/08 08:21:56 [debug] 4793#0: *2 malloc: 0000565383944510:1024
2026/09/08 08:21:56 [debug] 4793#0: *2 recv: eof:0, avail:-1
2026/09/08 08:21:56 [debug] 4793#0: *2 recv: fd:3 84 of 1024
2026/09/08 08:21:56 [debug] 4793#0: *2 reusable connection: 0
2026/09/08 08:21:56 [debug] 4793#0: *2 posix_memalign: 0000565383953D20:4096 @16
2026/09/08 08:21:56 [debug] 4793#0: *2 http process request line
2026/09/08 08:21:56 [debug] 4793#0: *2 http request line: "GET /health HTTP/1.1"
2026/09/08 08:21:56 [debug] 4793#0: *2 http uri: "/health"
2026/09/08 08:21:56 [debug] 4793#0: *2 http args: ""
2026/09/08 08:21:56 [debug] 4793#0: *2 http exten: ""
2026/09/08 08:21:56 [debug] 4793#0: *2 posix_memalign: 00005653839494E0:4096 @16
2026/09/08 08:21:56 [debug] 4793#0: *2 http process request header line
2026/09/08 08:21:56 [debug] 4793#0: *2 http header: "Host: 127.0.0.1:8080"
2026/09/08 08:21:56 [debug] 4793#0: *2 http header: "User-Agent: curl/7.81.0"
2026/09/08 08:21:56 [debug] 4793#0: *2 http header: "Accept: */*"
2026/09/08 08:21:56 [debug] 4793#0: *2 http header done
2026/09/08 08:21:56 [debug] 4793#0: *2 event timer del: 3: 3296688
2026/09/08 08:21:56 [debug] 4793#0: *2 rewrite phase: 0
2026/09/08 08:21:56 [debug] 4793#0: *2 test location: "/static/"
2026/09/08 08:21:56 [debug] 4793#0: *2 test location: "/hello"
2026/09/08 08:21:56 [debug] 4793#0: *2 test location: "/health"
2026/09/08 08:21:56 [debug] 4793#0: *2 using configuration "/health"
2026/09/08 08:21:56 [debug] 4793#0: *2 http cl:-1 max:1048576
2026/09/08 08:21:56 [debug] 4793#0: *2 rewrite phase: 2
2026/09/08 08:21:56 [debug] 4793#0: *2 http set discard body
2026/09/08 08:21:56 [debug] 4793#0: *2 HTTP/1.1 200 OK
Server: nginx/1.29.1
Date: Tue, 08 Sep 2026 08:21:56 GMT
Content-Type: text/plain
Content-Length: 3
Connection: keep-alive

2026/09/08 08:21:56 [debug] 4793#0: *2 write new buf t:1 f:0 0000565383954B70, pos 0000565383954B70, size: 147 file: 0, size: 0
2026/09/08 08:21:56 [debug] 4793#0: *2 http write filter: l:0 f:0 s:147
2026/09/08 08:21:56 [debug] 4793#0: *2 http output filter "/health?"
2026/09/08 08:21:56 [debug] 4793#0: *2 http copy filter: "/health?"
2026/09/08 08:21:56 [debug] 4793#0: *2 http postpone filter "/health?" 00007FFDE8CEC910
2026/09/08 08:21:56 [debug] 4793#0: *2 write old buf t:1 f:0 0000565383954B70, pos 0000565383954B70, size: 147 file: 0, size: 0
2026/09/08 08:21:56 [debug] 4793#0: *2 write new buf t:0 f:0 0000000000000000, pos 000056538395D2C3, size: 3 file: 0, size: 0
2026/09/08 08:21:56 [debug] 4793#0: *2 http write filter: l:1 f:0 s:150
2026/09/08 08:21:56 [debug] 4793#0: *2 http write filter limit 2097152
2026/09/08 08:21:56 [debug] 4793#0: *2 writev: 150 of 150
2026/09/08 08:21:56 [debug] 4793#0: *2 http write filter 0000000000000000
2026/09/08 08:21:56 [debug] 4793#0: *2 http copy filter: 0 "/health?"
2026/09/08 08:21:56 [debug] 4793#0: *2 http finalize request: 0, "/health?" a:1, c:1
2026/09/08 08:21:56 [debug] 4793#0: *2 set http keepalive handler
2026/09/08 08:21:56 [debug] 4793#0: *2 http close request
2026/09/08 08:21:56 [debug] 4793#0: *2 http log handler
2026/09/08 08:21:56 [debug] 4793#0: *2 free: 0000565383953D20, unused: 2
2026/09/08 08:21:56 [debug] 4793#0: *2 free: 00005653839494E0, unused: 2944
2026/09/08 08:21:56 [debug] 4793#0: *2 free: 0000565383944510
2026/09/08 08:21:56 [debug] 4793#0: *2 hc free: 0000000000000000
2026/09/08 08:21:56 [debug] 4793#0: *2 hc busy: 0000000000000000 0
2026/09/08 08:21:56 [debug] 4793#0: *2 tcp_nodelay
2026/09/08 08:21:56 [debug] 4793#0: *2 reusable connection: 1
2026/09/08 08:21:56 [debug] 4793#0: *2 event timer add: 3: 75000:3311688
2026/09/08 08:21:56 [debug] 4793#0: timer delta: 0
2026/09/08 08:21:56 [debug] 4793#0: worker cycle
2026/09/08 08:21:56 [debug] 4793#0: epoll timer: 75000
2026/09/08 08:21:56 [debug] 4793#0: epoll: fd:3 ev:2001 d:00007F3CDF0B31D1
2026/09/08 08:21:56 [debug] 4793#0: *2 http keepalive handler
2026/09/08 08:21:56 [debug] 4793#0: *2 malloc: 0000565383944510:1024
2026/09/08 08:21:56 [debug] 4793#0: *2 recv: eof:1, avail:-1
2026/09/08 08:21:56 [debug] 4793#0: *2 recv: fd:3 0 of 1024
2026/09/08 08:21:56 [info] 4793#0: *2 client 127.0.0.1 closed keepalive connection
2026/09/08 08:21:56 [debug] 4793#0: *2 close http connection: 3
2026/09/08 08:21:56 [debug] 4793#0: *2 event timer del: 3: 3311688
2026/09/08 08:21:56 [debug] 4793#0: *2 reusable connection: 0
2026/09/08 08:21:56 [debug] 4793#0: *2 free: 0000565383944510
2026/09/08 08:21:56 [debug] 4793#0: *2 free: 00005653839452A0, unused: 144
2026/09/08 08:21:56 [debug] 4793#0: timer delta: 1
2026/09/08 08:21:56 [debug] 4793#0: worker cycle
2026/09/08 08:21:56 [debug] 4793#0: epoll timer: -1
2026/09/08 08:21:56 [debug] 4793#0: epoll: fd:6 ev:0001 d:00007F3CDF0B3010
2026/09/08 08:21:56 [debug] 4793#0: accept on 0.0.0.0:8080, ready: 0
2026/09/08 08:21:56 [debug] 4793#0: posix_memalign: 00005653839452A0:512 @16
2026/09/08 08:21:56 [debug] 4793#0: *3 accept: 127.0.0.1:59294 fd:3
2026/09/08 08:21:56 [debug] 4793#0: *3 event timer add: 3: 60000:3296699
2026/09/08 08:21:56 [debug] 4793#0: *3 reusable connection: 1
2026/09/08 08:21:56 [debug] 4793#0: *3 epoll add event: fd:3 op:1 ev:80002001
2026/09/08 08:21:56 [debug] 4793#0: timer delta: 10
2026/09/08 08:21:56 [debug] 4793#0: worker cycle
2026/09/08 08:21:56 [debug] 4793#0: epoll timer: 60000
2026/09/08 08:21:56 [debug] 4793#0: epoll: fd:3 ev:0001 d:00007F3CDF0B31D0
2026/09/08 08:21:56 [debug] 4793#0: *3 http wait request handler
2026/09/08 08:21:56 [debug] 4793#0: *3 malloc: 0000565383944510:1024
2026/09/08 08:21:56 [debug] 4793#0: *3 recv: eof:0, avail:-1
2026/09/08 08:21:56 [debug] 4793#0: *3 recv: fd:3 84 of 1024
2026/09/08 08:21:56 [debug] 4793#0: *3 reusable connection: 0
2026/09/08 08:21:56 [debug] 4793#0: *3 posix_memalign: 0000565383953D20:4096 @16
2026/09/08 08:21:56 [debug] 4793#0: *3 http process request line
2026/09/08 08:21:56 [debug] 4793#0: *3 http request line: "GET /health HTTP/1.1"
2026/09/08 08:21:56 [debug] 4793#0: *3 http uri: "/health"
2026/09/08 08:21:56 [debug] 4793#0: *3 http args: ""
2026/09/08 08:21:56 [debug] 4793#0: *3 http exten: ""
2026/09/08 08:21:56 [debug] 4793#0: *3 posix_memalign: 00005653839494E0:4096 @16
2026/09/08 08:21:56 [debug] 4793#0: *3 http process request header line
2026/09/08 08:21:56 [debug] 4793#0: *3 http header: "Host: 127.0.0.1:8080"
2026/09/08 08:21:56 [debug] 4793#0: *3 http header: "User-Agent: curl/7.81.0"
2026/09/08 08:21:56 [debug] 4793#0: *3 http header: "Accept: */*"
2026/09/08 08:21:56 [debug] 4793#0: *3 http header done
2026/09/08 08:21:56 [debug] 4793#0: *3 event timer del: 3: 3296699
2026/09/08 08:21:56 [debug] 4793#0: *3 rewrite phase: 0
2026/09/08 08:21:56 [debug] 4793#0: *3 test location: "/static/"
2026/09/08 08:21:56 [debug] 4793#0: *3 test location: "/hello"
2026/09/08 08:21:56 [debug] 4793#0: *3 test location: "/health"
2026/09/08 08:21:56 [debug] 4793#0: *3 using configuration "/health"
2026/09/08 08:21:56 [debug] 4793#0: *3 http cl:-1 max:1048576
2026/09/08 08:21:56 [debug] 4793#0: *3 rewrite phase: 2
2026/09/08 08:21:56 [debug] 4793#0: *3 http set discard body
2026/09/08 08:21:56 [debug] 4793#0: *3 HTTP/1.1 200 OK
Server: nginx/1.29.1
Date: Tue, 08 Sep 2026 08:21:56 GMT
Content-Type: text/plain
Content-Length: 3
Connection: keep-alive

2026/09/08 08:21:56 [debug] 4793#0: *3 write new buf t:1 f:0 0000565383954B70, pos 0000565383954B70, size: 147 file: 0, size: 0
2026/09/08 08:21:56 [debug] 4793#0: *3 http write filter: l:0 f:0 s:147
2026/09/08 08:21:56 [debug] 4793#0: *3 http output filter "/health?"
2026/09/08 08:21:56 [debug] 4793#0: *3 http copy filter: "/health?"
2026/09/08 08:21:56 [debug] 4793#0: *3 http postpone filter "/health?" 00007FFDE8CEC910
2026/09/08 08:21:56 [debug] 4793#0: *3 write old buf t:1 f:0 0000565383954B70, pos 0000565383954B70, size: 147 file: 0, size: 0
2026/09/08 08:21:56 [debug] 4793#0: *3 write new buf t:0 f:0 0000000000000000, pos 000056538395D2C3, size: 3 file: 0, size: 0
2026/09/08 08:21:56 [debug] 4793#0: *3 http write filter: l:1 f:0 s:150
2026/09/08 08:21:56 [debug] 4793#0: *3 http write filter limit 2097152
2026/09/08 08:21:56 [debug] 4793#0: *3 writev: 150 of 150
2026/09/08 08:21:56 [debug] 4793#0: *3 http write filter 0000000000000000
2026/09/08 08:21:56 [debug] 4793#0: *3 http copy filter: 0 "/health?"
2026/09/08 08:21:56 [debug] 4793#0: *3 http finalize request: 0, "/health?" a:1, c:1
2026/09/08 08:21:56 [debug] 4793#0: *3 set http keepalive handler
2026/09/08 08:21:56 [debug] 4793#0: *3 http close request
2026/09/08 08:21:56 [debug] 4793#0: *3 http log handler
2026/09/08 08:21:56 [debug] 4793#0: *3 free: 0000565383953D20, unused: 2
2026/09/08 08:21:56 [debug] 4793#0: *3 free: 00005653839494E0, unused: 2944
2026/09/08 08:21:56 [debug] 4793#0: *3 free: 0000565383944510
2026/09/08 08:21:56 [debug] 4793#0: *3 hc free: 0000000000000000
2026/09/08 08:21:56 [debug] 4793#0: *3 hc busy: 0000000000000000 0
2026/09/08 08:21:56 [debug] 4793#0: *3 tcp_nodelay
2026/09/08 08:21:56 [debug] 4793#0: *3 reusable connection: 1
2026/09/08 08:21:56 [debug] 4793#0: *3 event timer add: 3: 75000:3311699
2026/09/08 08:21:56 [debug] 4793#0: timer delta: 0
2026/09/08 08:21:56 [debug] 4793#0: worker cycle
2026/09/08 08:21:56 [debug] 4793#0: epoll timer: 75000
2026/09/08 08:21:56 [debug] 4793#0: epoll: fd:3 ev:2001 d:00007F3CDF0B31D0
2026/09/08 08:21:56 [debug] 4793#0: *3 http keepalive handler
2026/09/08 08:21:56 [debug] 4793#0: *3 malloc: 0000565383944510:1024
2026/09/08 08:21:56 [debug] 4793#0: *3 recv: eof:1, avail:-1
2026/09/08 08:21:56 [debug] 4793#0: *3 recv: fd:3 0 of 1024
2026/09/08 08:21:56 [info] 4793#0: *3 client 127.0.0.1 closed keepalive connection
2026/09/08 08:21:56 [debug] 4793#0: *3 close http connection: 3
2026/09/08 08:21:56 [debug] 4793#0: *3 event timer del: 3: 3311699
2026/09/08 08:21:56 [debug] 4793#0: *3 reusable connection: 0
2026/09/08 08:21:56 [debug] 4793#0: *3 free: 0000565383944510
2026/09/08 08:21:56 [debug] 4793#0: *3 free: 00005653839452A0, unused: 144
2026/09/08 08:21:56 [debug] 4793#0: timer delta: 1
2026/09/08 08:21:56 [debug] 4793#0: worker cycle
2026/09/08 08:21:56 [debug] 4793#0: epoll timer: -1
2026/09/08 08:21:56 [debug] 4793#0: epoll: fd:6 ev:0001 d:00007F3CDF0B3010
2026/09/08 08:21:56 [debug] 4793#0: accept on 0.0.0.0:8080, ready: 0
2026/09/08 08:21:56 [debug] 4793#0: posix_memalign: 00005653839452A0:512 @16
2026/09/08 08:21:56 [debug] 4793#0: *4 accept: 127.0.0.1:59308 fd:3
2026/09/08 08:21:56 [debug] 4793#0: *4 event timer add: 3: 60000:3296711
2026/09/08 08:21:56 [debug] 4793#0: *4 reusable connection: 1
2026/09/08 08:21:56 [debug] 4793#0: *4 epoll add event: fd:3 op:1 ev:80002001
2026/09/08 08:21:56 [debug] 4793#0: timer delta: 11
2026/09/08 08:21:56 [debug] 4793#0: worker cycle
2026/09/08 08:21:56 [debug] 4793#0: epoll timer: 60000
2026/09/08 08:21:56 [debug] 4793#0: epoll: fd:3 ev:0001 d:00007F3CDF0B31D1
2026/09/08 08:21:56 [debug] 4793#0: *4 http wait request handler
2026/09/08 08:21:56 [debug] 4793#0: *4 malloc: 0000565383944510:1024
2026/09/08 08:21:56 [debug] 4793#0: *4 recv: eof:0, avail:-1
2026/09/08 08:21:56 [debug] 4793#0: *4 recv: fd:3 84 of 1024
2026/09/08 08:21:56 [debug] 4793#0: *4 reusable connection: 0
2026/09/08 08:21:56 [debug] 4793#0: *4 posix_memalign: 0000565383953D20:4096 @16
2026/09/08 08:21:56 [debug] 4793#0: *4 http process request line
2026/09/08 08:21:56 [debug] 4793#0: *4 http request line: "GET /health HTTP/1.1"
2026/09/08 08:21:56 [debug] 4793#0: *4 http uri: "/health"
2026/09/08 08:21:56 [debug] 4793#0: *4 http args: ""
2026/09/08 08:21:56 [debug] 4793#0: *4 http exten: ""
2026/09/08 08:21:56 [debug] 4793#0: *4 posix_memalign: 00005653839494E0:4096 @16
2026/09/08 08:21:56 [debug] 4793#0: *4 http process request header line
2026/09/08 08:21:56 [debug] 4793#0: *4 http header: "Host: 127.0.0.1:8080"
2026/09/08 08:21:56 [debug] 4793#0: *4 http header: "User-Agent: curl/7.81.0"
2026/09/08 08:21:56 [debug] 4793#0: *4 http header: "Accept: */*"
2026/09/08 08:21:56 [debug] 4793#0: *4 http header done
2026/09/08 08:21:56 [debug] 4793#0: *4 event timer del: 3: 3296711
2026/09/08 08:21:56 [debug] 4793#0: *4 rewrite phase: 0
2026/09/08 08:21:56 [debug] 4793#0: *4 test location: "/static/"
2026/09/08 08:21:56 [debug] 4793#0: *4 test location: "/hello"
2026/09/08 08:21:56 [debug] 4793#0: *4 test location: "/health"
2026/09/08 08:21:56 [debug] 4793#0: *4 using configuration "/health"
2026/09/08 08:21:56 [debug] 4793#0: *4 http cl:-1 max:1048576
2026/09/08 08:21:56 [debug] 4793#0: *4 rewrite phase: 2
2026/09/08 08:21:56 [debug] 4793#0: *4 http set discard body
2026/09/08 08:21:56 [debug] 4793#0: *4 HTTP/1.1 200 OK
Server: nginx/1.29.1
Date: Tue, 08 Sep 2026 08:21:56 GMT
Content-Type: text/plain
Content-Length: 3
Connection: keep-alive

2026/09/08 08:21:56 [debug] 4793#0: *4 write new buf t:1 f:0 0000565383954B70, pos 0000565383954B70, size: 147 file: 0, size: 0
2026/09/08 08:21:56 [debug] 4793#0: *4 http write filter: l:0 f:0 s:147
2026/09/08 08:21:56 [debug] 4793#0: *4 http output filter "/health?"
2026/09/08 08:21:56 [debug] 4793#0: *4 http copy filter: "/health?"
2026/09/08 08:21:56 [debug] 4793#0: *4 http postpone filter "/health?" 00007FFDE8CEC910
2026/09/08 08:21:56 [debug] 4793#0: *4 write old buf t:1 f:0 0000565383954B70, pos 0000565383954B70, size: 147 file: 0, size: 0
2026/09/08 08:21:56 [debug] 4793#0: *4 write new buf t:0 f:0 0000000000000000, pos 000056538395D2C3, size: 3 file: 0, size: 0
2026/09/08 08:21:56 [debug] 4793#0: *4 http write filter: l:1 f:0 s:150
2026/09/08 08:21:56 [debug] 4793#0: *4 http write filter limit 2097152
2026/09/08 08:21:56 [debug] 4793#0: *4 writev: 150 of 150
2026/09/08 08:21:56 [debug] 4793#0: *4 http write filter 0000000000000000
2026/09/08 08:21:56 [debug] 4793#0: *4 http copy filter: 0 "/health?"
2026/09/08 08:21:56 [debug] 4793#0: *4 http finalize request: 0, "/health?" a:1, c:1
2026/09/08 08:21:56 [debug] 4793#0: *4 set http keepalive handler
2026/09/08 08:21:56 [debug] 4793#0: *4 http close request
2026/09/08 08:21:56 [debug] 4793#0: *4 http log handler
2026/09/08 08:21:56 [debug] 4793#0: *4 free: 0000565383953D20, unused: 2
2026/09/08 08:21:56 [debug] 4793#0: *4 free: 00005653839494E0, unused: 2944
2026/09/08 08:21:56 [debug] 4793#0: *4 free: 0000565383944510
2026/09/08 08:21:56 [debug] 4793#0: *4 hc free: 0000000000000000
2026/09/08 08:21:56 [debug] 4793#0: *4 hc busy: 0000000000000000 0
2026/09/08 08:21:56 [debug] 4793#0: *4 tcp_nodelay
2026/09/08 08:21:56 [debug] 4793#0: *4 reusable connection: 1
2026/09/08 08:21:56 [debug] 4793#0: *4 event timer add: 3: 75000:3311711
2026/09/08 08:21:56 [debug] 4793#0: timer delta: 0
2026/09/08 08:21:56 [debug] 4793#0: worker cycle
2026/09/08 08:21:56 [debug] 4793#0: epoll timer: 75000
2026/09/08 08:21:56 [debug] 4793#0: epoll: fd:3 ev:2001 d:00007F3CDF0B31D1
2026/09/08 08:21:56 [debug] 4793#0: *4 http keepalive handler
2026/09/08 08:21:56 [debug] 4793#0: *4 malloc: 0000565383944510:1024
2026/09/08 08:21:56 [debug] 4793#0: *4 recv: eof:1, avail:-1
2026/09/08 08:21:56 [debug] 4793#0: *4 recv: fd:3 0 of 1024
2026/09/08 08:21:56 [info] 4793#0: *4 client 127.0.0.1 closed keepalive connection
2026/09/08 08:21:56 [debug] 4793#0: *4 close http connection: 3
2026/09/08 08:21:56 [debug] 4793#0: *4 event timer del: 3: 3311711
2026/09/08 08:21:56 [debug] 4793#0: *4 reusable connection: 0
2026/09/08 08:21:56 [debug] 4793#0: *4 free: 0000565383944510
2026/09/08 08:21:56 [debug] 4793#0: *4 free: 00005653839452A0, unused: 144
2026/09/08 08:21:56 [debug] 4793#0: timer delta: 1
2026/09/08 08:21:56 [debug] 4793#0: worker cycle
2026/09/08 08:21:56 [debug] 4793#0: epoll timer: -1
2026/09/08 08:21:56 [debug] 4793#0: epoll: fd:6 ev:0001 d:00007F3CDF0B3010
2026/09/08 08:21:56 [debug] 4793#0: accept on 0.0.0.0:8080, ready: 0
2026/09/08 08:21:56 [debug] 4793#0: posix_memalign: 00005653839452A0:512 @16
2026/09/08 08:21:56 [debug] 4793#0: *5 accept: 127.0.0.1:59310 fd:3
2026/09/08 08:21:56 [debug] 4793#0: *5 event timer add: 3: 60000:3296722
2026/09/08 08:21:56 [debug] 4793#0: *5 reusable connection: 1
2026/09/08 08:21:56 [debug] 4793#0: *5 epoll add event: fd:3 op:1 ev:80002001
2026/09/08 08:21:56 [debug] 4793#0: timer delta: 10
2026/09/08 08:21:56 [debug] 4793#0: worker cycle
2026/09/08 08:21:56 [debug] 4793#0: epoll timer: 60000
2026/09/08 08:21:56 [debug] 4793#0: epoll: fd:3 ev:0001 d:00007F3CDF0B31D0
2026/09/08 08:21:56 [debug] 4793#0: *5 http wait request handler
2026/09/08 08:21:56 [debug] 4793#0: *5 malloc: 0000565383944510:1024
2026/09/08 08:21:56 [debug] 4793#0: *5 recv: eof:0, avail:-1
2026/09/08 08:21:56 [debug] 4793#0: *5 recv: fd:3 84 of 1024
2026/09/08 08:21:56 [debug] 4793#0: *5 reusable connection: 0
2026/09/08 08:21:56 [debug] 4793#0: *5 posix_memalign: 0000565383953D20:4096 @16
2026/09/08 08:21:56 [debug] 4793#0: *5 http process request line
2026/09/08 08:21:56 [debug] 4793#0: *5 http request line: "GET /health HTTP/1.1"
2026/09/08 08:21:56 [debug] 4793#0: *5 http uri: "/health"
2026/09/08 08:21:56 [debug] 4793#0: *5 http args: ""
2026/09/08 08:21:56 [debug] 4793#0: *5 http exten: ""
2026/09/08 08:21:56 [debug] 4793#0: *5 posix_memalign: 00005653839494E0:4096 @16
2026/09/08 08:21:56 [debug] 4793#0: *5 http process request header line
2026/09/08 08:21:56 [debug] 4793#0: *5 http header: "Host: 127.0.0.1:8080"
2026/09/08 08:21:56 [debug] 4793#0: *5 http header: "User-Agent: curl/7.81.0"
2026/09/08 08:21:56 [debug] 4793#0: *5 http header: "Accept: */*"
2026/09/08 08:21:56 [debug] 4793#0: *5 http header done
2026/09/08 08:21:56 [debug] 4793#0: *5 event timer del: 3: 3296722
2026/09/08 08:21:56 [debug] 4793#0: *5 rewrite phase: 0
2026/09/08 08:21:56 [debug] 4793#0: *5 test location: "/static/"
2026/09/08 08:21:56 [debug] 4793#0: *5 test location: "/hello"
2026/09/08 08:21:56 [debug] 4793#0: *5 test location: "/health"
2026/09/08 08:21:56 [debug] 4793#0: *5 using configuration "/health"
2026/09/08 08:21:56 [debug] 4793#0: *5 http cl:-1 max:1048576
2026/09/08 08:21:56 [debug] 4793#0: *5 rewrite phase: 2
2026/09/08 08:21:56 [debug] 4793#0: *5 http set discard body
2026/09/08 08:21:56 [debug] 4793#0: *5 HTTP/1.1 200 OK
Server: nginx/1.29.1
Date: Tue, 08 Sep 2026 08:21:56 GMT
Content-Type: text/plain
Content-Length: 3
Connection: keep-alive

2026/09/08 08:21:56 [debug] 4793#0: *5 write new buf t:1 f:0 0000565383954B70, pos 0000565383954B70, size: 147 file: 0, size: 0
2026/09/08 08:21:56 [debug] 4793#0: *5 http write filter: l:0 f:0 s:147
2026/09/08 08:21:56 [debug] 4793#0: *5 http output filter "/health?"
2026/09/08 08:21:56 [debug] 4793#0: *5 http copy filter: "/health?"
2026/09/08 08:21:56 [debug] 4793#0: *5 http postpone filter "/health?" 00007FFDE8CEC910
2026/09/08 08:21:56 [debug] 4793#0: *5 write old buf t:1 f:0 0000565383954B70, pos 0000565383954B70, size: 147 file: 0, size: 0
2026/09/08 08:21:56 [debug] 4793#0: *5 write new buf t:0 f:0 0000000000000000, pos 000056538395D2C3, size: 3 file: 0, size: 0
2026/09/08 08:21:56 [debug] 4793#0: *5 http write filter: l:1 f:0 s:150
2026/09/08 08:21:56 [debug] 4793#0: *5 http write filter limit 2097152
2026/09/08 08:21:56 [debug] 4793#0: *5 writev: 150 of 150
2026/09/08 08:21:56 [debug] 4793#0: *5 http write filter 0000000000000000
2026/09/08 08:21:56 [debug] 4793#0: *5 http copy filter: 0 "/health?"
2026/09/08 08:21:56 [debug] 4793#0: *5 http finalize request: 0, "/health?" a:1, c:1
2026/09/08 08:21:56 [debug] 4793#0: *5 set http keepalive handler
2026/09/08 08:21:56 [debug] 4793#0: *5 http close request
2026/09/08 08:21:56 [debug] 4793#0: *5 http log handler
2026/09/08 08:21:56 [debug] 4793#0: *5 free: 0000565383953D20, unused: 2
2026/09/08 08:21:56 [debug] 4793#0: *5 free: 00005653839494E0, unused: 2944
2026/09/08 08:21:56 [debug] 4793#0: *5 free: 0000565383944510
2026/09/08 08:21:56 [debug] 4793#0: *5 hc free: 0000000000000000
2026/09/08 08:21:56 [debug] 4793#0: *5 hc busy: 0000000000000000 0
2026/09/08 08:21:56 [debug] 4793#0: *5 tcp_nodelay
2026/09/08 08:21:56 [debug] 4793#0: *5 reusable connection: 1
2026/09/08 08:21:56 [debug] 4793#0: *5 event timer add: 3: 75000:3311722
2026/09/08 08:21:56 [debug] 4793#0: timer delta: 0
2026/09/08 08:21:56 [debug] 4793#0: worker cycle
2026/09/08 08:21:56 [debug] 4793#0: epoll timer: 75000
2026/09/08 08:21:56 [debug] 4793#0: epoll: fd:3 ev:2001 d:00007F3CDF0B31D0
2026/09/08 08:21:56 [debug] 4793#0: *5 http keepalive handler
2026/09/08 08:21:56 [debug] 4793#0: *5 malloc: 0000565383944510:1024
2026/09/08 08:21:56 [debug] 4793#0: *5 recv: eof:1, avail:-1
2026/09/08 08:21:56 [debug] 4793#0: *5 recv: fd:3 0 of 1024
2026/09/08 08:21:56 [info] 4793#0: *5 client 127.0.0.1 closed keepalive connection
2026/09/08 08:21:56 [debug] 4793#0: *5 close http connection: 3
2026/09/08 08:21:56 [debug] 4793#0: *5 event timer del: 3: 3311722
2026/09/08 08:21:56 [debug] 4793#0: *5 reusable connection: 0
2026/09/08 08:21:56 [debug] 4793#0: *5 free: 0000565383944510
2026/09/08 08:21:56 [debug] 4793#0: *5 free: 00005653839452A0, unused: 144
2026/09/08 08:21:56 [debug] 4793#0: timer delta: 1
2026/09/08 08:21:56 [debug] 4793#0: worker cycle
2026/09/08 08:21:56 [debug] 4793#0: epoll timer: -1
2026/09/08 08:21:56 [debug] 4793#0: epoll: fd:6 ev:0001 d:00007F3CDF0B3010
2026/09/08 08:21:56 [debug] 4793#0: accept on 0.0.0.0:8080, ready: 0
2026/09/08 08:21:56 [debug] 4793#0: posix_memalign: 00005653839452A0:512 @16
2026/09/08 08:21:56 [debug] 4793#0: *6 accept: 127.0.0.1:59322 fd:3
2026/09/08 08:21:56 [debug] 4793#0: *6 event timer add: 3: 60000:3296734
2026/09/08 08:21:56 [debug] 4793#0: *6 reusable connection: 1
2026/09/08 08:21:56 [debug] 4793#0: *6 epoll add event: fd:3 op:1 ev:80002001
2026/09/08 08:21:56 [debug] 4793#0: timer delta: 11
2026/09/08 08:21:56 [debug] 4793#0: worker cycle
2026/09/08 08:21:56 [debug] 4793#0: epoll timer: 60000
2026/09/08 08:21:56 [debug] 4793#0: epoll: fd:3 ev:0001 d:00007F3CDF0B31D1
2026/09/08 08:21:56 [debug] 4793#0: *6 http wait request handler
2026/09/08 08:21:56 [debug] 4793#0: *6 malloc: 0000565383944510:1024
2026/09/08 08:21:56 [debug] 4793#0: *6 recv: eof:0, avail:-1
2026/09/08 08:21:56 [debug] 4793#0: *6 recv: fd:3 84 of 1024
2026/09/08 08:21:56 [debug] 4793#0: *6 reusable connection: 0
2026/09/08 08:21:56 [debug] 4793#0: *6 posix_memalign: 0000565383953D20:4096 @16
2026/09/08 08:21:56 [debug] 4793#0: *6 http process request line
2026/09/08 08:21:56 [debug] 4793#0: *6 http request line: "GET /health HTTP/1.1"
2026/09/08 08:21:56 [debug] 4793#0: *6 http uri: "/health"
2026/09/08 08:21:56 [debug] 4793#0: *6 http args: ""
2026/09/08 08:21:56 [debug] 4793#0: *6 http exten: ""
2026/09/08 08:21:56 [debug] 4793#0: *6 posix_memalign: 00005653839494E0:4096 @16
2026/09/08 08:21:56 [debug] 4793#0: *6 http process request header line
2026/09/08 08:21:56 [debug] 4793#0: *6 http header: "Host: 127.0.0.1:8080"
2026/09/08 08:21:56 [debug] 4793#0: *6 http header: "User-Agent: curl/7.81.0"
2026/09/08 08:21:56 [debug] 4793#0: *6 http header: "Accept: */*"
2026/09/08 08:21:56 [debug] 4793#0: *6 http header done
2026/09/08 08:21:56 [debug] 4793#0: *6 event timer del: 3: 3296734
2026/09/08 08:21:56 [debug] 4793#0: *6 rewrite phase: 0
2026/09/08 08:21:56 [debug] 4793#0: *6 test location: "/static/"
2026/09/08 08:21:56 [debug] 4793#0: *6 test location: "/hello"
2026/09/08 08:21:56 [debug] 4793#0: *6 test location: "/health"
2026/09/08 08:21:56 [debug] 4793#0: *6 using configuration "/health"
2026/09/08 08:21:56 [debug] 4793#0: *6 http cl:-1 max:1048576
2026/09/08 08:21:56 [debug] 4793#0: *6 rewrite phase: 2
2026/09/08 08:21:56 [debug] 4793#0: *6 http set discard body
2026/09/08 08:21:56 [debug] 4793#0: *6 HTTP/1.1 200 OK
Server: nginx/1.29.1
Date: Tue, 08 Sep 2026 08:21:56 GMT
Content-Type: text/plain
Content-Length: 3
Connection: keep-alive

2026/09/08 08:21:56 [debug] 4793#0: *6 write new buf t:1 f:0 0000565383954B70, pos 0000565383954B70, size: 147 file: 0, size: 0
2026/09/08 08:21:56 [debug] 4793#0: *6 http write filter: l:0 f:0 s:147
2026/09/08 08:21:56 [debug] 4793#0: *6 http output filter "/health?"
2026/09/08 08:21:56 [debug] 4793#0: *6 http copy filter: "/health?"
2026/09/08 08:21:56 [debug] 4793#0: *6 http postpone filter "/health?" 00007FFDE8CEC910
2026/09/08 08:21:56 [debug] 4793#0: *6 write old buf t:1 f:0 0000565383954B70, pos 0000565383954B70, size: 147 file: 0, size: 0
2026/09/08 08:21:56 [debug] 4793#0: *6 write new buf t:0 f:0 0000000000000000, pos 000056538395D2C3, size: 3 file: 0, size: 0
2026/09/08 08:21:56 [debug] 4793#0: *6 http write filter: l:1 f:0 s:150
2026/09/08 08:21:56 [debug] 4793#0: *6 http write filter limit 2097152
2026/09/08 08:21:56 [debug] 4793#0: *6 writev: 150 of 150
2026/09/08 08:21:56 [debug] 4793#0: *6 http write filter 0000000000000000
2026/09/08 08:21:56 [debug] 4793#0: *6 http copy filter: 0 "/health?"
2026/09/08 08:21:56 [debug] 4793#0: *6 http finalize request: 0, "/health?" a:1, c:1
2026/09/08 08:21:56 [debug] 4793#0: *6 set http keepalive handler
2026/09/08 08:21:56 [debug] 4793#0: *6 http close request
2026/09/08 08:21:56 [debug] 4793#0: *6 http log handler
2026/09/08 08:21:56 [debug] 4793#0: *6 free: 0000565383953D20, unused: 2
2026/09/08 08:21:56 [debug] 4793#0: *6 free: 00005653839494E0, unused: 2944
2026/09/08 08:21:56 [debug] 4793#0: *6 free: 0000565383944510
2026/09/08 08:21:56 [debug] 4793#0: *6 hc free: 0000000000000000
2026/09/08 08:21:56 [debug] 4793#0: *6 hc busy: 0000000000000000 0
2026/09/08 08:21:56 [debug] 4793#0: *6 tcp_nodelay
2026/09/08 08:21:56 [debug] 4793#0: *6 reusable connection: 1
2026/09/08 08:21:56 [debug] 4793#0: *6 event timer add: 3: 75000:3311734
2026/09/08 08:21:56 [debug] 4793#0: timer delta: 0
2026/09/08 08:21:56 [debug] 4793#0: worker cycle
2026/09/08 08:21:56 [debug] 4793#0: epoll timer: 75000
2026/09/08 08:21:56 [debug] 4793#0: epoll: fd:3 ev:2001 d:00007F3CDF0B31D1
2026/09/08 08:21:56 [debug] 4793#0: *6 http keepalive handler
2026/09/08 08:21:56 [debug] 4793#0: *6 malloc: 0000565383944510:1024
2026/09/08 08:21:56 [debug] 4793#0: *6 recv: eof:1, avail:-1
2026/09/08 08:21:56 [debug] 4793#0: *6 recv: fd:3 0 of 1024
2026/09/08 08:21:56 [info] 4793#0: *6 client 127.0.0.1 closed keepalive connection
2026/09/08 08:21:56 [debug] 4793#0: *6 close http connection: 3
2026/09/08 08:21:56 [debug] 4793#0: *6 event timer del: 3: 3311734
2026/09/08 08:21:56 [debug] 4793#0: *6 reusable connection: 0
2026/09/08 08:21:56 [debug] 4793#0: *6 free: 0000565383944510
2026/09/08 08:21:56 [debug] 4793#0: *6 free: 00005653839452A0, unused: 144
2026/09/08 08:21:56 [debug] 4793#0: timer delta: 1
2026/09/08 08:21:56 [debug] 4793#0: worker cycle
2026/09/08 08:21:56 [debug] 4793#0: epoll timer: -1
2026/09/08 08:21:56 [debug] 4793#0: epoll: fd:6 ev:0001 d:00007F3CDF0B3010
2026/09/08 08:21:56 [debug] 4793#0: accept on 0.0.0.0:8080, ready: 0
2026/09/08 08:21:56 [debug] 4793#0: posix_memalign: 00005653839452A0:512 @16
2026/09/08 08:21:56 [debug] 4793#0: *7 accept: 127.0.0.1:59332 fd:3
2026/09/08 08:21:56 [debug] 4793#0: *7 event timer add: 3: 60000:3296747
2026/09/08 08:21:56 [debug] 4793#0: *7 reusable connection: 1
2026/09/08 08:21:56 [debug] 4793#0: *7 epoll add event: fd:3 op:1 ev:80002001
2026/09/08 08:21:56 [debug] 4793#0: timer delta: 12
2026/09/08 08:21:56 [debug] 4793#0: worker cycle
2026/09/08 08:21:56 [debug] 4793#0: epoll timer: 60000
2026/09/08 08:21:56 [debug] 4793#0: epoll: fd:3 ev:0001 d:00007F3CDF0B31D0
2026/09/08 08:21:56 [debug] 4793#0: *7 http wait request handler
2026/09/08 08:21:56 [debug] 4793#0: *7 malloc: 0000565383944510:1024
2026/09/08 08:21:56 [debug] 4793#0: *7 recv: eof:0, avail:-1
2026/09/08 08:21:56 [debug] 4793#0: *7 recv: fd:3 84 of 1024
2026/09/08 08:21:56 [debug] 4793#0: *7 reusable connection: 0
2026/09/08 08:21:56 [debug] 4793#0: *7 posix_memalign: 0000565383953D20:4096 @16
2026/09/08 08:21:56 [debug] 4793#0: *7 http process request line
2026/09/08 08:21:56 [debug] 4793#0: *7 http request line: "GET /health HTTP/1.1"
2026/09/08 08:21:56 [debug] 4793#0: *7 http uri: "/health"
2026/09/08 08:21:56 [debug] 4793#0: *7 http args: ""
2026/09/08 08:21:56 [debug] 4793#0: *7 http exten: ""
2026/09/08 08:21:56 [debug] 4793#0: *7 posix_memalign: 00005653839494E0:4096 @16
2026/09/08 08:21:56 [debug] 4793#0: *7 http process request header line
2026/09/08 08:21:56 [debug] 4793#0: *7 http header: "Host: 127.0.0.1:8080"
2026/09/08 08:21:56 [debug] 4793#0: *7 http header: "User-Agent: curl/7.81.0"
2026/09/08 08:21:56 [debug] 4793#0: *7 http header: "Accept: */*"
2026/09/08 08:21:56 [debug] 4793#0: *7 http header done
2026/09/08 08:21:56 [debug] 4793#0: *7 event timer del: 3: 3296747
2026/09/08 08:21:56 [debug] 4793#0: *7 rewrite phase: 0
2026/09/08 08:21:56 [debug] 4793#0: *7 test location: "/static/"
2026/09/08 08:21:56 [debug] 4793#0: *7 test location: "/hello"
2026/09/08 08:21:56 [debug] 4793#0: *7 test location: "/health"
2026/09/08 08:21:56 [debug] 4793#0: *7 using configuration "/health"
2026/09/08 08:21:56 [debug] 4793#0: *7 http cl:-1 max:1048576
2026/09/08 08:21:56 [debug] 4793#0: *7 rewrite phase: 2
2026/09/08 08:21:56 [debug] 4793#0: *7 http set discard body
2026/09/08 08:21:56 [debug] 4793#0: *7 HTTP/1.1 200 OK
Server: nginx/1.29.1
Date: Tue, 08 Sep 2026 08:21:56 GMT
Content-Type: text/plain
Content-Length: 3
Connection: keep-alive

2026/09/08 08:21:56 [debug] 4793#0: *7 write new buf t:1 f:0 0000565383954B70, pos 0000565383954B70, size: 147 file: 0, size: 0
2026/09/08 08:21:56 [debug] 4793#0: *7 http write filter: l:0 f:0 s:147
2026/09/08 08:21:56 [debug] 4793#0: *7 http output filter "/health?"
2026/09/08 08:21:56 [debug] 4793#0: *7 http copy filter: "/health?"
2026/09/08 08:21:56 [debug] 4793#0: *7 http postpone filter "/health?" 00007FFDE8CEC910
2026/09/08 08:21:56 [debug] 4793#0: *7 write old buf t:1 f:0 0000565383954B70, pos 0000565383954B70, size: 147 file: 0, size: 0
2026/09/08 08:21:56 [debug] 4793#0: *7 write new buf t:0 f:0 0000000000000000, pos 000056538395D2C3, size: 3 file: 0, size: 0
2026/09/08 08:21:56 [debug] 4793#0: *7 http write filter: l:1 f:0 s:150
2026/09/08 08:21:56 [debug] 4793#0: *7 http write filter limit 2097152
2026/09/08 08:21:56 [debug] 4793#0: *7 writev: 150 of 150
2026/09/08 08:21:56 [debug] 4793#0: *7 http write filter 0000000000000000
2026/09/08 08:21:56 [debug] 4793#0: *7 http copy filter: 0 "/health?"
2026/09/08 08:21:56 [debug] 4793#0: *7 http finalize request: 0, "/health?" a:1, c:1
2026/09/08 08:21:56 [debug] 4793#0: *7 set http keepalive handler
2026/09/08 08:21:56 [debug] 4793#0: *7 http close request
2026/09/08 08:21:56 [debug] 4793#0: *7 http log handler
2026/09/08 08:21:56 [debug] 4793#0: *7 free: 0000565383953D20, unused: 2
2026/09/08 08:21:56 [debug] 4793#0: *7 free: 00005653839494E0, unused: 2944
2026/09/08 08:21:56 [debug] 4793#0: *7 free: 0000565383944510
2026/09/08 08:21:56 [debug] 4793#0: *7 hc free: 0000000000000000
2026/09/08 08:21:56 [debug] 4793#0: *7 hc busy: 0000000000000000 0
2026/09/08 08:21:56 [debug] 4793#0: *7 tcp_nodelay
2026/09/08 08:21:56 [debug] 4793#0: *7 reusable connection: 1
2026/09/08 08:21:56 [debug] 4793#0: *7 event timer add: 3: 75000:3311747
2026/09/08 08:21:56 [debug] 4793#0: timer delta: 0
2026/09/08 08:21:56 [debug] 4793#0: worker cycle
2026/09/08 08:21:56 [debug] 4793#0: epoll timer: 75000
2026/09/08 08:21:56 [debug] 4793#0: epoll: fd:3 ev:2001 d:00007F3CDF0B31D0
2026/09/08 08:21:56 [debug] 4793#0: *7 http keepalive handler
2026/09/08 08:21:56 [debug] 4793#0: *7 malloc: 0000565383944510:1024
2026/09/08 08:21:56 [debug] 4793#0: *7 recv: eof:1, avail:-1
2026/09/08 08:21:56 [debug] 4793#0: *7 recv: fd:3 0 of 1024
2026/09/08 08:21:56 [info] 4793#0: *7 client 127.0.0.1 closed keepalive connection
2026/09/08 08:21:56 [debug] 4793#0: *7 close http connection: 3
2026/09/08 08:21:56 [debug] 4793#0: *7 event timer del: 3: 3311747
2026/09/08 08:21:56 [debug] 4793#0: *7 reusable connection: 0
2026/09/08 08:21:56 [debug] 4793#0: *7 free: 0000565383944510
2026/09/08 08:21:56 [debug] 4793#0: *7 free: 00005653839452A0, unused: 144
2026/09/08 08:21:56 [debug] 4793#0: timer delta: 2
2026/09/08 08:21:56 [debug] 4793#0: worker cycle
2026/09/08 08:21:56 [debug] 4793#0: epoll timer: -1
2026/09/08 08:21:56 [debug] 4793#0: epoll: fd:6 ev:0001 d:00007F3CDF0B3010
2026/09/08 08:21:56 [debug] 4793#0: accept on 0.0.0.0:8080, ready: 0
2026/09/08 08:21:56 [debug] 4793#0: posix_memalign: 00005653839452A0:512 @16
2026/09/08 08:21:56 [debug] 4793#0: *8 accept: 127.0.0.1:59342 fd:3
2026/09/08 08:21:56 [debug] 4793#0: *8 event timer add: 3: 60000:3296760
2026/09/08 08:21:56 [debug] 4793#0: *8 reusable connection: 1
2026/09/08 08:21:56 [debug] 4793#0: *8 epoll add event: fd:3 op:1 ev:80002001
2026/09/08 08:21:56 [debug] 4793#0: timer delta: 11
2026/09/08 08:21:56 [debug] 4793#0: worker cycle
2026/09/08 08:21:56 [debug] 4793#0: epoll timer: 60000
2026/09/08 08:21:56 [debug] 4793#0: epoll: fd:3 ev:0001 d:00007F3CDF0B31D1
2026/09/08 08:21:56 [debug] 4793#0: *8 http wait request handler
2026/09/08 08:21:56 [debug] 4793#0: *8 malloc: 0000565383944510:1024
2026/09/08 08:21:56 [debug] 4793#0: *8 recv: eof:0, avail:-1
2026/09/08 08:21:56 [debug] 4793#0: *8 recv: fd:3 84 of 1024
2026/09/08 08:21:56 [debug] 4793#0: *8 reusable connection: 0
2026/09/08 08:21:56 [debug] 4793#0: *8 posix_memalign: 0000565383953D20:4096 @16
2026/09/08 08:21:56 [debug] 4793#0: *8 http process request line
2026/09/08 08:21:56 [debug] 4793#0: *8 http request line: "GET /health HTTP/1.1"
2026/09/08 08:21:56 [debug] 4793#0: *8 http uri: "/health"
2026/09/08 08:21:56 [debug] 4793#0: *8 http args: ""
2026/09/08 08:21:56 [debug] 4793#0: *8 http exten: ""
2026/09/08 08:21:56 [debug] 4793#0: *8 posix_memalign: 00005653839494E0:4096 @16
2026/09/08 08:21:56 [debug] 4793#0: *8 http process request header line
2026/09/08 08:21:56 [debug] 4793#0: *8 http header: "Host: 127.0.0.1:8080"
2026/09/08 08:21:56 [debug] 4793#0: *8 http header: "User-Agent: curl/7.81.0"
2026/09/08 08:21:56 [debug] 4793#0: *8 http header: "Accept: */*"
2026/09/08 08:21:56 [debug] 4793#0: *8 http header done
2026/09/08 08:21:56 [debug] 4793#0: *8 event timer del: 3: 3296760
2026/09/08 08:21:56 [debug] 4793#0: *8 rewrite phase: 0
2026/09/08 08:21:56 [debug] 4793#0: *8 test location: "/static/"
2026/09/08 08:21:56 [debug] 4793#0: *8 test location: "/hello"
2026/09/08 08:21:56 [debug] 4793#0: *8 test location: "/health"
2026/09/08 08:21:56 [debug] 4793#0: *8 using configuration "/health"
2026/09/08 08:21:56 [debug] 4793#0: *8 http cl:-1 max:1048576
2026/09/08 08:21:56 [debug] 4793#0: *8 rewrite phase: 2
2026/09/08 08:21:56 [debug] 4793#0: *8 http set discard body
2026/09/08 08:21:56 [debug] 4793#0: *8 HTTP/1.1 200 OK
Server: nginx/1.29.1
Date: Tue, 08 Sep 2026 08:21:56 GMT
Content-Type: text/plain
Content-Length: 3
Connection: keep-alive

2026/09/08 08:21:56 [debug] 4793#0: *8 write new buf t:1 f:0 0000565383954B70, pos 0000565383954B70, size: 147 file: 0, size: 0
2026/09/08 08:21:56 [debug] 4793#0: *8 http write filter: l:0 f:0 s:147
2026/09/08 08:21:56 [debug] 4793#0: *8 http output filter "/health?"
2026/09/08 08:21:56 [debug] 4793#0: *8 http copy filter: "/health?"
2026/09/08 08:21:56 [debug] 4793#0: *8 http postpone filter "/health?" 00007FFDE8CEC910
2026/09/08 08:21:56 [debug] 4793#0: *8 write old buf t:1 f:0 0000565383954B70, pos 0000565383954B70, size: 147 file: 0, size: 0
2026/09/08 08:21:56 [debug] 4793#0: *8 write new buf t:0 f:0 0000000000000000, pos 000056538395D2C3, size: 3 file: 0, size: 0
2026/09/08 08:21:56 [debug] 4793#0: *8 http write filter: l:1 f:0 s:150
2026/09/08 08:21:56 [debug] 4793#0: *8 http write filter limit 2097152
2026/09/08 08:21:56 [debug] 4793#0: *8 writev: 150 of 150
2026/09/08 08:21:56 [debug] 4793#0: *8 http write filter 0000000000000000
2026/09/08 08:21:56 [debug] 4793#0: *8 http copy filter: 0 "/health?"
2026/09/08 08:21:56 [debug] 4793#0: *8 http finalize request: 0, "/health?" a:1, c:1
2026/09/08 08:21:56 [debug] 4793#0: *8 set http keepalive handler
2026/09/08 08:21:56 [debug] 4793#0: *8 http close request
2026/09/08 08:21:56 [debug] 4793#0: *8 http log handler
2026/09/08 08:21:56 [debug] 4793#0: *8 free: 0000565383953D20, unused: 2
2026/09/08 08:21:56 [debug] 4793#0: *8 free: 00005653839494E0, unused: 2944
2026/09/08 08:21:56 [debug] 4793#0: *8 free: 0000565383944510
2026/09/08 08:21:56 [debug] 4793#0: *8 hc free: 0000000000000000
2026/09/08 08:21:56 [debug] 4793#0: *8 hc busy: 0000000000000000 0
2026/09/08 08:21:56 [debug] 4793#0: *8 tcp_nodelay
2026/09/08 08:21:56 [debug] 4793#0: *8 reusable connection: 1
2026/09/08 08:21:56 [debug] 4793#0: *8 event timer add: 3: 75000:3311760
2026/09/08 08:21:56 [debug] 4793#0: timer delta: 0
2026/09/08 08:21:56 [debug] 4793#0: worker cycle
2026/09/08 08:21:56 [debug] 4793#0: epoll timer: 75000
2026/09/08 08:21:56 [debug] 4793#0: epoll: fd:3 ev:2001 d:00007F3CDF0B31D1
2026/09/08 08:21:56 [debug] 4793#0: *8 http keepalive handler
2026/09/08 08:21:56 [debug] 4793#0: *8 malloc: 0000565383944510:1024
2026/09/08 08:21:56 [debug] 4793#0: *8 recv: eof:1, avail:-1
2026/09/08 08:21:56 [debug] 4793#0: *8 recv: fd:3 0 of 1024
2026/09/08 08:21:56 [info] 4793#0: *8 client 127.0.0.1 closed keepalive connection
2026/09/08 08:21:56 [debug] 4793#0: *8 close http connection: 3
2026/09/08 08:21:56 [debug] 4793#0: *8 event timer del: 3: 3311760
2026/09/08 08:21:56 [debug] 4793#0: *8 reusable connection: 0
2026/09/08 08:21:56 [debug] 4793#0: *8 free: 0000565383944510
2026/09/08 08:21:56 [debug] 4793#0: *8 free: 00005653839452A0, unused: 144
2026/09/08 08:21:56 [debug] 4793#0: timer delta: 2
2026/09/08 08:21:56 [debug] 4793#0: worker cycle
2026/09/08 08:21:56 [debug] 4793#0: epoll timer: -1
2026/09/08 08:21:56 [debug] 4793#0: epoll: fd:6 ev:0001 d:00007F3CDF0B3010
2026/09/08 08:21:56 [debug] 4793#0: accept on 0.0.0.0:8080, ready: 0
2026/09/08 08:21:56 [debug] 4793#0: posix_memalign: 00005653839452A0:512 @16
2026/09/08 08:21:56 [debug] 4793#0: *9 accept: 127.0.0.1:59348 fd:3
2026/09/08 08:21:56 [debug] 4793#0: *9 event timer add: 3: 60000:3296774
2026/09/08 08:21:56 [debug] 4793#0: *9 reusable connection: 1
2026/09/08 08:21:56 [debug] 4793#0: *9 epoll add event: fd:3 op:1 ev:80002001
2026/09/08 08:21:56 [debug] 4793#0: timer delta: 12
2026/09/08 08:21:56 [debug] 4793#0: worker cycle
2026/09/08 08:21:56 [debug] 4793#0: epoll timer: 60000
2026/09/08 08:21:56 [debug] 4793#0: epoll: fd:3 ev:0001 d:00007F3CDF0B31D0
2026/09/08 08:21:56 [debug] 4793#0: *9 http wait request handler
2026/09/08 08:21:56 [debug] 4793#0: *9 malloc: 0000565383944510:1024
2026/09/08 08:21:56 [debug] 4793#0: *9 recv: eof:0, avail:-1
2026/09/08 08:21:56 [debug] 4793#0: *9 recv: fd:3 84 of 1024
2026/09/08 08:21:56 [debug] 4793#0: *9 reusable connection: 0
2026/09/08 08:21:56 [debug] 4793#0: *9 posix_memalign: 0000565383953D20:4096 @16
2026/09/08 08:21:56 [debug] 4793#0: *9 http process request line
2026/09/08 08:21:56 [debug] 4793#0: *9 http request line: "GET /health HTTP/1.1"
2026/09/08 08:21:56 [debug] 4793#0: *9 http uri: "/health"
2026/09/08 08:21:56 [debug] 4793#0: *9 http args: ""
2026/09/08 08:21:56 [debug] 4793#0: *9 http exten: ""
2026/09/08 08:21:56 [debug] 4793#0: *9 posix_memalign: 00005653839494E0:4096 @16
2026/09/08 08:21:56 [debug] 4793#0: *9 http process request header line
2026/09/08 08:21:56 [debug] 4793#0: *9 http header: "Host: 127.0.0.1:8080"
2026/09/08 08:21:56 [debug] 4793#0: *9 http header: "User-Agent: curl/7.81.0"
2026/09/08 08:21:56 [debug] 4793#0: *9 http header: "Accept: */*"
2026/09/08 08:21:56 [debug] 4793#0: *9 http header done
2026/09/08 08:21:56 [debug] 4793#0: *9 event timer del: 3: 3296774
2026/09/08 08:21:56 [debug] 4793#0: *9 rewrite phase: 0
2026/09/08 08:21:56 [debug] 4793#0: *9 test location: "/static/"
2026/09/08 08:21:56 [debug] 4793#0: *9 test location: "/hello"
2026/09/08 08:21:56 [debug] 4793#0: *9 test location: "/health"
2026/09/08 08:21:56 [debug] 4793#0: *9 using configuration "/health"
2026/09/08 08:21:56 [debug] 4793#0: *9 http cl:-1 max:1048576
2026/09/08 08:21:56 [debug] 4793#0: *9 rewrite phase: 2
2026/09/08 08:21:56 [debug] 4793#0: *9 http set discard body
2026/09/08 08:21:56 [debug] 4793#0: *9 HTTP/1.1 200 OK
Server: nginx/1.29.1
Date: Tue, 08 Sep 2026 08:21:56 GMT
Content-Type: text/plain
Content-Length: 3
Connection: keep-alive

2026/09/08 08:21:56 [debug] 4793#0: *9 write new buf t:1 f:0 0000565383954B70, pos 0000565383954B70, size: 147 file: 0, size: 0
2026/09/08 08:21:56 [debug] 4793#0: *9 http write filter: l:0 f:0 s:147
2026/09/08 08:21:56 [debug] 4793#0: *9 http output filter "/health?"
2026/09/08 08:21:56 [debug] 4793#0: *9 http copy filter: "/health?"
2026/09/08 08:21:56 [debug] 4793#0: *9 http postpone filter "/health?" 00007FFDE8CEC910
2026/09/08 08:21:56 [debug] 4793#0: *9 write old buf t:1 f:0 0000565383954B70, pos 0000565383954B70, size: 147 file: 0, size: 0
2026/09/08 08:21:56 [debug] 4793#0: *9 write new buf t:0 f:0 0000000000000000, pos 000056538395D2C3, size: 3 file: 0, size: 0
2026/09/08 08:21:56 [debug] 4793#0: *9 http write filter: l:1 f:0 s:150
2026/09/08 08:21:56 [debug] 4793#0: *9 http write filter limit 2097152
2026/09/08 08:21:56 [debug] 4793#0: *9 writev: 150 of 150
2026/09/08 08:21:56 [debug] 4793#0: *9 http write filter 0000000000000000
2026/09/08 08:21:56 [debug] 4793#0: *9 http copy filter: 0 "/health?"
2026/09/08 08:21:56 [debug] 4793#0: *9 http finalize request: 0, "/health?" a:1, c:1
2026/09/08 08:21:56 [debug] 4793#0: *9 set http keepalive handler
2026/09/08 08:21:56 [debug] 4793#0: *9 http close request
2026/09/08 08:21:56 [debug] 4793#0: *9 http log handler
2026/09/08 08:21:56 [debug] 4793#0: *9 free: 0000565383953D20, unused: 2
2026/09/08 08:21:56 [debug] 4793#0: *9 free: 00005653839494E0, unused: 2944
2026/09/08 08:21:56 [debug] 4793#0: *9 free: 0000565383944510
2026/09/08 08:21:56 [debug] 4793#0: *9 hc free: 0000000000000000
2026/09/08 08:21:56 [debug] 4793#0: *9 hc busy: 0000000000000000 0
2026/09/08 08:21:56 [debug] 4793#0: *9 tcp_nodelay
2026/09/08 08:21:56 [debug] 4793#0: *9 reusable connection: 1
2026/09/08 08:21:56 [debug] 4793#0: *9 event timer add: 3: 75000:3311774
2026/09/08 08:21:56 [debug] 4793#0: timer delta: 0
2026/09/08 08:21:56 [debug] 4793#0: worker cycle
2026/09/08 08:21:56 [debug] 4793#0: epoll timer: 75000
2026/09/08 08:21:56 [debug] 4793#0: epoll: fd:3 ev:2001 d:00007F3CDF0B31D0
2026/09/08 08:21:56 [debug] 4793#0: *9 http keepalive handler
2026/09/08 08:21:56 [debug] 4793#0: *9 malloc: 0000565383944510:1024
2026/09/08 08:21:56 [debug] 4793#0: *9 recv: eof:1, avail:-1
2026/09/08 08:21:56 [debug] 4793#0: *9 recv: fd:3 0 of 1024
2026/09/08 08:21:56 [info] 4793#0: *9 client 127.0.0.1 closed keepalive connection
2026/09/08 08:21:56 [debug] 4793#0: *9 close http connection: 3
2026/09/08 08:21:56 [debug] 4793#0: *9 event timer del: 3: 3311774
2026/09/08 08:21:56 [debug] 4793#0: *9 reusable connection: 0
2026/09/08 08:21:56 [debug] 4793#0: *9 free: 0000565383944510
2026/09/08 08:21:56 [debug] 4793#0: *9 free: 00005653839452A0, unused: 144
2026/09/08 08:21:56 [debug] 4793#0: timer delta: 2
2026/09/08 08:21:56 [debug] 4793#0: worker cycle
2026/09/08 08:21:56 [debug] 4793#0: epoll timer: -1
2026/09/08 08:21:56 [debug] 4793#0: epoll: fd:6 ev:0001 d:00007F3CDF0B3010
2026/09/08 08:21:56 [debug] 4793#0: accept on 0.0.0.0:8080, ready: 0
2026/09/08 08:21:56 [debug] 4793#0: posix_memalign: 00005653839452A0:512 @16
2026/09/08 08:21:56 [debug] 4793#0: *10 accept: 127.0.0.1:59352 fd:3
2026/09/08 08:21:56 [debug] 4793#0: *10 event timer add: 3: 60000:3296787
2026/09/08 08:21:56 [debug] 4793#0: *10 reusable connection: 1
2026/09/08 08:21:56 [debug] 4793#0: *10 epoll add event: fd:3 op:1 ev:80002001
2026/09/08 08:21:56 [debug] 4793#0: timer delta: 11
2026/09/08 08:21:56 [debug] 4793#0: worker cycle
2026/09/08 08:21:56 [debug] 4793#0: epoll timer: 60000
2026/09/08 08:21:56 [debug] 4793#0: epoll: fd:3 ev:0001 d:00007F3CDF0B31D1
2026/09/08 08:21:56 [debug] 4793#0: *10 http wait request handler
2026/09/08 08:21:56 [debug] 4793#0: *10 malloc: 0000565383944510:1024
2026/09/08 08:21:56 [debug] 4793#0: *10 recv: eof:0, avail:-1
2026/09/08 08:21:56 [debug] 4793#0: *10 recv: fd:3 84 of 1024
2026/09/08 08:21:56 [debug] 4793#0: *10 reusable connection: 0
2026/09/08 08:21:56 [debug] 4793#0: *10 posix_memalign: 0000565383953D20:4096 @16
2026/09/08 08:21:56 [debug] 4793#0: *10 http process request line
2026/09/08 08:21:56 [debug] 4793#0: *10 http request line: "GET /health HTTP/1.1"
2026/09/08 08:21:56 [debug] 4793#0: *10 http uri: "/health"
2026/09/08 08:21:56 [debug] 4793#0: *10 http args: ""
2026/09/08 08:21:56 [debug] 4793#0: *10 http exten: ""
2026/09/08 08:21:56 [debug] 4793#0: *10 posix_memalign: 00005653839494E0:4096 @16
2026/09/08 08:21:56 [debug] 4793#0: *10 http process request header line
2026/09/08 08:21:56 [debug] 4793#0: *10 http header: "Host: 127.0.0.1:8080"
2026/09/08 08:21:56 [debug] 4793#0: *10 http header: "User-Agent: curl/7.81.0"
2026/09/08 08:21:56 [debug] 4793#0: *10 http header: "Accept: */*"
2026/09/08 08:21:56 [debug] 4793#0: *10 http header done
2026/09/08 08:21:56 [debug] 4793#0: *10 event timer del: 3: 3296787
2026/09/08 08:21:56 [debug] 4793#0: *10 rewrite phase: 0
2026/09/08 08:21:56 [debug] 4793#0: *10 test location: "/static/"
2026/09/08 08:21:56 [debug] 4793#0: *10 test location: "/hello"
2026/09/08 08:21:56 [debug] 4793#0: *10 test location: "/health"
2026/09/08 08:21:56 [debug] 4793#0: *10 using configuration "/health"
2026/09/08 08:21:56 [debug] 4793#0: *10 http cl:-1 max:1048576
2026/09/08 08:21:56 [debug] 4793#0: *10 rewrite phase: 2
2026/09/08 08:21:56 [debug] 4793#0: *10 http set discard body
2026/09/08 08:21:56 [debug] 4793#0: *10 HTTP/1.1 200 OK
Server: nginx/1.29.1
Date: Tue, 08 Sep 2026 08:21:56 GMT
Content-Type: text/plain
Content-Length: 3
Connection: keep-alive

2026/09/08 08:21:56 [debug] 4793#0: *10 write new buf t:1 f:0 0000565383954B70, pos 0000565383954B70, size: 147 file: 0, size: 0
2026/09/08 08:21:56 [debug] 4793#0: *10 http write filter: l:0 f:0 s:147
2026/09/08 08:21:56 [debug] 4793#0: *10 http output filter "/health?"
2026/09/08 08:21:56 [debug] 4793#0: *10 http copy filter: "/health?"
2026/09/08 08:21:56 [debug] 4793#0: *10 http postpone filter "/health?" 00007FFDE8CEC910
2026/09/08 08:21:56 [debug] 4793#0: *10 write old buf t:1 f:0 0000565383954B70, pos 0000565383954B70, size: 147 file: 0, size: 0
2026/09/08 08:21:56 [debug] 4793#0: *10 write new buf t:0 f:0 0000000000000000, pos 000056538395D2C3, size: 3 file: 0, size: 0
2026/09/08 08:21:56 [debug] 4793#0: *10 http write filter: l:1 f:0 s:150
2026/09/08 08:21:56 [debug] 4793#0: *10 http write filter limit 2097152
2026/09/08 08:21:56 [debug] 4793#0: *10 writev: 150 of 150
2026/09/08 08:21:56 [debug] 4793#0: *10 http write filter 0000000000000000
2026/09/08 08:21:56 [debug] 4793#0: *10 http copy filter: 0 "/health?"
2026/09/08 08:21:56 [debug] 4793#0: *10 http finalize request: 0, "/health?" a:1, c:1
2026/09/08 08:21:56 [debug] 4793#0: *10 set http keepalive handler
2026/09/08 08:21:56 [debug] 4793#0: *10 http close request
2026/09/08 08:21:56 [debug] 4793#0: *10 http log handler
2026/09/08 08:21:56 [debug] 4793#0: *10 free: 0000565383953D20, unused: 2
2026/09/08 08:21:56 [debug] 4793#0: *10 free: 00005653839494E0, unused: 2944
2026/09/08 08:21:56 [debug] 4793#0: *10 free: 0000565383944510
2026/09/08 08:21:56 [debug] 4793#0: *10 hc free: 0000000000000000
2026/09/08 08:21:56 [debug] 4793#0: *10 hc busy: 0000000000000000 0
2026/09/08 08:21:56 [debug] 4793#0: *10 tcp_nodelay
2026/09/08 08:21:56 [debug] 4793#0: *10 reusable connection: 1
2026/09/08 08:21:56 [debug] 4793#0: *10 event timer add: 3: 75000:3311788
2026/09/08 08:21:56 [debug] 4793#0: timer delta: 1
2026/09/08 08:21:56 [debug] 4793#0: worker cycle
2026/09/08 08:21:56 [debug] 4793#0: epoll timer: 75000
2026/09/08 08:21:56 [debug] 4793#0: epoll: fd:3 ev:2001 d:00007F3CDF0B31D1
2026/09/08 08:21:56 [debug] 4793#0: *10 http keepalive handler
2026/09/08 08:21:56 [debug] 4793#0: *10 malloc: 0000565383944510:1024
2026/09/08 08:21:56 [debug] 4793#0: *10 recv: eof:1, avail:-1
2026/09/08 08:21:56 [debug] 4793#0: *10 recv: fd:3 0 of 1024
2026/09/08 08:21:56 [info] 4793#0: *10 client 127.0.0.1 closed keepalive connection
2026/09/08 08:21:56 [debug] 4793#0: *10 close http connection: 3
2026/09/08 08:21:56 [debug] 4793#0: *10 event timer del: 3: 3311788
2026/09/08 08:21:56 [debug] 4793#0: *10 reusable connection: 0
2026/09/08 08:21:56 [debug] 4793#0: *10 free: 0000565383944510
2026/09/08 08:21:56 [debug] 4793#0: *10 free: 00005653839452A0, unused: 144
2026/09/08 08:21:56 [debug] 4793#0: timer delta: 1
2026/09/08 08:21:56 [debug] 4793#0: worker cycle
2026/09/08 08:21:56 [debug] 4793#0: epoll timer: -1
2026/09/08 08:22:04 [debug] 4793#0: epoll: fd:6 ev:0001 d:00007F3CDF0B3010
2026/09/08 08:22:04 [debug] 4793#0: accept on 0.0.0.0:8080, ready: 0
2026/09/08 08:22:04 [debug] 4793#0: posix_memalign: 00005653839452A0:512 @16
2026/09/08 08:22:04 [debug] 4793#0: *11 accept: 127.0.0.1:48296 fd:3
2026/09/08 08:22:04 [debug] 4793#0: *11 event timer add: 3: 60000:3304275
2026/09/08 08:22:04 [debug] 4793#0: *11 reusable connection: 1
2026/09/08 08:22:04 [debug] 4793#0: *11 epoll add event: fd:3 op:1 ev:80002001
2026/09/08 08:22:04 [debug] 4793#0: timer delta: 7486
2026/09/08 08:22:04 [debug] 4793#0: worker cycle
2026/09/08 08:22:04 [debug] 4793#0: epoll timer: 60000
2026/09/08 08:22:04 [debug] 4793#0: epoll: fd:3 ev:0001 d:00007F3CDF0B31D0
2026/09/08 08:22:04 [debug] 4793#0: *11 http wait request handler
2026/09/08 08:22:04 [debug] 4793#0: *11 malloc: 0000565383944510:1024
2026/09/08 08:22:04 [debug] 4793#0: *11 recv: eof:0, avail:-1
2026/09/08 08:22:04 [debug] 4793#0: *11 recv: fd:3 93 of 1024
2026/09/08 08:22:04 [debug] 4793#0: *11 reusable connection: 0
2026/09/08 08:22:04 [debug] 4793#0: *11 posix_memalign: 0000565383953D20:4096 @16
2026/09/08 08:22:04 [debug] 4793#0: *11 http process request line
2026/09/08 08:22:04 [debug] 4793#0: *11 http request line: "GET /static/test.txt HTTP/1.1"
2026/09/08 08:22:04 [debug] 4793#0: *11 http uri: "/static/test.txt"
2026/09/08 08:22:04 [debug] 4793#0: *11 http args: ""
2026/09/08 08:22:04 [debug] 4793#0: *11 http exten: "txt"
2026/09/08 08:22:04 [debug] 4793#0: *11 posix_memalign: 00005653839494E0:4096 @16
2026/09/08 08:22:04 [debug] 4793#0: *11 http process request header line
2026/09/08 08:22:04 [debug] 4793#0: *11 http header: "Host: 127.0.0.1:8080"
2026/09/08 08:22:04 [debug] 4793#0: *11 http header: "User-Agent: curl/7.81.0"
2026/09/08 08:22:04 [debug] 4793#0: *11 http header: "Accept: */*"
2026/09/08 08:22:04 [debug] 4793#0: *11 http header done
2026/09/08 08:22:04 [debug] 4793#0: *11 event timer del: 3: 3304275
2026/09/08 08:22:04 [debug] 4793#0: *11 rewrite phase: 0
2026/09/08 08:22:04 [debug] 4793#0: *11 test location: "/static/"
2026/09/08 08:22:04 [debug] 4793#0: *11 using configuration "/static/"
2026/09/08 08:22:04 [debug] 4793#0: *11 http cl:-1 max:1048576
2026/09/08 08:22:04 [debug] 4793#0: *11 rewrite phase: 2
2026/09/08 08:22:04 [debug] 4793#0: *11 post rewrite phase: 3
2026/09/08 08:22:04 [debug] 4793#0: *11 generic phase: 4
2026/09/08 08:22:04 [debug] 4793#0: *11 generic phase: 5
2026/09/08 08:22:04 [debug] 4793#0: *11 access phase: 6
2026/09/08 08:22:04 [debug] 4793#0: *11 access phase: 7
2026/09/08 08:22:04 [debug] 4793#0: *11 post access phase: 8
2026/09/08 08:22:04 [debug] 4793#0: *11 generic phase: 9
2026/09/08 08:22:04 [debug] 4793#0: *11 generic phase: 10
2026/09/08 08:22:04 [debug] 4793#0: *11 content phase: 11
2026/09/08 08:22:04 [debug] 4793#0: *11 content phase: 12
2026/09/08 08:22:04 [debug] 4793#0: *11 content phase: 13
2026/09/08 08:22:04 [debug] 4793#0: *11 http filename: "/home/asdf/nginx-issue-983-hostvm/nginx-1.29.1-compile/var/www/static/test.txt"
2026/09/08 08:22:04 [debug] 4793#0: *11 add cleanup: 0000565383954A28
2026/09/08 08:22:04 [debug] 4793#0: *11 http static fd: 10
2026/09/08 08:22:04 [debug] 4793#0: *11 http set discard body
2026/09/08 08:22:04 [debug] 4793#0: *11 HTTP/1.1 200 OK
Server: nginx/1.29.1
Date: Tue, 08 Sep 2026 08:22:04 GMT
Content-Type: text/plain
Content-Length: 23
Last-Modified: Tue, 08 Sep 2026 08:21:03 GMT
Connection: keep-alive
ETag: "6a9fc56f-17"
Accept-Ranges: bytes

2026/09/08 08:22:04 [debug] 4793#0: *11 write new buf t:1 f:0 0000565383954BF0, pos 0000565383954BF0, size: 237 file: 0, size: 0
2026/09/08 08:22:04 [debug] 4793#0: *11 http write filter: l:0 f:0 s:237
2026/09/08 08:22:04 [debug] 4793#0: *11 http output filter "/static/test.txt?"
2026/09/08 08:22:04 [debug] 4793#0: *11 http copy filter: "/static/test.txt?"
2026/09/08 08:22:04 [debug] 4793#0: *11 read: 10, 0000565383949A18, 23, 0
2026/09/08 08:22:04 [debug] 4793#0: *11 http postpone filter "/static/test.txt?" 0000565383954D00
2026/09/08 08:22:04 [debug] 4793#0: *11 write old buf t:1 f:0 0000565383954BF0, pos 0000565383954BF0, size: 237 file: 0, size: 0
2026/09/08 08:22:04 [debug] 4793#0: *11 write new buf t:1 f:0 0000565383949A18, pos 0000565383949A18, size: 23 file: 0, size: 0
2026/09/08 08:22:04 [debug] 4793#0: *11 http write filter: l:1 f:0 s:260
2026/09/08 08:22:04 [debug] 4793#0: *11 http write filter limit 2097152
2026/09/08 08:22:04 [debug] 4793#0: *11 writev: 260 of 260
2026/09/08 08:22:04 [debug] 4793#0: *11 http write filter 0000000000000000
2026/09/08 08:22:04 [debug] 4793#0: *11 http copy filter: 0 "/static/test.txt?"
2026/09/08 08:22:04 [debug] 4793#0: *11 http finalize request: 0, "/static/test.txt?" a:1, c:1
2026/09/08 08:22:04 [debug] 4793#0: *11 set http keepalive handler
2026/09/08 08:22:04 [debug] 4793#0: *11 http close request
2026/09/08 08:22:04 [debug] 4793#0: *11 http log handler
2026/09/08 08:22:04 [debug] 4793#0: *11 run cleanup: 0000565383954A28
2026/09/08 08:22:04 [debug] 4793#0: *11 file cleanup: fd:10
2026/09/08 08:22:04 [debug] 4793#0: *11 free: 0000565383953D20, unused: 0
2026/09/08 08:22:04 [debug] 4793#0: *11 free: 00005653839494E0, unused: 2602
2026/09/08 08:22:04 [debug] 4793#0: *11 free: 0000565383944510
2026/09/08 08:22:04 [debug] 4793#0: *11 hc free: 0000000000000000
2026/09/08 08:22:04 [debug] 4793#0: *11 hc busy: 0000000000000000 0
2026/09/08 08:22:04 [debug] 4793#0: *11 tcp_nodelay
2026/09/08 08:22:04 [debug] 4793#0: *11 reusable connection: 1
2026/09/08 08:22:04 [debug] 4793#0: *11 event timer add: 3: 75000:3319276
2026/09/08 08:22:04 [debug] 4793#0: timer delta: 1
2026/09/08 08:22:04 [debug] 4793#0: worker cycle
2026/09/08 08:22:04 [debug] 4793#0: epoll timer: 75000
2026/09/08 08:22:04 [debug] 4793#0: epoll: fd:3 ev:2001 d:00007F3CDF0B31D0
2026/09/08 08:22:04 [debug] 4793#0: *11 http keepalive handler
2026/09/08 08:22:04 [debug] 4793#0: *11 malloc: 0000565383944510:1024
2026/09/08 08:22:04 [debug] 4793#0: *11 recv: eof:1, avail:-1
2026/09/08 08:22:04 [debug] 4793#0: *11 recv: fd:3 0 of 1024
2026/09/08 08:22:04 [info] 4793#0: *11 client 127.0.0.1 closed keepalive connection
2026/09/08 08:22:04 [debug] 4793#0: *11 close http connection: 3
2026/09/08 08:22:04 [debug] 4793#0: *11 event timer del: 3: 3319276
2026/09/08 08:22:04 [debug] 4793#0: *11 reusable connection: 0
2026/09/08 08:22:04 [debug] 4793#0: *11 free: 0000565383944510
2026/09/08 08:22:04 [debug] 4793#0: *11 free: 00005653839452A0, unused: 144
2026/09/08 08:22:04 [debug] 4793#0: timer delta: 1
2026/09/08 08:22:04 [debug] 4793#0: worker cycle
2026/09/08 08:22:04 [debug] 4793#0: epoll timer: -1
2026/09/08 08:22:04 [debug] 4793#0: epoll: fd:6 ev:0001 d:00007F3CDF0B3010
2026/09/08 08:22:04 [debug] 4793#0: accept on 0.0.0.0:8080, ready: 0
2026/09/08 08:22:04 [debug] 4793#0: posix_memalign: 00005653839452A0:512 @16
2026/09/08 08:22:04 [debug] 4793#0: *12 accept: 127.0.0.1:48310 fd:3
2026/09/08 08:22:04 [debug] 4793#0: *12 event timer add: 3: 60000:3304287
2026/09/08 08:22:04 [debug] 4793#0: *12 reusable connection: 1
2026/09/08 08:22:04 [debug] 4793#0: *12 epoll add event: fd:3 op:1 ev:80002001
2026/09/08 08:22:04 [debug] 4793#0: timer delta: 10
2026/09/08 08:22:04 [debug] 4793#0: worker cycle
2026/09/08 08:22:04 [debug] 4793#0: epoll timer: 60000
2026/09/08 08:22:04 [debug] 4793#0: epoll: fd:3 ev:0001 d:00007F3CDF0B31D1
2026/09/08 08:22:04 [debug] 4793#0: *12 http wait request handler
2026/09/08 08:22:04 [debug] 4793#0: *12 malloc: 0000565383944510:1024
2026/09/08 08:22:04 [debug] 4793#0: *12 recv: eof:0, avail:-1
2026/09/08 08:22:04 [debug] 4793#0: *12 recv: fd:3 93 of 1024
2026/09/08 08:22:04 [debug] 4793#0: *12 reusable connection: 0
2026/09/08 08:22:04 [debug] 4793#0: *12 posix_memalign: 0000565383953D20:4096 @16
2026/09/08 08:22:04 [debug] 4793#0: *12 http process request line
2026/09/08 08:22:04 [debug] 4793#0: *12 http request line: "GET /static/test.txt HTTP/1.1"
2026/09/08 08:22:04 [debug] 4793#0: *12 http uri: "/static/test.txt"
2026/09/08 08:22:04 [debug] 4793#0: *12 http args: ""
2026/09/08 08:22:04 [debug] 4793#0: *12 http exten: "txt"
2026/09/08 08:22:04 [debug] 4793#0: *12 posix_memalign: 00005653839494E0:4096 @16
2026/09/08 08:22:04 [debug] 4793#0: *12 http process request header line
2026/09/08 08:22:04 [debug] 4793#0: *12 http header: "Host: 127.0.0.1:8080"
2026/09/08 08:22:04 [debug] 4793#0: *12 http header: "User-Agent: curl/7.81.0"
2026/09/08 08:22:04 [debug] 4793#0: *12 http header: "Accept: */*"
2026/09/08 08:22:04 [debug] 4793#0: *12 http header done
2026/09/08 08:22:04 [debug] 4793#0: *12 event timer del: 3: 3304287
2026/09/08 08:22:04 [debug] 4793#0: *12 rewrite phase: 0
2026/09/08 08:22:04 [debug] 4793#0: *12 test location: "/static/"
2026/09/08 08:22:04 [debug] 4793#0: *12 using configuration "/static/"
2026/09/08 08:22:04 [debug] 4793#0: *12 http cl:-1 max:1048576
2026/09/08 08:22:04 [debug] 4793#0: *12 rewrite phase: 2
2026/09/08 08:22:04 [debug] 4793#0: *12 post rewrite phase: 3
2026/09/08 08:22:04 [debug] 4793#0: *12 generic phase: 4
2026/09/08 08:22:04 [debug] 4793#0: *12 generic phase: 5
2026/09/08 08:22:04 [debug] 4793#0: *12 access phase: 6
2026/09/08 08:22:04 [debug] 4793#0: *12 access phase: 7
2026/09/08 08:22:04 [debug] 4793#0: *12 post access phase: 8
2026/09/08 08:22:04 [debug] 4793#0: *12 generic phase: 9
2026/09/08 08:22:04 [debug] 4793#0: *12 generic phase: 10
2026/09/08 08:22:04 [debug] 4793#0: *12 content phase: 11
2026/09/08 08:22:04 [debug] 4793#0: *12 content phase: 12
2026/09/08 08:22:04 [debug] 4793#0: *12 content phase: 13
2026/09/08 08:22:04 [debug] 4793#0: *12 http filename: "/home/asdf/nginx-issue-983-hostvm/nginx-1.29.1-compile/var/www/static/test.txt"
2026/09/08 08:22:04 [debug] 4793#0: *12 add cleanup: 0000565383954A28
2026/09/08 08:22:04 [debug] 4793#0: *12 http static fd: 10
2026/09/08 08:22:04 [debug] 4793#0: *12 http set discard body
2026/09/08 08:22:04 [debug] 4793#0: *12 HTTP/1.1 200 OK
Server: nginx/1.29.1
Date: Tue, 08 Sep 2026 08:22:04 GMT
Content-Type: text/plain
Content-Length: 23
Last-Modified: Tue, 08 Sep 2026 08:21:03 GMT
Connection: keep-alive
ETag: "6a9fc56f-17"
Accept-Ranges: bytes

2026/09/08 08:22:04 [debug] 4793#0: *12 write new buf t:1 f:0 0000565383954BF0, pos 0000565383954BF0, size: 237 file: 0, size: 0
2026/09/08 08:22:04 [debug] 4793#0: *12 http write filter: l:0 f:0 s:237
2026/09/08 08:22:04 [debug] 4793#0: *12 http output filter "/static/test.txt?"
2026/09/08 08:22:04 [debug] 4793#0: *12 http copy filter: "/static/test.txt?"
2026/09/08 08:22:04 [debug] 4793#0: *12 read: 10, 0000565383949A18, 23, 0
2026/09/08 08:22:04 [debug] 4793#0: *12 http postpone filter "/static/test.txt?" 0000565383954D00
2026/09/08 08:22:04 [debug] 4793#0: *12 write old buf t:1 f:0 0000565383954BF0, pos 0000565383954BF0, size: 237 file: 0, size: 0
2026/09/08 08:22:04 [debug] 4793#0: *12 write new buf t:1 f:0 0000565383949A18, pos 0000565383949A18, size: 23 file: 0, size: 0
2026/09/08 08:22:04 [debug] 4793#0: *12 http write filter: l:1 f:0 s:260
2026/09/08 08:22:04 [debug] 4793#0: *12 http write filter limit 2097152
2026/09/08 08:22:04 [debug] 4793#0: *12 writev: 260 of 260
2026/09/08 08:22:04 [debug] 4793#0: *12 http write filter 0000000000000000
2026/09/08 08:22:04 [debug] 4793#0: *12 http copy filter: 0 "/static/test.txt?"
2026/09/08 08:22:04 [debug] 4793#0: *12 http finalize request: 0, "/static/test.txt?" a:1, c:1
2026/09/08 08:22:04 [debug] 4793#0: *12 set http keepalive handler
2026/09/08 08:22:04 [debug] 4793#0: *12 http close request
2026/09/08 08:22:04 [debug] 4793#0: *12 http log handler
2026/09/08 08:22:04 [debug] 4793#0: *12 run cleanup: 0000565383954A28
2026/09/08 08:22:04 [debug] 4793#0: *12 file cleanup: fd:10
2026/09/08 08:22:04 [debug] 4793#0: *12 free: 0000565383953D20, unused: 0
2026/09/08 08:22:04 [debug] 4793#0: *12 free: 00005653839494E0, unused: 2602
2026/09/08 08:22:04 [debug] 4793#0: *12 free: 0000565383944510
2026/09/08 08:22:04 [debug] 4793#0: *12 hc free: 0000000000000000
2026/09/08 08:22:04 [debug] 4793#0: *12 hc busy: 0000000000000000 0
2026/09/08 08:22:04 [debug] 4793#0: *12 tcp_nodelay
2026/09/08 08:22:04 [debug] 4793#0: *12 reusable connection: 1
2026/09/08 08:22:04 [debug] 4793#0: *12 event timer add: 3: 75000:3319287
2026/09/08 08:22:04 [debug] 4793#0: timer delta: 0
2026/09/08 08:22:04 [debug] 4793#0: worker cycle
2026/09/08 08:22:04 [debug] 4793#0: epoll timer: 75000
2026/09/08 08:22:04 [debug] 4793#0: epoll: fd:3 ev:2001 d:00007F3CDF0B31D1
2026/09/08 08:22:04 [debug] 4793#0: *12 http keepalive handler
2026/09/08 08:22:04 [debug] 4793#0: *12 malloc: 0000565383944510:1024
2026/09/08 08:22:04 [debug] 4793#0: *12 recv: eof:1, avail:-1
2026/09/08 08:22:04 [debug] 4793#0: *12 recv: fd:3 0 of 1024
2026/09/08 08:22:04 [info] 4793#0: *12 client 127.0.0.1 closed keepalive connection
2026/09/08 08:22:04 [debug] 4793#0: *12 close http connection: 3
2026/09/08 08:22:04 [debug] 4793#0: *12 event timer del: 3: 3319287
2026/09/08 08:22:04 [debug] 4793#0: *12 reusable connection: 0
2026/09/08 08:22:04 [debug] 4793#0: *12 free: 0000565383944510
2026/09/08 08:22:04 [debug] 4793#0: *12 free: 00005653839452A0, unused: 144
2026/09/08 08:22:04 [debug] 4793#0: timer delta: 2
2026/09/08 08:22:04 [debug] 4793#0: worker cycle
2026/09/08 08:22:04 [debug] 4793#0: epoll timer: -1
2026/09/08 08:22:04 [debug] 4793#0: epoll: fd:6 ev:0001 d:00007F3CDF0B3010
2026/09/08 08:22:04 [debug] 4793#0: accept on 0.0.0.0:8080, ready: 0
2026/09/08 08:22:04 [debug] 4793#0: posix_memalign: 00005653839452A0:512 @16
2026/09/08 08:22:04 [debug] 4793#0: *13 accept: 127.0.0.1:48324 fd:3
2026/09/08 08:22:04 [debug] 4793#0: *13 event timer add: 3: 60000:3304301
2026/09/08 08:22:04 [debug] 4793#0: *13 reusable connection: 1
2026/09/08 08:22:04 [debug] 4793#0: *13 epoll add event: fd:3 op:1 ev:80002001
2026/09/08 08:22:04 [debug] 4793#0: timer delta: 12
2026/09/08 08:22:04 [debug] 4793#0: worker cycle
2026/09/08 08:22:04 [debug] 4793#0: epoll timer: 60000
2026/09/08 08:22:04 [debug] 4793#0: epoll: fd:3 ev:0001 d:00007F3CDF0B31D0
2026/09/08 08:22:04 [debug] 4793#0: *13 http wait request handler
2026/09/08 08:22:04 [debug] 4793#0: *13 malloc: 0000565383944510:1024
2026/09/08 08:22:04 [debug] 4793#0: *13 recv: eof:0, avail:-1
2026/09/08 08:22:04 [debug] 4793#0: *13 recv: fd:3 93 of 1024
2026/09/08 08:22:04 [debug] 4793#0: *13 reusable connection: 0
2026/09/08 08:22:04 [debug] 4793#0: *13 posix_memalign: 0000565383953D20:4096 @16
2026/09/08 08:22:04 [debug] 4793#0: *13 http process request line
2026/09/08 08:22:04 [debug] 4793#0: *13 http request line: "GET /static/test.txt HTTP/1.1"
2026/09/08 08:22:04 [debug] 4793#0: *13 http uri: "/static/test.txt"
2026/09/08 08:22:04 [debug] 4793#0: *13 http args: ""
2026/09/08 08:22:04 [debug] 4793#0: *13 http exten: "txt"
2026/09/08 08:22:04 [debug] 4793#0: *13 posix_memalign: 00005653839494E0:4096 @16
2026/09/08 08:22:04 [debug] 4793#0: *13 http process request header line
2026/09/08 08:22:04 [debug] 4793#0: *13 http header: "Host: 127.0.0.1:8080"
2026/09/08 08:22:04 [debug] 4793#0: *13 http header: "User-Agent: curl/7.81.0"
2026/09/08 08:22:04 [debug] 4793#0: *13 http header: "Accept: */*"
2026/09/08 08:22:04 [debug] 4793#0: *13 http header done
2026/09/08 08:22:04 [debug] 4793#0: *13 event timer del: 3: 3304301
2026/09/08 08:22:04 [debug] 4793#0: *13 rewrite phase: 0
2026/09/08 08:22:04 [debug] 4793#0: *13 test location: "/static/"
2026/09/08 08:22:04 [debug] 4793#0: *13 using configuration "/static/"
2026/09/08 08:22:04 [debug] 4793#0: *13 http cl:-1 max:1048576
2026/09/08 08:22:04 [debug] 4793#0: *13 rewrite phase: 2
2026/09/08 08:22:04 [debug] 4793#0: *13 post rewrite phase: 3
2026/09/08 08:22:04 [debug] 4793#0: *13 generic phase: 4
2026/09/08 08:22:04 [debug] 4793#0: *13 generic phase: 5
2026/09/08 08:22:04 [debug] 4793#0: *13 access phase: 6
2026/09/08 08:22:04 [debug] 4793#0: *13 access phase: 7
2026/09/08 08:22:04 [debug] 4793#0: *13 post access phase: 8
2026/09/08 08:22:04 [debug] 4793#0: *13 generic phase: 9
2026/09/08 08:22:04 [debug] 4793#0: *13 generic phase: 10
2026/09/08 08:22:04 [debug] 4793#0: *13 content phase: 11
2026/09/08 08:22:04 [debug] 4793#0: *13 content phase: 12
2026/09/08 08:22:04 [debug] 4793#0: *13 content phase: 13
2026/09/08 08:22:04 [debug] 4793#0: *13 http filename: "/home/asdf/nginx-issue-983-hostvm/nginx-1.29.1-compile/var/www/static/test.txt"
2026/09/08 08:22:04 [debug] 4793#0: *13 add cleanup: 0000565383954A28
2026/09/08 08:22:04 [debug] 4793#0: *13 http static fd: 10
2026/09/08 08:22:04 [debug] 4793#0: *13 http set discard body
2026/09/08 08:22:04 [debug] 4793#0: *13 HTTP/1.1 200 OK
Server: nginx/1.29.1
Date: Tue, 08 Sep 2026 08:22:04 GMT
Content-Type: text/plain
Content-Length: 23
Last-Modified: Tue, 08 Sep 2026 08:21:03 GMT
Connection: keep-alive
ETag: "6a9fc56f-17"
Accept-Ranges: bytes

2026/09/08 08:22:04 [debug] 4793#0: *13 write new buf t:1 f:0 0000565383954BF0, pos 0000565383954BF0, size: 237 file: 0, size: 0
2026/09/08 08:22:04 [debug] 4793#0: *13 http write filter: l:0 f:0 s:237
2026/09/08 08:22:04 [debug] 4793#0: *13 http output filter "/static/test.txt?"
2026/09/08 08:22:04 [debug] 4793#0: *13 http copy filter: "/static/test.txt?"
2026/09/08 08:22:04 [debug] 4793#0: *13 read: 10, 0000565383949A18, 23, 0
2026/09/08 08:22:04 [debug] 4793#0: *13 http postpone filter "/static/test.txt?" 0000565383954D00
2026/09/08 08:22:04 [debug] 4793#0: *13 write old buf t:1 f:0 0000565383954BF0, pos 0000565383954BF0, size: 237 file: 0, size: 0
2026/09/08 08:22:04 [debug] 4793#0: *13 write new buf t:1 f:0 0000565383949A18, pos 0000565383949A18, size: 23 file: 0, size: 0
2026/09/08 08:22:04 [debug] 4793#0: *13 http write filter: l:1 f:0 s:260
2026/09/08 08:22:04 [debug] 4793#0: *13 http write filter limit 2097152
2026/09/08 08:22:04 [debug] 4793#0: *13 writev: 260 of 260
2026/09/08 08:22:04 [debug] 4793#0: *13 http write filter 0000000000000000
2026/09/08 08:22:04 [debug] 4793#0: *13 http copy filter: 0 "/static/test.txt?"
2026/09/08 08:22:04 [debug] 4793#0: *13 http finalize request: 0, "/static/test.txt?" a:1, c:1
2026/09/08 08:22:04 [debug] 4793#0: *13 set http keepalive handler
2026/09/08 08:22:04 [debug] 4793#0: *13 http close request
2026/09/08 08:22:04 [debug] 4793#0: *13 http log handler
2026/09/08 08:22:04 [debug] 4793#0: *13 run cleanup: 0000565383954A28
2026/09/08 08:22:04 [debug] 4793#0: *13 file cleanup: fd:10
2026/09/08 08:22:04 [debug] 4793#0: *13 free: 0000565383953D20, unused: 0
2026/09/08 08:22:04 [debug] 4793#0: *13 free: 00005653839494E0, unused: 2602
2026/09/08 08:22:04 [debug] 4793#0: *13 free: 0000565383944510
2026/09/08 08:22:04 [debug] 4793#0: *13 hc free: 0000000000000000
2026/09/08 08:22:04 [debug] 4793#0: *13 hc busy: 0000000000000000 0
2026/09/08 08:22:04 [debug] 4793#0: *13 tcp_nodelay
2026/09/08 08:22:04 [debug] 4793#0: *13 reusable connection: 1
2026/09/08 08:22:04 [debug] 4793#0: *13 event timer add: 3: 75000:3319301
2026/09/08 08:22:04 [debug] 4793#0: timer delta: 0
2026/09/08 08:22:04 [debug] 4793#0: worker cycle
2026/09/08 08:22:04 [debug] 4793#0: epoll timer: 75000
2026/09/08 08:22:04 [debug] 4793#0: epoll: fd:3 ev:2001 d:00007F3CDF0B31D0
2026/09/08 08:22:04 [debug] 4793#0: *13 http keepalive handler
2026/09/08 08:22:04 [debug] 4793#0: *13 malloc: 0000565383944510:1024
2026/09/08 08:22:04 [debug] 4793#0: *13 recv: eof:1, avail:-1
2026/09/08 08:22:04 [debug] 4793#0: *13 recv: fd:3 0 of 1024
2026/09/08 08:22:04 [info] 4793#0: *13 client 127.0.0.1 closed keepalive connection
2026/09/08 08:22:04 [debug] 4793#0: *13 close http connection: 3
2026/09/08 08:22:04 [debug] 4793#0: *13 event timer del: 3: 3319301
2026/09/08 08:22:04 [debug] 4793#0: *13 reusable connection: 0
2026/09/08 08:22:04 [debug] 4793#0: *13 free: 0000565383944510
2026/09/08 08:22:04 [debug] 4793#0: *13 free: 00005653839452A0, unused: 144
2026/09/08 08:22:04 [debug] 4793#0: timer delta: 1
2026/09/08 08:22:04 [debug] 4793#0: worker cycle
2026/09/08 08:22:04 [debug] 4793#0: epoll timer: -1
2026/09/08 08:22:04 [debug] 4793#0: epoll: fd:6 ev:0001 d:00007F3CDF0B3010
2026/09/08 08:22:04 [debug] 4793#0: accept on 0.0.0.0:8080, ready: 0
2026/09/08 08:22:04 [debug] 4793#0: posix_memalign: 00005653839452A0:512 @16
2026/09/08 08:22:04 [debug] 4793#0: *14 accept: 127.0.0.1:48328 fd:3
2026/09/08 08:22:04 [debug] 4793#0: *14 event timer add: 3: 60000:3304312
2026/09/08 08:22:04 [debug] 4793#0: *14 reusable connection: 1
2026/09/08 08:22:04 [debug] 4793#0: *14 epoll add event: fd:3 op:1 ev:80002001
2026/09/08 08:22:04 [debug] 4793#0: timer delta: 10
2026/09/08 08:22:04 [debug] 4793#0: worker cycle
2026/09/08 08:22:04 [debug] 4793#0: epoll timer: 60000
2026/09/08 08:22:04 [debug] 4793#0: epoll: fd:3 ev:0001 d:00007F3CDF0B31D1
2026/09/08 08:22:04 [debug] 4793#0: *14 http wait request handler
2026/09/08 08:22:04 [debug] 4793#0: *14 malloc: 0000565383944510:1024
2026/09/08 08:22:04 [debug] 4793#0: *14 recv: eof:0, avail:-1
2026/09/08 08:22:04 [debug] 4793#0: *14 recv: fd:3 93 of 1024
2026/09/08 08:22:04 [debug] 4793#0: *14 reusable connection: 0
2026/09/08 08:22:04 [debug] 4793#0: *14 posix_memalign: 0000565383953D20:4096 @16
2026/09/08 08:22:04 [debug] 4793#0: *14 http process request line
2026/09/08 08:22:04 [debug] 4793#0: *14 http request line: "GET /static/test.txt HTTP/1.1"
2026/09/08 08:22:04 [debug] 4793#0: *14 http uri: "/static/test.txt"
2026/09/08 08:22:04 [debug] 4793#0: *14 http args: ""
2026/09/08 08:22:04 [debug] 4793#0: *14 http exten: "txt"
2026/09/08 08:22:04 [debug] 4793#0: *14 posix_memalign: 00005653839494E0:4096 @16
2026/09/08 08:22:04 [debug] 4793#0: *14 http process request header line
2026/09/08 08:22:04 [debug] 4793#0: *14 http header: "Host: 127.0.0.1:8080"
2026/09/08 08:22:04 [debug] 4793#0: *14 http header: "User-Agent: curl/7.81.0"
2026/09/08 08:22:04 [debug] 4793#0: *14 http header: "Accept: */*"
2026/09/08 08:22:04 [debug] 4793#0: *14 http header done
2026/09/08 08:22:04 [debug] 4793#0: *14 event timer del: 3: 3304312
2026/09/08 08:22:04 [debug] 4793#0: *14 rewrite phase: 0
2026/09/08 08:22:04 [debug] 4793#0: *14 test location: "/static/"
2026/09/08 08:22:04 [debug] 4793#0: *14 using configuration "/static/"
2026/09/08 08:22:04 [debug] 4793#0: *14 http cl:-1 max:1048576
2026/09/08 08:22:04 [debug] 4793#0: *14 rewrite phase: 2
2026/09/08 08:22:04 [debug] 4793#0: *14 post rewrite phase: 3
2026/09/08 08:22:04 [debug] 4793#0: *14 generic phase: 4
2026/09/08 08:22:04 [debug] 4793#0: *14 generic phase: 5
2026/09/08 08:22:04 [debug] 4793#0: *14 access phase: 6
2026/09/08 08:22:04 [debug] 4793#0: *14 access phase: 7
2026/09/08 08:22:04 [debug] 4793#0: *14 post access phase: 8
2026/09/08 08:22:04 [debug] 4793#0: *14 generic phase: 9
2026/09/08 08:22:04 [debug] 4793#0: *14 generic phase: 10
2026/09/08 08:22:04 [debug] 4793#0: *14 content phase: 11
2026/09/08 08:22:04 [debug] 4793#0: *14 content phase: 12
2026/09/08 08:22:04 [debug] 4793#0: *14 content phase: 13
2026/09/08 08:22:04 [debug] 4793#0: *14 http filename: "/home/asdf/nginx-issue-983-hostvm/nginx-1.29.1-compile/var/www/static/test.txt"
2026/09/08 08:22:04 [debug] 4793#0: *14 add cleanup: 0000565383954A28
2026/09/08 08:22:04 [debug] 4793#0: *14 http static fd: 10
2026/09/08 08:22:04 [debug] 4793#0: *14 http set discard body
2026/09/08 08:22:04 [debug] 4793#0: *14 HTTP/1.1 200 OK
Server: nginx/1.29.1
Date: Tue, 08 Sep 2026 08:22:04 GMT
Content-Type: text/plain
Content-Length: 23
Last-Modified: Tue, 08 Sep 2026 08:21:03 GMT
Connection: keep-alive
ETag: "6a9fc56f-17"
Accept-Ranges: bytes

2026/09/08 08:22:04 [debug] 4793#0: *14 write new buf t:1 f:0 0000565383954BF0, pos 0000565383954BF0, size: 237 file: 0, size: 0
2026/09/08 08:22:04 [debug] 4793#0: *14 http write filter: l:0 f:0 s:237
2026/09/08 08:22:04 [debug] 4793#0: *14 http output filter "/static/test.txt?"
2026/09/08 08:22:04 [debug] 4793#0: *14 http copy filter: "/static/test.txt?"
2026/09/08 08:22:04 [debug] 4793#0: *14 read: 10, 0000565383949A18, 23, 0
2026/09/08 08:22:04 [debug] 4793#0: *14 http postpone filter "/static/test.txt?" 0000565383954D00
2026/09/08 08:22:04 [debug] 4793#0: *14 write old buf t:1 f:0 0000565383954BF0, pos 0000565383954BF0, size: 237 file: 0, size: 0
2026/09/08 08:22:04 [debug] 4793#0: *14 write new buf t:1 f:0 0000565383949A18, pos 0000565383949A18, size: 23 file: 0, size: 0
2026/09/08 08:22:04 [debug] 4793#0: *14 http write filter: l:1 f:0 s:260
2026/09/08 08:22:04 [debug] 4793#0: *14 http write filter limit 2097152
2026/09/08 08:22:04 [debug] 4793#0: *14 writev: 260 of 260
2026/09/08 08:22:04 [debug] 4793#0: *14 http write filter 0000000000000000
2026/09/08 08:22:04 [debug] 4793#0: *14 http copy filter: 0 "/static/test.txt?"
2026/09/08 08:22:04 [debug] 4793#0: *14 http finalize request: 0, "/static/test.txt?" a:1, c:1
2026/09/08 08:22:04 [debug] 4793#0: *14 set http keepalive handler
2026/09/08 08:22:04 [debug] 4793#0: *14 http close request
2026/09/08 08:22:04 [debug] 4793#0: *14 http log handler
2026/09/08 08:22:04 [debug] 4793#0: *14 run cleanup: 0000565383954A28
2026/09/08 08:22:04 [debug] 4793#0: *14 file cleanup: fd:10
2026/09/08 08:22:04 [debug] 4793#0: *14 free: 0000565383953D20, unused: 0
2026/09/08 08:22:04 [debug] 4793#0: *14 free: 00005653839494E0, unused: 2602
2026/09/08 08:22:04 [debug] 4793#0: *14 free: 0000565383944510
2026/09/08 08:22:04 [debug] 4793#0: *14 hc free: 0000000000000000
2026/09/08 08:22:04 [debug] 4793#0: *14 hc busy: 0000000000000000 0
2026/09/08 08:22:04 [debug] 4793#0: *14 tcp_nodelay
2026/09/08 08:22:04 [debug] 4793#0: *14 reusable connection: 1
2026/09/08 08:22:04 [debug] 4793#0: *14 event timer add: 3: 75000:3319313
2026/09/08 08:22:04 [debug] 4793#0: timer delta: 1
2026/09/08 08:22:04 [debug] 4793#0: worker cycle
2026/09/08 08:22:04 [debug] 4793#0: epoll timer: 75000
2026/09/08 08:22:04 [debug] 4793#0: epoll: fd:3 ev:2001 d:00007F3CDF0B31D1
2026/09/08 08:22:04 [debug] 4793#0: *14 http keepalive handler
2026/09/08 08:22:04 [debug] 4793#0: *14 malloc: 0000565383944510:1024
2026/09/08 08:22:04 [debug] 4793#0: *14 recv: eof:1, avail:-1
2026/09/08 08:22:04 [debug] 4793#0: *14 recv: fd:3 0 of 1024
2026/09/08 08:22:04 [info] 4793#0: *14 client 127.0.0.1 closed keepalive connection
2026/09/08 08:22:04 [debug] 4793#0: *14 close http connection: 3
2026/09/08 08:22:04 [debug] 4793#0: *14 event timer del: 3: 3319313
2026/09/08 08:22:04 [debug] 4793#0: *14 reusable connection: 0
2026/09/08 08:22:04 [debug] 4793#0: *14 free: 0000565383944510
2026/09/08 08:22:04 [debug] 4793#0: *14 free: 00005653839452A0, unused: 144
2026/09/08 08:22:04 [debug] 4793#0: timer delta: 1
2026/09/08 08:22:04 [debug] 4793#0: worker cycle
2026/09/08 08:22:04 [debug] 4793#0: epoll timer: -1
2026/09/08 08:22:04 [debug] 4793#0: epoll: fd:6 ev:0001 d:00007F3CDF0B3010
2026/09/08 08:22:04 [debug] 4793#0: accept on 0.0.0.0:8080, ready: 0
2026/09/08 08:22:04 [debug] 4793#0: posix_memalign: 00005653839452A0:512 @16
2026/09/08 08:22:04 [debug] 4793#0: *15 accept: 127.0.0.1:48340 fd:3
2026/09/08 08:22:04 [debug] 4793#0: *15 event timer add: 3: 60000:3304325
2026/09/08 08:22:04 [debug] 4793#0: *15 reusable connection: 1
2026/09/08 08:22:04 [debug] 4793#0: *15 epoll add event: fd:3 op:1 ev:80002001
2026/09/08 08:22:04 [debug] 4793#0: timer delta: 11
2026/09/08 08:22:04 [debug] 4793#0: worker cycle
2026/09/08 08:22:04 [debug] 4793#0: epoll timer: 60000
2026/09/08 08:22:04 [debug] 4793#0: epoll: fd:3 ev:0001 d:00007F3CDF0B31D0
2026/09/08 08:22:04 [debug] 4793#0: *15 http wait request handler
2026/09/08 08:22:04 [debug] 4793#0: *15 malloc: 0000565383944510:1024
2026/09/08 08:22:04 [debug] 4793#0: *15 recv: eof:0, avail:-1
2026/09/08 08:22:04 [debug] 4793#0: *15 recv: fd:3 93 of 1024
2026/09/08 08:22:04 [debug] 4793#0: *15 reusable connection: 0
2026/09/08 08:22:04 [debug] 4793#0: *15 posix_memalign: 0000565383953D20:4096 @16
2026/09/08 08:22:04 [debug] 4793#0: *15 http process request line
2026/09/08 08:22:04 [debug] 4793#0: *15 http request line: "GET /static/test.txt HTTP/1.1"
2026/09/08 08:22:04 [debug] 4793#0: *15 http uri: "/static/test.txt"
2026/09/08 08:22:04 [debug] 4793#0: *15 http args: ""
2026/09/08 08:22:04 [debug] 4793#0: *15 http exten: "txt"
2026/09/08 08:22:04 [debug] 4793#0: *15 posix_memalign: 00005653839494E0:4096 @16
2026/09/08 08:22:04 [debug] 4793#0: *15 http process request header line
2026/09/08 08:22:04 [debug] 4793#0: *15 http header: "Host: 127.0.0.1:8080"
2026/09/08 08:22:04 [debug] 4793#0: *15 http header: "User-Agent: curl/7.81.0"
2026/09/08 08:22:04 [debug] 4793#0: *15 http header: "Accept: */*"
2026/09/08 08:22:04 [debug] 4793#0: *15 http header done
2026/09/08 08:22:04 [debug] 4793#0: *15 event timer del: 3: 3304325
2026/09/08 08:22:04 [debug] 4793#0: *15 rewrite phase: 0
2026/09/08 08:22:04 [debug] 4793#0: *15 test location: "/static/"
2026/09/08 08:22:04 [debug] 4793#0: *15 using configuration "/static/"
2026/09/08 08:22:04 [debug] 4793#0: *15 http cl:-1 max:1048576
2026/09/08 08:22:04 [debug] 4793#0: *15 rewrite phase: 2
2026/09/08 08:22:04 [debug] 4793#0: *15 post rewrite phase: 3
2026/09/08 08:22:04 [debug] 4793#0: *15 generic phase: 4
2026/09/08 08:22:04 [debug] 4793#0: *15 generic phase: 5
2026/09/08 08:22:04 [debug] 4793#0: *15 access phase: 6
2026/09/08 08:22:04 [debug] 4793#0: *15 access phase: 7
2026/09/08 08:22:04 [debug] 4793#0: *15 post access phase: 8
2026/09/08 08:22:04 [debug] 4793#0: *15 generic phase: 9
2026/09/08 08:22:04 [debug] 4793#0: *15 generic phase: 10
2026/09/08 08:22:04 [debug] 4793#0: *15 content phase: 11
2026/09/08 08:22:04 [debug] 4793#0: *15 content phase: 12
2026/09/08 08:22:04 [debug] 4793#0: *15 content phase: 13
2026/09/08 08:22:04 [debug] 4793#0: *15 http filename: "/home/asdf/nginx-issue-983-hostvm/nginx-1.29.1-compile/var/www/static/test.txt"
2026/09/08 08:22:04 [debug] 4793#0: *15 add cleanup: 0000565383954A28
2026/09/08 08:22:04 [debug] 4793#0: *15 http static fd: 10
2026/09/08 08:22:04 [debug] 4793#0: *15 http set discard body
2026/09/08 08:22:04 [debug] 4793#0: *15 HTTP/1.1 200 OK
Server: nginx/1.29.1
Date: Tue, 08 Sep 2026 08:22:04 GMT
Content-Type: text/plain
Content-Length: 23
Last-Modified: Tue, 08 Sep 2026 08:21:03 GMT
Connection: keep-alive
ETag: "6a9fc56f-17"
Accept-Ranges: bytes

2026/09/08 08:22:04 [debug] 4793#0: *15 write new buf t:1 f:0 0000565383954BF0, pos 0000565383954BF0, size: 237 file: 0, size: 0
2026/09/08 08:22:04 [debug] 4793#0: *15 http write filter: l:0 f:0 s:237
2026/09/08 08:22:04 [debug] 4793#0: *15 http output filter "/static/test.txt?"
2026/09/08 08:22:04 [debug] 4793#0: *15 http copy filter: "/static/test.txt?"
2026/09/08 08:22:04 [debug] 4793#0: *15 read: 10, 0000565383949A18, 23, 0
2026/09/08 08:22:04 [debug] 4793#0: *15 http postpone filter "/static/test.txt?" 0000565383954D00
2026/09/08 08:22:04 [debug] 4793#0: *15 write old buf t:1 f:0 0000565383954BF0, pos 0000565383954BF0, size: 237 file: 0, size: 0
2026/09/08 08:22:04 [debug] 4793#0: *15 write new buf t:1 f:0 0000565383949A18, pos 0000565383949A18, size: 23 file: 0, size: 0
2026/09/08 08:22:04 [debug] 4793#0: *15 http write filter: l:1 f:0 s:260
2026/09/08 08:22:04 [debug] 4793#0: *15 http write filter limit 2097152
2026/09/08 08:22:04 [debug] 4793#0: *15 writev: 260 of 260
2026/09/08 08:22:04 [debug] 4793#0: *15 http write filter 0000000000000000
2026/09/08 08:22:04 [debug] 4793#0: *15 http copy filter: 0 "/static/test.txt?"
2026/09/08 08:22:04 [debug] 4793#0: *15 http finalize request: 0, "/static/test.txt?" a:1, c:1
2026/09/08 08:22:04 [debug] 4793#0: *15 set http keepalive handler
2026/09/08 08:22:04 [debug] 4793#0: *15 http close request
2026/09/08 08:22:04 [debug] 4793#0: *15 http log handler
2026/09/08 08:22:04 [debug] 4793#0: *15 run cleanup: 0000565383954A28
2026/09/08 08:22:04 [debug] 4793#0: *15 file cleanup: fd:10
2026/09/08 08:22:04 [debug] 4793#0: *15 free: 0000565383953D20, unused: 0
2026/09/08 08:22:04 [debug] 4793#0: *15 free: 00005653839494E0, unused: 2602
2026/09/08 08:22:04 [debug] 4793#0: *15 free: 0000565383944510
2026/09/08 08:22:04 [debug] 4793#0: *15 hc free: 0000000000000000
2026/09/08 08:22:04 [debug] 4793#0: *15 hc busy: 0000000000000000 0
2026/09/08 08:22:04 [debug] 4793#0: *15 tcp_nodelay
2026/09/08 08:22:04 [debug] 4793#0: *15 reusable connection: 1
2026/09/08 08:22:04 [debug] 4793#0: *15 event timer add: 3: 75000:3319325
2026/09/08 08:22:04 [debug] 4793#0: timer delta: 0
2026/09/08 08:22:04 [debug] 4793#0: worker cycle
2026/09/08 08:22:04 [debug] 4793#0: epoll timer: 75000
2026/09/08 08:22:04 [debug] 4793#0: epoll: fd:3 ev:2001 d:00007F3CDF0B31D0
2026/09/08 08:22:04 [debug] 4793#0: *15 http keepalive handler
2026/09/08 08:22:04 [debug] 4793#0: *15 malloc: 0000565383944510:1024
2026/09/08 08:22:04 [debug] 4793#0: *15 recv: eof:1, avail:-1
2026/09/08 08:22:04 [debug] 4793#0: *15 recv: fd:3 0 of 1024
2026/09/08 08:22:04 [info] 4793#0: *15 client 127.0.0.1 closed keepalive connection
2026/09/08 08:22:04 [debug] 4793#0: *15 close http connection: 3
2026/09/08 08:22:04 [debug] 4793#0: *15 event timer del: 3: 3319325
2026/09/08 08:22:04 [debug] 4793#0: *15 reusable connection: 0
2026/09/08 08:22:04 [debug] 4793#0: *15 free: 0000565383944510
2026/09/08 08:22:04 [debug] 4793#0: *15 free: 00005653839452A0, unused: 144
2026/09/08 08:22:04 [debug] 4793#0: timer delta: 2
2026/09/08 08:22:04 [debug] 4793#0: worker cycle
2026/09/08 08:22:04 [debug] 4793#0: epoll timer: -1
2026/09/08 08:22:04 [debug] 4793#0: epoll: fd:6 ev:0001 d:00007F3CDF0B3010
2026/09/08 08:22:04 [debug] 4793#0: accept on 0.0.0.0:8080, ready: 0
2026/09/08 08:22:04 [debug] 4793#0: posix_memalign: 00005653839452A0:512 @16
2026/09/08 08:22:04 [debug] 4793#0: *16 accept: 127.0.0.1:48348 fd:3
2026/09/08 08:22:04 [debug] 4793#0: *16 event timer add: 3: 60000:3304338
2026/09/08 08:22:04 [debug] 4793#0: *16 reusable connection: 1
2026/09/08 08:22:04 [debug] 4793#0: *16 epoll add event: fd:3 op:1 ev:80002001
2026/09/08 08:22:04 [debug] 4793#0: timer delta: 11
2026/09/08 08:22:04 [debug] 4793#0: worker cycle
2026/09/08 08:22:04 [debug] 4793#0: epoll timer: 60000
2026/09/08 08:22:04 [debug] 4793#0: epoll: fd:3 ev:0001 d:00007F3CDF0B31D1
2026/09/08 08:22:04 [debug] 4793#0: *16 http wait request handler
2026/09/08 08:22:04 [debug] 4793#0: *16 malloc: 0000565383944510:1024
2026/09/08 08:22:04 [debug] 4793#0: *16 recv: eof:0, avail:-1
2026/09/08 08:22:04 [debug] 4793#0: *16 recv: fd:3 93 of 1024
2026/09/08 08:22:04 [debug] 4793#0: *16 reusable connection: 0
2026/09/08 08:22:04 [debug] 4793#0: *16 posix_memalign: 0000565383953D20:4096 @16
2026/09/08 08:22:04 [debug] 4793#0: *16 http process request line
2026/09/08 08:22:04 [debug] 4793#0: *16 http request line: "GET /static/test.txt HTTP/1.1"
2026/09/08 08:22:04 [debug] 4793#0: *16 http uri: "/static/test.txt"
2026/09/08 08:22:04 [debug] 4793#0: *16 http args: ""
2026/09/08 08:22:04 [debug] 4793#0: *16 http exten: "txt"
2026/09/08 08:22:04 [debug] 4793#0: *16 posix_memalign: 00005653839494E0:4096 @16
2026/09/08 08:22:04 [debug] 4793#0: *16 http process request header line
2026/09/08 08:22:04 [debug] 4793#0: *16 http header: "Host: 127.0.0.1:8080"
2026/09/08 08:22:04 [debug] 4793#0: *16 http header: "User-Agent: curl/7.81.0"
2026/09/08 08:22:04 [debug] 4793#0: *16 http header: "Accept: */*"
2026/09/08 08:22:04 [debug] 4793#0: *16 http header done
2026/09/08 08:22:04 [debug] 4793#0: *16 event timer del: 3: 3304338
2026/09/08 08:22:04 [debug] 4793#0: *16 rewrite phase: 0
2026/09/08 08:22:04 [debug] 4793#0: *16 test location: "/static/"
2026/09/08 08:22:04 [debug] 4793#0: *16 using configuration "/static/"
2026/09/08 08:22:04 [debug] 4793#0: *16 http cl:-1 max:1048576
2026/09/08 08:22:04 [debug] 4793#0: *16 rewrite phase: 2
2026/09/08 08:22:04 [debug] 4793#0: *16 post rewrite phase: 3
2026/09/08 08:22:04 [debug] 4793#0: *16 generic phase: 4
2026/09/08 08:22:04 [debug] 4793#0: *16 generic phase: 5
2026/09/08 08:22:04 [debug] 4793#0: *16 access phase: 6
2026/09/08 08:22:04 [debug] 4793#0: *16 access phase: 7
2026/09/08 08:22:04 [debug] 4793#0: *16 post access phase: 8
2026/09/08 08:22:04 [debug] 4793#0: *16 generic phase: 9
2026/09/08 08:22:04 [debug] 4793#0: *16 generic phase: 10
2026/09/08 08:22:04 [debug] 4793#0: *16 content phase: 11
2026/09/08 08:22:04 [debug] 4793#0: *16 content phase: 12
2026/09/08 08:22:04 [debug] 4793#0: *16 content phase: 13
2026/09/08 08:22:04 [debug] 4793#0: *16 http filename: "/home/asdf/nginx-issue-983-hostvm/nginx-1.29.1-compile/var/www/static/test.txt"
2026/09/08 08:22:04 [debug] 4793#0: *16 add cleanup: 0000565383954A28
2026/09/08 08:22:04 [debug] 4793#0: *16 http static fd: 10
2026/09/08 08:22:04 [debug] 4793#0: *16 http set discard body
2026/09/08 08:22:04 [debug] 4793#0: *16 HTTP/1.1 200 OK
Server: nginx/1.29.1
Date: Tue, 08 Sep 2026 08:22:04 GMT
Content-Type: text/plain
Content-Length: 23
Last-Modified: Tue, 08 Sep 2026 08:21:03 GMT
Connection: keep-alive
ETag: "6a9fc56f-17"
Accept-Ranges: bytes

2026/09/08 08:22:04 [debug] 4793#0: *16 write new buf t:1 f:0 0000565383954BF0, pos 0000565383954BF0, size: 237 file: 0, size: 0
2026/09/08 08:22:04 [debug] 4793#0: *16 http write filter: l:0 f:0 s:237
2026/09/08 08:22:04 [debug] 4793#0: *16 http output filter "/static/test.txt?"
2026/09/08 08:22:04 [debug] 4793#0: *16 http copy filter: "/static/test.txt?"
2026/09/08 08:22:04 [debug] 4793#0: *16 read: 10, 0000565383949A18, 23, 0
2026/09/08 08:22:04 [debug] 4793#0: *16 http postpone filter "/static/test.txt?" 0000565383954D00
2026/09/08 08:22:04 [debug] 4793#0: *16 write old buf t:1 f:0 0000565383954BF0, pos 0000565383954BF0, size: 237 file: 0, size: 0
2026/09/08 08:22:04 [debug] 4793#0: *16 write new buf t:1 f:0 0000565383949A18, pos 0000565383949A18, size: 23 file: 0, size: 0
2026/09/08 08:22:04 [debug] 4793#0: *16 http write filter: l:1 f:0 s:260
2026/09/08 08:22:04 [debug] 4793#0: *16 http write filter limit 2097152
2026/09/08 08:22:04 [debug] 4793#0: *16 writev: 260 of 260
2026/09/08 08:22:04 [debug] 4793#0: *16 http write filter 0000000000000000
2026/09/08 08:22:04 [debug] 4793#0: *16 http copy filter: 0 "/static/test.txt?"
2026/09/08 08:22:04 [debug] 4793#0: *16 http finalize request: 0, "/static/test.txt?" a:1, c:1
2026/09/08 08:22:04 [debug] 4793#0: *16 set http keepalive handler
2026/09/08 08:22:04 [debug] 4793#0: *16 http close request
2026/09/08 08:22:04 [debug] 4793#0: *16 http log handler
2026/09/08 08:22:04 [debug] 4793#0: *16 run cleanup: 0000565383954A28
2026/09/08 08:22:04 [debug] 4793#0: *16 file cleanup: fd:10
2026/09/08 08:22:04 [debug] 4793#0: *16 free: 0000565383953D20, unused: 0
2026/09/08 08:22:04 [debug] 4793#0: *16 free: 00005653839494E0, unused: 2602
2026/09/08 08:22:04 [debug] 4793#0: *16 free: 0000565383944510
2026/09/08 08:22:04 [debug] 4793#0: *16 hc free: 0000000000000000
2026/09/08 08:22:04 [debug] 4793#0: *16 hc busy: 0000000000000000 0
2026/09/08 08:22:04 [debug] 4793#0: *16 tcp_nodelay
2026/09/08 08:22:04 [debug] 4793#0: *16 reusable connection: 1
2026/09/08 08:22:04 [debug] 4793#0: *16 event timer add: 3: 75000:3319338
2026/09/08 08:22:04 [debug] 4793#0: timer delta: 0
2026/09/08 08:22:04 [debug] 4793#0: worker cycle
2026/09/08 08:22:04 [debug] 4793#0: epoll timer: 75000
2026/09/08 08:22:04 [debug] 4793#0: epoll: fd:3 ev:2001 d:00007F3CDF0B31D1
2026/09/08 08:22:04 [debug] 4793#0: *16 http keepalive handler
2026/09/08 08:22:04 [debug] 4793#0: *16 malloc: 0000565383944510:1024
2026/09/08 08:22:04 [debug] 4793#0: *16 recv: eof:1, avail:-1
2026/09/08 08:22:04 [debug] 4793#0: *16 recv: fd:3 0 of 1024
2026/09/08 08:22:04 [info] 4793#0: *16 client 127.0.0.1 closed keepalive connection
2026/09/08 08:22:04 [debug] 4793#0: *16 close http connection: 3
2026/09/08 08:22:04 [debug] 4793#0: *16 event timer del: 3: 3319338
2026/09/08 08:22:04 [debug] 4793#0: *16 reusable connection: 0
2026/09/08 08:22:04 [debug] 4793#0: *16 free: 0000565383944510
2026/09/08 08:22:04 [debug] 4793#0: *16 free: 00005653839452A0, unused: 144
2026/09/08 08:22:04 [debug] 4793#0: timer delta: 2
2026/09/08 08:22:04 [debug] 4793#0: worker cycle
2026/09/08 08:22:04 [debug] 4793#0: epoll timer: -1
2026/09/08 08:22:04 [debug] 4793#0: epoll: fd:6 ev:0001 d:00007F3CDF0B3010
2026/09/08 08:22:04 [debug] 4793#0: accept on 0.0.0.0:8080, ready: 0
2026/09/08 08:22:04 [debug] 4793#0: posix_memalign: 00005653839452A0:512 @16
2026/09/08 08:22:04 [debug] 4793#0: *17 accept: 127.0.0.1:48358 fd:3
2026/09/08 08:22:04 [debug] 4793#0: *17 event timer add: 3: 60000:3304351
2026/09/08 08:22:04 [debug] 4793#0: *17 reusable connection: 1
2026/09/08 08:22:04 [debug] 4793#0: *17 epoll add event: fd:3 op:1 ev:80002001
2026/09/08 08:22:04 [debug] 4793#0: timer delta: 11
2026/09/08 08:22:04 [debug] 4793#0: worker cycle
2026/09/08 08:22:04 [debug] 4793#0: epoll timer: 60000
2026/09/08 08:22:04 [debug] 4793#0: epoll: fd:3 ev:0001 d:00007F3CDF0B31D0
2026/09/08 08:22:04 [debug] 4793#0: *17 http wait request handler
2026/09/08 08:22:04 [debug] 4793#0: *17 malloc: 0000565383944510:1024
2026/09/08 08:22:04 [debug] 4793#0: *17 recv: eof:0, avail:-1
2026/09/08 08:22:04 [debug] 4793#0: *17 recv: fd:3 93 of 1024
2026/09/08 08:22:04 [debug] 4793#0: *17 reusable connection: 0
2026/09/08 08:22:04 [debug] 4793#0: *17 posix_memalign: 0000565383953D20:4096 @16
2026/09/08 08:22:04 [debug] 4793#0: *17 http process request line
2026/09/08 08:22:04 [debug] 4793#0: *17 http request line: "GET /static/test.txt HTTP/1.1"
2026/09/08 08:22:04 [debug] 4793#0: *17 http uri: "/static/test.txt"
2026/09/08 08:22:04 [debug] 4793#0: *17 http args: ""
2026/09/08 08:22:04 [debug] 4793#0: *17 http exten: "txt"
2026/09/08 08:22:04 [debug] 4793#0: *17 posix_memalign: 00005653839494E0:4096 @16
2026/09/08 08:22:04 [debug] 4793#0: *17 http process request header line
2026/09/08 08:22:04 [debug] 4793#0: *17 http header: "Host: 127.0.0.1:8080"
2026/09/08 08:22:04 [debug] 4793#0: *17 http header: "User-Agent: curl/7.81.0"
2026/09/08 08:22:04 [debug] 4793#0: *17 http header: "Accept: */*"
2026/09/08 08:22:04 [debug] 4793#0: *17 http header done
2026/09/08 08:22:04 [debug] 4793#0: *17 event timer del: 3: 3304351
2026/09/08 08:22:04 [debug] 4793#0: *17 rewrite phase: 0
2026/09/08 08:22:04 [debug] 4793#0: *17 test location: "/static/"
2026/09/08 08:22:04 [debug] 4793#0: *17 using configuration "/static/"
2026/09/08 08:22:04 [debug] 4793#0: *17 http cl:-1 max:1048576
2026/09/08 08:22:04 [debug] 4793#0: *17 rewrite phase: 2
2026/09/08 08:22:04 [debug] 4793#0: *17 post rewrite phase: 3
2026/09/08 08:22:04 [debug] 4793#0: *17 generic phase: 4
2026/09/08 08:22:04 [debug] 4793#0: *17 generic phase: 5
2026/09/08 08:22:04 [debug] 4793#0: *17 access phase: 6
2026/09/08 08:22:04 [debug] 4793#0: *17 access phase: 7
2026/09/08 08:22:04 [debug] 4793#0: *17 post access phase: 8
2026/09/08 08:22:04 [debug] 4793#0: *17 generic phase: 9
2026/09/08 08:22:04 [debug] 4793#0: *17 generic phase: 10
2026/09/08 08:22:04 [debug] 4793#0: *17 content phase: 11
2026/09/08 08:22:04 [debug] 4793#0: *17 content phase: 12
2026/09/08 08:22:04 [debug] 4793#0: *17 content phase: 13
2026/09/08 08:22:04 [debug] 4793#0: *17 http filename: "/home/asdf/nginx-issue-983-hostvm/nginx-1.29.1-compile/var/www/static/test.txt"
2026/09/08 08:22:04 [debug] 4793#0: *17 add cleanup: 0000565383954A28
2026/09/08 08:22:04 [debug] 4793#0: *17 http static fd: 10
2026/09/08 08:22:04 [debug] 4793#0: *17 http set discard body
2026/09/08 08:22:04 [debug] 4793#0: *17 HTTP/1.1 200 OK
Server: nginx/1.29.1
Date: Tue, 08 Sep 2026 08:22:04 GMT
Content-Type: text/plain
Content-Length: 23
Last-Modified: Tue, 08 Sep 2026 08:21:03 GMT
Connection: keep-alive
ETag: "6a9fc56f-17"
Accept-Ranges: bytes

2026/09/08 08:22:04 [debug] 4793#0: *17 write new buf t:1 f:0 0000565383954BF0, pos 0000565383954BF0, size: 237 file: 0, size: 0
2026/09/08 08:22:04 [debug] 4793#0: *17 http write filter: l:0 f:0 s:237
2026/09/08 08:22:04 [debug] 4793#0: *17 http output filter "/static/test.txt?"
2026/09/08 08:22:04 [debug] 4793#0: *17 http copy filter: "/static/test.txt?"
2026/09/08 08:22:04 [debug] 4793#0: *17 read: 10, 0000565383949A18, 23, 0
2026/09/08 08:22:04 [debug] 4793#0: *17 http postpone filter "/static/test.txt?" 0000565383954D00
2026/09/08 08:22:04 [debug] 4793#0: *17 write old buf t:1 f:0 0000565383954BF0, pos 0000565383954BF0, size: 237 file: 0, size: 0
2026/09/08 08:22:04 [debug] 4793#0: *17 write new buf t:1 f:0 0000565383949A18, pos 0000565383949A18, size: 23 file: 0, size: 0
2026/09/08 08:22:04 [debug] 4793#0: *17 http write filter: l:1 f:0 s:260
2026/09/08 08:22:04 [debug] 4793#0: *17 http write filter limit 2097152
2026/09/08 08:22:04 [debug] 4793#0: *17 writev: 260 of 260
2026/09/08 08:22:04 [debug] 4793#0: *17 http write filter 0000000000000000
2026/09/08 08:22:04 [debug] 4793#0: *17 http copy filter: 0 "/static/test.txt?"
2026/09/08 08:22:04 [debug] 4793#0: *17 http finalize request: 0, "/static/test.txt?" a:1, c:1
2026/09/08 08:22:04 [debug] 4793#0: *17 set http keepalive handler
2026/09/08 08:22:04 [debug] 4793#0: *17 http close request
2026/09/08 08:22:04 [debug] 4793#0: *17 http log handler
2026/09/08 08:22:04 [debug] 4793#0: *17 run cleanup: 0000565383954A28
2026/09/08 08:22:04 [debug] 4793#0: *17 file cleanup: fd:10
2026/09/08 08:22:04 [debug] 4793#0: *17 free: 0000565383953D20, unused: 0
2026/09/08 08:22:04 [debug] 4793#0: *17 free: 00005653839494E0, unused: 2602
2026/09/08 08:22:04 [debug] 4793#0: *17 free: 0000565383944510
2026/09/08 08:22:04 [debug] 4793#0: *17 hc free: 0000000000000000
2026/09/08 08:22:04 [debug] 4793#0: *17 hc busy: 0000000000000000 0
2026/09/08 08:22:04 [debug] 4793#0: *17 tcp_nodelay
2026/09/08 08:22:04 [debug] 4793#0: *17 reusable connection: 1
2026/09/08 08:22:04 [debug] 4793#0: *17 event timer add: 3: 75000:3319351
2026/09/08 08:22:04 [debug] 4793#0: timer delta: 0
2026/09/08 08:22:04 [debug] 4793#0: worker cycle
2026/09/08 08:22:04 [debug] 4793#0: epoll timer: 75000
2026/09/08 08:22:04 [debug] 4793#0: epoll: fd:3 ev:2001 d:00007F3CDF0B31D0
2026/09/08 08:22:04 [debug] 4793#0: *17 http keepalive handler
2026/09/08 08:22:04 [debug] 4793#0: *17 malloc: 0000565383944510:1024
2026/09/08 08:22:04 [debug] 4793#0: *17 recv: eof:1, avail:-1
2026/09/08 08:22:04 [debug] 4793#0: *17 recv: fd:3 0 of 1024
2026/09/08 08:22:04 [info] 4793#0: *17 client 127.0.0.1 closed keepalive connection
2026/09/08 08:22:04 [debug] 4793#0: *17 close http connection: 3
2026/09/08 08:22:04 [debug] 4793#0: *17 event timer del: 3: 3319351
2026/09/08 08:22:04 [debug] 4793#0: *17 reusable connection: 0
2026/09/08 08:22:04 [debug] 4793#0: *17 free: 0000565383944510
2026/09/08 08:22:04 [debug] 4793#0: *17 free: 00005653839452A0, unused: 144
2026/09/08 08:22:04 [debug] 4793#0: timer delta: 2
2026/09/08 08:22:04 [debug] 4793#0: worker cycle
2026/09/08 08:22:04 [debug] 4793#0: epoll timer: -1
2026/09/08 08:22:04 [debug] 4793#0: epoll: fd:6 ev:0001 d:00007F3CDF0B3010
2026/09/08 08:22:04 [debug] 4793#0: accept on 0.0.0.0:8080, ready: 0
2026/09/08 08:22:04 [debug] 4793#0: posix_memalign: 00005653839452A0:512 @16
2026/09/08 08:22:04 [debug] 4793#0: *18 accept: 127.0.0.1:48364 fd:3
2026/09/08 08:22:04 [debug] 4793#0: *18 event timer add: 3: 60000:3304363
2026/09/08 08:22:04 [debug] 4793#0: *18 reusable connection: 1
2026/09/08 08:22:04 [debug] 4793#0: *18 epoll add event: fd:3 op:1 ev:80002001
2026/09/08 08:22:04 [debug] 4793#0: timer delta: 10
2026/09/08 08:22:04 [debug] 4793#0: worker cycle
2026/09/08 08:22:04 [debug] 4793#0: epoll timer: 60000
2026/09/08 08:22:04 [debug] 4793#0: epoll: fd:3 ev:0001 d:00007F3CDF0B31D1
2026/09/08 08:22:04 [debug] 4793#0: *18 http wait request handler
2026/09/08 08:22:04 [debug] 4793#0: *18 malloc: 0000565383944510:1024
2026/09/08 08:22:04 [debug] 4793#0: *18 recv: eof:0, avail:-1
2026/09/08 08:22:04 [debug] 4793#0: *18 recv: fd:3 93 of 1024
2026/09/08 08:22:04 [debug] 4793#0: *18 reusable connection: 0
2026/09/08 08:22:04 [debug] 4793#0: *18 posix_memalign: 0000565383953D20:4096 @16
2026/09/08 08:22:04 [debug] 4793#0: *18 http process request line
2026/09/08 08:22:04 [debug] 4793#0: *18 http request line: "GET /static/test.txt HTTP/1.1"
2026/09/08 08:22:04 [debug] 4793#0: *18 http uri: "/static/test.txt"
2026/09/08 08:22:04 [debug] 4793#0: *18 http args: ""
2026/09/08 08:22:04 [debug] 4793#0: *18 http exten: "txt"
2026/09/08 08:22:04 [debug] 4793#0: *18 posix_memalign: 00005653839494E0:4096 @16
2026/09/08 08:22:04 [debug] 4793#0: *18 http process request header line
2026/09/08 08:22:04 [debug] 4793#0: *18 http header: "Host: 127.0.0.1:8080"
2026/09/08 08:22:04 [debug] 4793#0: *18 http header: "User-Agent: curl/7.81.0"
2026/09/08 08:22:04 [debug] 4793#0: *18 http header: "Accept: */*"
2026/09/08 08:22:04 [debug] 4793#0: *18 http header done
2026/09/08 08:22:04 [debug] 4793#0: *18 event timer del: 3: 3304363
2026/09/08 08:22:04 [debug] 4793#0: *18 rewrite phase: 0
2026/09/08 08:22:04 [debug] 4793#0: *18 test location: "/static/"
2026/09/08 08:22:04 [debug] 4793#0: *18 using configuration "/static/"
2026/09/08 08:22:04 [debug] 4793#0: *18 http cl:-1 max:1048576
2026/09/08 08:22:04 [debug] 4793#0: *18 rewrite phase: 2
2026/09/08 08:22:04 [debug] 4793#0: *18 post rewrite phase: 3
2026/09/08 08:22:04 [debug] 4793#0: *18 generic phase: 4
2026/09/08 08:22:04 [debug] 4793#0: *18 generic phase: 5
2026/09/08 08:22:04 [debug] 4793#0: *18 access phase: 6
2026/09/08 08:22:04 [debug] 4793#0: *18 access phase: 7
2026/09/08 08:22:04 [debug] 4793#0: *18 post access phase: 8
2026/09/08 08:22:04 [debug] 4793#0: *18 generic phase: 9
2026/09/08 08:22:04 [debug] 4793#0: *18 generic phase: 10
2026/09/08 08:22:04 [debug] 4793#0: *18 content phase: 11
2026/09/08 08:22:04 [debug] 4793#0: *18 content phase: 12
2026/09/08 08:22:04 [debug] 4793#0: *18 content phase: 13
2026/09/08 08:22:04 [debug] 4793#0: *18 http filename: "/home/asdf/nginx-issue-983-hostvm/nginx-1.29.1-compile/var/www/static/test.txt"
2026/09/08 08:22:04 [debug] 4793#0: *18 add cleanup: 0000565383954A28
2026/09/08 08:22:04 [debug] 4793#0: *18 http static fd: 10
2026/09/08 08:22:04 [debug] 4793#0: *18 http set discard body
2026/09/08 08:22:04 [debug] 4793#0: *18 HTTP/1.1 200 OK
Server: nginx/1.29.1
Date: Tue, 08 Sep 2026 08:22:04 GMT
Content-Type: text/plain
Content-Length: 23
Last-Modified: Tue, 08 Sep 2026 08:21:03 GMT
Connection: keep-alive
ETag: "6a9fc56f-17"
Accept-Ranges: bytes

2026/09/08 08:22:04 [debug] 4793#0: *18 write new buf t:1 f:0 0000565383954BF0, pos 0000565383954BF0, size: 237 file: 0, size: 0
2026/09/08 08:22:04 [debug] 4793#0: *18 http write filter: l:0 f:0 s:237
2026/09/08 08:22:04 [debug] 4793#0: *18 http output filter "/static/test.txt?"
2026/09/08 08:22:04 [debug] 4793#0: *18 http copy filter: "/static/test.txt?"
2026/09/08 08:22:04 [debug] 4793#0: *18 read: 10, 0000565383949A18, 23, 0
2026/09/08 08:22:04 [debug] 4793#0: *18 http postpone filter "/static/test.txt?" 0000565383954D00
2026/09/08 08:22:04 [debug] 4793#0: *18 write old buf t:1 f:0 0000565383954BF0, pos 0000565383954BF0, size: 237 file: 0, size: 0
2026/09/08 08:22:04 [debug] 4793#0: *18 write new buf t:1 f:0 0000565383949A18, pos 0000565383949A18, size: 23 file: 0, size: 0
2026/09/08 08:22:04 [debug] 4793#0: *18 http write filter: l:1 f:0 s:260
2026/09/08 08:22:04 [debug] 4793#0: *18 http write filter limit 2097152
2026/09/08 08:22:04 [debug] 4793#0: *18 writev: 260 of 260
2026/09/08 08:22:04 [debug] 4793#0: *18 http write filter 0000000000000000
2026/09/08 08:22:04 [debug] 4793#0: *18 http copy filter: 0 "/static/test.txt?"
2026/09/08 08:22:04 [debug] 4793#0: *18 http finalize request: 0, "/static/test.txt?" a:1, c:1
2026/09/08 08:22:04 [debug] 4793#0: *18 set http keepalive handler
2026/09/08 08:22:04 [debug] 4793#0: *18 http close request
2026/09/08 08:22:04 [debug] 4793#0: *18 http log handler
2026/09/08 08:22:04 [debug] 4793#0: *18 run cleanup: 0000565383954A28
2026/09/08 08:22:04 [debug] 4793#0: *18 file cleanup: fd:10
2026/09/08 08:22:04 [debug] 4793#0: *18 free: 0000565383953D20, unused: 0
2026/09/08 08:22:04 [debug] 4793#0: *18 free: 00005653839494E0, unused: 2602
2026/09/08 08:22:04 [debug] 4793#0: *18 free: 0000565383944510
2026/09/08 08:22:04 [debug] 4793#0: *18 hc free: 0000000000000000
2026/09/08 08:22:04 [debug] 4793#0: *18 hc busy: 0000000000000000 0
2026/09/08 08:22:04 [debug] 4793#0: *18 tcp_nodelay
2026/09/08 08:22:04 [debug] 4793#0: *18 reusable connection: 1
2026/09/08 08:22:04 [debug] 4793#0: *18 event timer add: 3: 75000:3319364
2026/09/08 08:22:04 [debug] 4793#0: timer delta: 1
2026/09/08 08:22:04 [debug] 4793#0: worker cycle
2026/09/08 08:22:04 [debug] 4793#0: epoll timer: 75000
2026/09/08 08:22:04 [debug] 4793#0: epoll: fd:3 ev:2001 d:00007F3CDF0B31D1
2026/09/08 08:22:04 [debug] 4793#0: *18 http keepalive handler
2026/09/08 08:22:04 [debug] 4793#0: *18 malloc: 0000565383944510:1024
2026/09/08 08:22:04 [debug] 4793#0: *18 recv: eof:1, avail:-1
2026/09/08 08:22:04 [debug] 4793#0: *18 recv: fd:3 0 of 1024
2026/09/08 08:22:04 [info] 4793#0: *18 client 127.0.0.1 closed keepalive connection
2026/09/08 08:22:04 [debug] 4793#0: *18 close http connection: 3
2026/09/08 08:22:04 [debug] 4793#0: *18 event timer del: 3: 3319364
2026/09/08 08:22:04 [debug] 4793#0: *18 reusable connection: 0
2026/09/08 08:22:04 [debug] 4793#0: *18 free: 0000565383944510
2026/09/08 08:22:04 [debug] 4793#0: *18 free: 00005653839452A0, unused: 144
2026/09/08 08:22:04 [debug] 4793#0: timer delta: 2
2026/09/08 08:22:04 [debug] 4793#0: worker cycle
2026/09/08 08:22:04 [debug] 4793#0: epoll timer: -1
2026/09/08 08:22:04 [debug] 4793#0: epoll: fd:6 ev:0001 d:00007F3CDF0B3010
2026/09/08 08:22:04 [debug] 4793#0: accept on 0.0.0.0:8080, ready: 0
2026/09/08 08:22:04 [debug] 4793#0: posix_memalign: 00005653839452A0:512 @16
2026/09/08 08:22:04 [debug] 4793#0: *19 accept: 127.0.0.1:48366 fd:3
2026/09/08 08:22:04 [debug] 4793#0: *19 event timer add: 3: 60000:3304377
2026/09/08 08:22:04 [debug] 4793#0: *19 reusable connection: 1
2026/09/08 08:22:04 [debug] 4793#0: *19 epoll add event: fd:3 op:1 ev:80002001
2026/09/08 08:22:04 [debug] 4793#0: timer delta: 11
2026/09/08 08:22:04 [debug] 4793#0: worker cycle
2026/09/08 08:22:04 [debug] 4793#0: epoll timer: 60000
2026/09/08 08:22:04 [debug] 4793#0: epoll: fd:3 ev:0001 d:00007F3CDF0B31D0
2026/09/08 08:22:04 [debug] 4793#0: *19 http wait request handler
2026/09/08 08:22:04 [debug] 4793#0: *19 malloc: 0000565383944510:1024
2026/09/08 08:22:04 [debug] 4793#0: *19 recv: eof:0, avail:-1
2026/09/08 08:22:04 [debug] 4793#0: *19 recv: fd:3 93 of 1024
2026/09/08 08:22:04 [debug] 4793#0: *19 reusable connection: 0
2026/09/08 08:22:04 [debug] 4793#0: *19 posix_memalign: 0000565383953D20:4096 @16
2026/09/08 08:22:04 [debug] 4793#0: *19 http process request line
2026/09/08 08:22:04 [debug] 4793#0: *19 http request line: "GET /static/test.txt HTTP/1.1"
2026/09/08 08:22:04 [debug] 4793#0: *19 http uri: "/static/test.txt"
2026/09/08 08:22:04 [debug] 4793#0: *19 http args: ""
2026/09/08 08:22:04 [debug] 4793#0: *19 http exten: "txt"
2026/09/08 08:22:04 [debug] 4793#0: *19 posix_memalign: 00005653839494E0:4096 @16
2026/09/08 08:22:04 [debug] 4793#0: *19 http process request header line
2026/09/08 08:22:04 [debug] 4793#0: *19 http header: "Host: 127.0.0.1:8080"
2026/09/08 08:22:04 [debug] 4793#0: *19 http header: "User-Agent: curl/7.81.0"
2026/09/08 08:22:04 [debug] 4793#0: *19 http header: "Accept: */*"
2026/09/08 08:22:04 [debug] 4793#0: *19 http header done
2026/09/08 08:22:04 [debug] 4793#0: *19 event timer del: 3: 3304377
2026/09/08 08:22:04 [debug] 4793#0: *19 rewrite phase: 0
2026/09/08 08:22:04 [debug] 4793#0: *19 test location: "/static/"
2026/09/08 08:22:04 [debug] 4793#0: *19 using configuration "/static/"
2026/09/08 08:22:04 [debug] 4793#0: *19 http cl:-1 max:1048576
2026/09/08 08:22:04 [debug] 4793#0: *19 rewrite phase: 2
2026/09/08 08:22:04 [debug] 4793#0: *19 post rewrite phase: 3
2026/09/08 08:22:04 [debug] 4793#0: *19 generic phase: 4
2026/09/08 08:22:04 [debug] 4793#0: *19 generic phase: 5
2026/09/08 08:22:04 [debug] 4793#0: *19 access phase: 6
2026/09/08 08:22:04 [debug] 4793#0: *19 access phase: 7
2026/09/08 08:22:04 [debug] 4793#0: *19 post access phase: 8
2026/09/08 08:22:04 [debug] 4793#0: *19 generic phase: 9
2026/09/08 08:22:04 [debug] 4793#0: *19 generic phase: 10
2026/09/08 08:22:04 [debug] 4793#0: *19 content phase: 11
2026/09/08 08:22:04 [debug] 4793#0: *19 content phase: 12
2026/09/08 08:22:04 [debug] 4793#0: *19 content phase: 13
2026/09/08 08:22:04 [debug] 4793#0: *19 http filename: "/home/asdf/nginx-issue-983-hostvm/nginx-1.29.1-compile/var/www/static/test.txt"
2026/09/08 08:22:04 [debug] 4793#0: *19 add cleanup: 0000565383954A28
2026/09/08 08:22:04 [debug] 4793#0: *19 http static fd: 10
2026/09/08 08:22:04 [debug] 4793#0: *19 http set discard body
2026/09/08 08:22:04 [debug] 4793#0: *19 HTTP/1.1 200 OK
Server: nginx/1.29.1
Date: Tue, 08 Sep 2026 08:22:04 GMT
Content-Type: text/plain
Content-Length: 23
Last-Modified: Tue, 08 Sep 2026 08:21:03 GMT
Connection: keep-alive
ETag: "6a9fc56f-17"
Accept-Ranges: bytes

2026/09/08 08:22:04 [debug] 4793#0: *19 write new buf t:1 f:0 0000565383954BF0, pos 0000565383954BF0, size: 237 file: 0, size: 0
2026/09/08 08:22:04 [debug] 4793#0: *19 http write filter: l:0 f:0 s:237
2026/09/08 08:22:04 [debug] 4793#0: *19 http output filter "/static/test.txt?"
2026/09/08 08:22:04 [debug] 4793#0: *19 http copy filter: "/static/test.txt?"
2026/09/08 08:22:04 [debug] 4793#0: *19 read: 10, 0000565383949A18, 23, 0
2026/09/08 08:22:04 [debug] 4793#0: *19 http postpone filter "/static/test.txt?" 0000565383954D00
2026/09/08 08:22:04 [debug] 4793#0: *19 write old buf t:1 f:0 0000565383954BF0, pos 0000565383954BF0, size: 237 file: 0, size: 0
2026/09/08 08:22:04 [debug] 4793#0: *19 write new buf t:1 f:0 0000565383949A18, pos 0000565383949A18, size: 23 file: 0, size: 0
2026/09/08 08:22:04 [debug] 4793#0: *19 http write filter: l:1 f:0 s:260
2026/09/08 08:22:04 [debug] 4793#0: *19 http write filter limit 2097152
2026/09/08 08:22:04 [debug] 4793#0: *19 writev: 260 of 260
2026/09/08 08:22:04 [debug] 4793#0: *19 http write filter 0000000000000000
2026/09/08 08:22:04 [debug] 4793#0: *19 http copy filter: 0 "/static/test.txt?"
2026/09/08 08:22:04 [debug] 4793#0: *19 http finalize request: 0, "/static/test.txt?" a:1, c:1
2026/09/08 08:22:04 [debug] 4793#0: *19 set http keepalive handler
2026/09/08 08:22:04 [debug] 4793#0: *19 http close request
2026/09/08 08:22:04 [debug] 4793#0: *19 http log handler
2026/09/08 08:22:04 [debug] 4793#0: *19 run cleanup: 0000565383954A28
2026/09/08 08:22:04 [debug] 4793#0: *19 file cleanup: fd:10
2026/09/08 08:22:04 [debug] 4793#0: *19 free: 0000565383953D20, unused: 0
2026/09/08 08:22:04 [debug] 4793#0: *19 free: 00005653839494E0, unused: 2602
2026/09/08 08:22:04 [debug] 4793#0: *19 free: 0000565383944510
2026/09/08 08:22:04 [debug] 4793#0: *19 hc free: 0000000000000000
2026/09/08 08:22:04 [debug] 4793#0: *19 hc busy: 0000000000000000 0
2026/09/08 08:22:04 [debug] 4793#0: *19 tcp_nodelay
2026/09/08 08:22:04 [debug] 4793#0: *19 reusable connection: 1
2026/09/08 08:22:04 [debug] 4793#0: *19 event timer add: 3: 75000:3319377
2026/09/08 08:22:04 [debug] 4793#0: timer delta: 0
2026/09/08 08:22:04 [debug] 4793#0: worker cycle
2026/09/08 08:22:04 [debug] 4793#0: epoll timer: 75000
2026/09/08 08:22:04 [debug] 4793#0: epoll: fd:3 ev:2001 d:00007F3CDF0B31D0
2026/09/08 08:22:04 [debug] 4793#0: *19 http keepalive handler
2026/09/08 08:22:04 [debug] 4793#0: *19 malloc: 0000565383944510:1024
2026/09/08 08:22:04 [debug] 4793#0: *19 recv: eof:1, avail:-1
2026/09/08 08:22:04 [debug] 4793#0: *19 recv: fd:3 0 of 1024
2026/09/08 08:22:04 [info] 4793#0: *19 client 127.0.0.1 closed keepalive connection
2026/09/08 08:22:04 [debug] 4793#0: *19 close http connection: 3
2026/09/08 08:22:04 [debug] 4793#0: *19 event timer del: 3: 3319377
2026/09/08 08:22:04 [debug] 4793#0: *19 reusable connection: 0
2026/09/08 08:22:04 [debug] 4793#0: *19 free: 0000565383944510
2026/09/08 08:22:04 [debug] 4793#0: *19 free: 00005653839452A0, unused: 144
2026/09/08 08:22:04 [debug] 4793#0: timer delta: 1
2026/09/08 08:22:04 [debug] 4793#0: worker cycle
2026/09/08 08:22:04 [debug] 4793#0: epoll timer: -1
2026/09/08 08:22:04 [debug] 4793#0: epoll: fd:6 ev:0001 d:00007F3CDF0B3010
2026/09/08 08:22:04 [debug] 4793#0: accept on 0.0.0.0:8080, ready: 0
2026/09/08 08:22:04 [debug] 4793#0: posix_memalign: 00005653839452A0:512 @16
2026/09/08 08:22:04 [debug] 4793#0: *20 accept: 127.0.0.1:48382 fd:3
2026/09/08 08:22:04 [debug] 4793#0: *20 event timer add: 3: 60000:3304388
2026/09/08 08:22:04 [debug] 4793#0: *20 reusable connection: 1
2026/09/08 08:22:04 [debug] 4793#0: *20 epoll add event: fd:3 op:1 ev:80002001
2026/09/08 08:22:04 [debug] 4793#0: timer delta: 10
2026/09/08 08:22:04 [debug] 4793#0: worker cycle
2026/09/08 08:22:04 [debug] 4793#0: epoll timer: 60000
2026/09/08 08:22:04 [debug] 4793#0: epoll: fd:3 ev:0001 d:00007F3CDF0B31D1
2026/09/08 08:22:04 [debug] 4793#0: *20 http wait request handler
2026/09/08 08:22:04 [debug] 4793#0: *20 malloc: 0000565383944510:1024
2026/09/08 08:22:04 [debug] 4793#0: *20 recv: eof:0, avail:-1
2026/09/08 08:22:04 [debug] 4793#0: *20 recv: fd:3 93 of 1024
2026/09/08 08:22:04 [debug] 4793#0: *20 reusable connection: 0
2026/09/08 08:22:04 [debug] 4793#0: *20 posix_memalign: 0000565383953D20:4096 @16
2026/09/08 08:22:04 [debug] 4793#0: *20 http process request line
2026/09/08 08:22:04 [debug] 4793#0: *20 http request line: "GET /static/test.txt HTTP/1.1"
2026/09/08 08:22:04 [debug] 4793#0: *20 http uri: "/static/test.txt"
2026/09/08 08:22:04 [debug] 4793#0: *20 http args: ""
2026/09/08 08:22:04 [debug] 4793#0: *20 http exten: "txt"
2026/09/08 08:22:04 [debug] 4793#0: *20 posix_memalign: 00005653839494E0:4096 @16
2026/09/08 08:22:04 [debug] 4793#0: *20 http process request header line
2026/09/08 08:22:04 [debug] 4793#0: *20 http header: "Host: 127.0.0.1:8080"
2026/09/08 08:22:04 [debug] 4793#0: *20 http header: "User-Agent: curl/7.81.0"
2026/09/08 08:22:04 [debug] 4793#0: *20 http header: "Accept: */*"
2026/09/08 08:22:04 [debug] 4793#0: *20 http header done
2026/09/08 08:22:04 [debug] 4793#0: *20 event timer del: 3: 3304388
2026/09/08 08:22:04 [debug] 4793#0: *20 rewrite phase: 0
2026/09/08 08:22:04 [debug] 4793#0: *20 test location: "/static/"
2026/09/08 08:22:04 [debug] 4793#0: *20 using configuration "/static/"
2026/09/08 08:22:04 [debug] 4793#0: *20 http cl:-1 max:1048576
2026/09/08 08:22:04 [debug] 4793#0: *20 rewrite phase: 2
2026/09/08 08:22:04 [debug] 4793#0: *20 post rewrite phase: 3
2026/09/08 08:22:04 [debug] 4793#0: *20 generic phase: 4
2026/09/08 08:22:04 [debug] 4793#0: *20 generic phase: 5
2026/09/08 08:22:04 [debug] 4793#0: *20 access phase: 6
2026/09/08 08:22:04 [debug] 4793#0: *20 access phase: 7
2026/09/08 08:22:04 [debug] 4793#0: *20 post access phase: 8
2026/09/08 08:22:04 [debug] 4793#0: *20 generic phase: 9
2026/09/08 08:22:04 [debug] 4793#0: *20 generic phase: 10
2026/09/08 08:22:04 [debug] 4793#0: *20 content phase: 11
2026/09/08 08:22:04 [debug] 4793#0: *20 content phase: 12
2026/09/08 08:22:04 [debug] 4793#0: *20 content phase: 13
2026/09/08 08:22:04 [debug] 4793#0: *20 http filename: "/home/asdf/nginx-issue-983-hostvm/nginx-1.29.1-compile/var/www/static/test.txt"
2026/09/08 08:22:04 [debug] 4793#0: *20 add cleanup: 0000565383954A28
2026/09/08 08:22:04 [debug] 4793#0: *20 http static fd: 10
2026/09/08 08:22:04 [debug] 4793#0: *20 http set discard body
2026/09/08 08:22:04 [debug] 4793#0: *20 HTTP/1.1 200 OK
Server: nginx/1.29.1
Date: Tue, 08 Sep 2026 08:22:04 GMT
Content-Type: text/plain
Content-Length: 23
Last-Modified: Tue, 08 Sep 2026 08:21:03 GMT
Connection: keep-alive
ETag: "6a9fc56f-17"
Accept-Ranges: bytes

2026/09/08 08:22:04 [debug] 4793#0: *20 write new buf t:1 f:0 0000565383954BF0, pos 0000565383954BF0, size: 237 file: 0, size: 0
2026/09/08 08:22:04 [debug] 4793#0: *20 http write filter: l:0 f:0 s:237
2026/09/08 08:22:04 [debug] 4793#0: *20 http output filter "/static/test.txt?"
2026/09/08 08:22:04 [debug] 4793#0: *20 http copy filter: "/static/test.txt?"
2026/09/08 08:22:04 [debug] 4793#0: *20 read: 10, 0000565383949A18, 23, 0
2026/09/08 08:22:04 [debug] 4793#0: *20 http postpone filter "/static/test.txt?" 0000565383954D00
2026/09/08 08:22:04 [debug] 4793#0: *20 write old buf t:1 f:0 0000565383954BF0, pos 0000565383954BF0, size: 237 file: 0, size: 0
2026/09/08 08:22:04 [debug] 4793#0: *20 write new buf t:1 f:0 0000565383949A18, pos 0000565383949A18, size: 23 file: 0, size: 0
2026/09/08 08:22:04 [debug] 4793#0: *20 http write filter: l:1 f:0 s:260
2026/09/08 08:22:04 [debug] 4793#0: *20 http write filter limit 2097152
2026/09/08 08:22:04 [debug] 4793#0: *20 writev: 260 of 260
2026/09/08 08:22:04 [debug] 4793#0: *20 http write filter 0000000000000000
2026/09/08 08:22:04 [debug] 4793#0: *20 http copy filter: 0 "/static/test.txt?"
2026/09/08 08:22:04 [debug] 4793#0: *20 http finalize request: 0, "/static/test.txt?" a:1, c:1
2026/09/08 08:22:04 [debug] 4793#0: *20 set http keepalive handler
2026/09/08 08:22:04 [debug] 4793#0: *20 http close request
2026/09/08 08:22:04 [debug] 4793#0: *20 http log handler
2026/09/08 08:22:04 [debug] 4793#0: *20 run cleanup: 0000565383954A28
2026/09/08 08:22:04 [debug] 4793#0: *20 file cleanup: fd:10
2026/09/08 08:22:04 [debug] 4793#0: *20 free: 0000565383953D20, unused: 0
2026/09/08 08:22:04 [debug] 4793#0: *20 free: 00005653839494E0, unused: 2602
2026/09/08 08:22:04 [debug] 4793#0: *20 free: 0000565383944510
2026/09/08 08:22:04 [debug] 4793#0: *20 hc free: 0000000000000000
2026/09/08 08:22:04 [debug] 4793#0: *20 hc busy: 0000000000000000 0
2026/09/08 08:22:04 [debug] 4793#0: *20 tcp_nodelay
2026/09/08 08:22:04 [debug] 4793#0: *20 reusable connection: 1
2026/09/08 08:22:04 [debug] 4793#0: *20 event timer add: 3: 75000:3319389
2026/09/08 08:22:04 [debug] 4793#0: timer delta: 1
2026/09/08 08:22:04 [debug] 4793#0: worker cycle
2026/09/08 08:22:04 [debug] 4793#0: epoll timer: 75000
2026/09/08 08:22:04 [debug] 4793#0: epoll: fd:3 ev:2001 d:00007F3CDF0B31D1
2026/09/08 08:22:04 [debug] 4793#0: *20 http keepalive handler
2026/09/08 08:22:04 [debug] 4793#0: *20 malloc: 0000565383944510:1024
2026/09/08 08:22:04 [debug] 4793#0: *20 recv: eof:1, avail:-1
2026/09/08 08:22:04 [debug] 4793#0: *20 recv: fd:3 0 of 1024
2026/09/08 08:22:04 [info] 4793#0: *20 client 127.0.0.1 closed keepalive connection
2026/09/08 08:22:04 [debug] 4793#0: *20 close http connection: 3
2026/09/08 08:22:04 [debug] 4793#0: *20 event timer del: 3: 3319389
2026/09/08 08:22:04 [debug] 4793#0: *20 reusable connection: 0
2026/09/08 08:22:04 [debug] 4793#0: *20 free: 0000565383944510
2026/09/08 08:22:04 [debug] 4793#0: *20 free: 00005653839452A0, unused: 144
2026/09/08 08:22:04 [debug] 4793#0: timer delta: 1
2026/09/08 08:22:04 [debug] 4793#0: worker cycle
2026/09/08 08:22:04 [debug] 4793#0: epoll timer: -1
2026/09/08 08:22:38 [debug] 4793#0: epoll: fd:6 ev:0001 d:00007F3CDF0B3010
2026/09/08 08:22:38 [debug] 4793#0: accept on 0.0.0.0:8080, ready: 0
2026/09/08 08:22:38 [debug] 4793#0: posix_memalign: 00005653839452A0:512 @16
2026/09/08 08:22:38 [debug] 4793#0: *21 accept: 127.0.0.1:58086 fd:3
2026/09/08 08:22:38 [debug] 4793#0: *21 event timer add: 3: 60000:3338346
2026/09/08 08:22:38 [debug] 4793#0: *21 reusable connection: 1
2026/09/08 08:22:38 [debug] 4793#0: *21 epoll add event: fd:3 op:1 ev:80002001
2026/09/08 08:22:38 [debug] 4793#0: timer delta: 33956
2026/09/08 08:22:38 [debug] 4793#0: worker cycle
2026/09/08 08:22:38 [debug] 4793#0: epoll timer: 60000
2026/09/08 08:22:38 [debug] 4793#0: epoll: fd:3 ev:0001 d:00007F3CDF0B31D0
2026/09/08 08:22:38 [debug] 4793#0: *21 http wait request handler
2026/09/08 08:22:38 [debug] 4793#0: *21 malloc: 0000565383944510:1024
2026/09/08 08:22:38 [debug] 4793#0: *21 recv: eof:0, avail:-1
2026/09/08 08:22:38 [debug] 4793#0: *21 recv: fd:3 83 of 1024
2026/09/08 08:22:38 [debug] 4793#0: *21 reusable connection: 0
2026/09/08 08:22:38 [debug] 4793#0: *21 posix_memalign: 0000565383953D20:4096 @16
2026/09/08 08:22:38 [debug] 4793#0: *21 http process request line
2026/09/08 08:22:38 [debug] 4793#0: *21 http request line: "GET /ttll/ HTTP/1.1"
2026/09/08 08:22:38 [debug] 4793#0: *21 http uri: "/ttll/"
2026/09/08 08:22:38 [debug] 4793#0: *21 http args: ""
2026/09/08 08:22:38 [debug] 4793#0: *21 http exten: ""
2026/09/08 08:22:38 [debug] 4793#0: *21 posix_memalign: 00005653839494E0:4096 @16
2026/09/08 08:22:38 [debug] 4793#0: *21 http process request header line
2026/09/08 08:22:38 [debug] 4793#0: *21 http header: "Host: 127.0.0.1:8080"
2026/09/08 08:22:38 [debug] 4793#0: *21 http header: "User-Agent: curl/7.81.0"
2026/09/08 08:22:38 [debug] 4793#0: *21 http header: "Accept: */*"
2026/09/08 08:22:38 [debug] 4793#0: *21 http header done
2026/09/08 08:22:38 [debug] 4793#0: *21 event timer del: 3: 3338346
2026/09/08 08:22:38 [debug] 4793#0: *21 rewrite phase: 0
2026/09/08 08:22:38 [debug] 4793#0: *21 test location: "/static/"
2026/09/08 08:22:38 [debug] 4793#0: *21 test location: "/ttll/"
2026/09/08 08:22:38 [debug] 4793#0: *21 using configuration "/ttll/"
2026/09/08 08:22:38 [debug] 4793#0: *21 http cl:-1 max:1048576
2026/09/08 08:22:38 [debug] 4793#0: *21 rewrite phase: 2
2026/09/08 08:22:38 [debug] 4793#0: *21 post rewrite phase: 3
2026/09/08 08:22:38 [debug] 4793#0: *21 generic phase: 4
2026/09/08 08:22:38 [debug] 4793#0: *21 generic phase: 5
2026/09/08 08:22:38 [debug] 4793#0: *21 access phase: 6
2026/09/08 08:22:38 [debug] 4793#0: *21 access phase: 7
2026/09/08 08:22:38 [debug] 4793#0: *21 post access phase: 8
2026/09/08 08:22:38 [debug] 4793#0: *21 generic phase: 9
2026/09/08 08:22:38 [debug] 4793#0: *21 try files handler
2026/09/08 08:22:38 [debug] 4793#0: *21 trying to use file: "/abcd" "/home/asdf/nginx-issue-983-hostvm/nginx-1.29.1-compile/var/www/abcd"
2026/09/08 08:22:38 [debug] 4793#0: *21 try file uri: "/abcd"
2026/09/08 08:22:38 [debug] 4793#0: *21 generic phase: 10
2026/09/08 08:22:38 [debug] 4793#0: *21 http init upstream, client timer: 0
2026/09/08 08:22:38 [debug] 4793#0: *21 epoll add event: fd:3 op:3 ev:80002005
2026/09/08 08:22:38 [debug] 4793#0: *21 http script copy: "Host"
2026/09/08 08:22:38 [debug] 4793#0: *21 http script var: "127.0.0.1:9090"
2026/09/08 08:22:38 [debug] 4793#0: *21 http script copy: "Connection"
2026/09/08 08:22:38 [debug] 4793#0: *21 http script copy: "close"
2026/09/08 08:22:38 [debug] 4793#0: *21 http script copy: ""
2026/09/08 08:22:38 [debug] 4793#0: *21 http script copy: ""
2026/09/08 08:22:38 [debug] 4793#0: *21 http proxy header: "User-Agent: curl/7.81.0"
2026/09/08 08:22:38 [debug] 4793#0: *21 http proxy header: "Accept: */*"
2026/09/08 08:22:38 [notice] 4792#0: signal 17 (SIGCHLD) received from 4793
2026/09/08 08:22:38 [alert] 4792#0: worker process 4793 exited on signal 11 (core dumped)
2026/09/08 08:22:38 [debug] 4792#0: shmtx forced unlock
2026/09/08 08:22:38 [debug] 4792#0: wake up, sigio 0
2026/09/08 08:22:38 [debug] 4792#0: reap children
2026/09/08 08:22:38 [debug] 4792#0: child: 0 4793 e:0 t:1 d:0 r:1 j:0
2026/09/08 08:22:38 [debug] 4792#0: channel 3:7
2026/09/08 08:22:38 [notice] 4792#0: start worker process 4822
2026/09/08 08:22:38 [debug] 4792#0: sigsuspend
2026/09/08 08:22:38 [debug] 4822#0: add cleanup: 0000565383964F28
2026/09/08 08:22:38 [debug] 4822#0: malloc: 0000565383945280:8
2026/09/08 08:22:38 [debug] 4822#0: notify eventfd: 9
2026/09/08 08:22:38 [debug] 4822#0: testing the EPOLLRDHUP flag: success
2026/09/08 08:22:38 [debug] 4822#0: malloc: 0000565383952510:6144
2026/09/08 08:22:38 [debug] 4822#0: malloc: 00007F3CDF0B3010:229376
2026/09/08 08:22:38 [debug] 4822#0: malloc: 0000565383967840:98304
2026/09/08 08:22:38 [debug] 4822#0: malloc: 000056538397F850:98304
2026/09/08 08:22:38 [debug] 4822#0: epoll add event: fd:6 op:1 ev:00002001
2026/09/08 08:22:38 [debug] 4822#0: epoll add event: fd:7 op:1 ev:00002001
2026/09/08 08:22:38 [debug] 4822#0: setproctitle: "nginx: worker process"
2026/09/08 08:22:38 [debug] 4822#0: worker cycle
2026/09/08 08:22:38 [debug] 4822#0: epoll timer: -1
2026/09/08 08:23:09 [debug] 4822#0: epoll: fd:6 ev:0001 d:00007F3CDF0B3010
2026/09/08 08:23:09 [debug] 4822#0: accept on 0.0.0.0:8080, ready: 0
2026/09/08 08:23:09 [debug] 4822#0: posix_memalign: 00005653839452A0:512 @16
2026/09/08 08:23:09 [debug] 4822#0: *22 accept: 127.0.0.1:39444 fd:3
2026/09/08 08:23:09 [debug] 4822#0: *22 event timer add: 3: 60000:3369947
2026/09/08 08:23:09 [debug] 4822#0: *22 reusable connection: 1
2026/09/08 08:23:09 [debug] 4822#0: *22 epoll add event: fd:3 op:1 ev:80002001
2026/09/08 08:23:09 [debug] 4822#0: timer delta: 31321
2026/09/08 08:23:09 [debug] 4822#0: worker cycle
2026/09/08 08:23:09 [debug] 4822#0: epoll timer: 60000
2026/09/08 08:23:09 [debug] 4822#0: epoll: fd:3 ev:0001 d:00007F3CDF0B31D0
2026/09/08 08:23:09 [debug] 4822#0: *22 http wait request handler
2026/09/08 08:23:09 [debug] 4822#0: *22 malloc: 0000565383944510:1024
2026/09/08 08:23:09 [debug] 4822#0: *22 recv: eof:0, avail:-1
2026/09/08 08:23:09 [debug] 4822#0: *22 recv: fd:3 84 of 1024
2026/09/08 08:23:09 [debug] 4822#0: *22 reusable connection: 0
2026/09/08 08:23:09 [debug] 4822#0: *22 posix_memalign: 0000565383953D20:4096 @16
2026/09/08 08:23:09 [debug] 4822#0: *22 http process request line
2026/09/08 08:23:09 [debug] 4822#0: *22 http request line: "GET /health HTTP/1.1"
2026/09/08 08:23:09 [debug] 4822#0: *22 http uri: "/health"
2026/09/08 08:23:09 [debug] 4822#0: *22 http args: ""
2026/09/08 08:23:09 [debug] 4822#0: *22 http exten: ""
2026/09/08 08:23:09 [debug] 4822#0: *22 posix_memalign: 00005653839494E0:4096 @16
2026/09/08 08:23:09 [debug] 4822#0: *22 http process request header line
2026/09/08 08:23:09 [debug] 4822#0: *22 http header: "Host: 127.0.0.1:8080"
2026/09/08 08:23:09 [debug] 4822#0: *22 http header: "User-Agent: curl/7.81.0"
2026/09/08 08:23:09 [debug] 4822#0: *22 http header: "Accept: */*"
2026/09/08 08:23:09 [debug] 4822#0: *22 http header done
2026/09/08 08:23:09 [debug] 4822#0: *22 event timer del: 3: 3369947
2026/09/08 08:23:09 [debug] 4822#0: *22 rewrite phase: 0
2026/09/08 08:23:09 [debug] 4822#0: *22 test location: "/static/"
2026/09/08 08:23:09 [debug] 4822#0: *22 test location: "/hello"
2026/09/08 08:23:09 [debug] 4822#0: *22 test location: "/health"
2026/09/08 08:23:09 [debug] 4822#0: *22 using configuration "/health"
2026/09/08 08:23:09 [debug] 4822#0: *22 http cl:-1 max:1048576
2026/09/08 08:23:09 [debug] 4822#0: *22 rewrite phase: 2
2026/09/08 08:23:09 [debug] 4822#0: *22 http set discard body
2026/09/08 08:23:09 [debug] 4822#0: *22 HTTP/1.1 200 OK
Server: nginx/1.29.1
Date: Tue, 08 Sep 2026 08:23:09 GMT
Content-Type: text/plain
Content-Length: 3
Connection: keep-alive

2026/09/08 08:23:09 [debug] 4822#0: *22 write new buf t:1 f:0 0000565383954B70, pos 0000565383954B70, size: 147 file: 0, size: 0
2026/09/08 08:23:09 [debug] 4822#0: *22 http write filter: l:0 f:0 s:147
2026/09/08 08:23:09 [debug] 4822#0: *22 http output filter "/health?"
2026/09/08 08:23:09 [debug] 4822#0: *22 http copy filter: "/health?"
2026/09/08 08:23:09 [debug] 4822#0: *22 http postpone filter "/health?" 00007FFDE8CEC8C0
2026/09/08 08:23:09 [debug] 4822#0: *22 write old buf t:1 f:0 0000565383954B70, pos 0000565383954B70, size: 147 file: 0, size: 0
2026/09/08 08:23:09 [debug] 4822#0: *22 write new buf t:0 f:0 0000000000000000, pos 000056538395D2C3, size: 3 file: 0, size: 0
2026/09/08 08:23:09 [debug] 4822#0: *22 http write filter: l:1 f:0 s:150
2026/09/08 08:23:09 [debug] 4822#0: *22 http write filter limit 2097152
2026/09/08 08:23:09 [debug] 4822#0: *22 writev: 150 of 150
2026/09/08 08:23:09 [debug] 4822#0: *22 http write filter 0000000000000000
2026/09/08 08:23:09 [debug] 4822#0: *22 http copy filter: 0 "/health?"
2026/09/08 08:23:09 [debug] 4822#0: *22 http finalize request: 0, "/health?" a:1, c:1
2026/09/08 08:23:09 [debug] 4822#0: *22 set http keepalive handler
2026/09/08 08:23:09 [debug] 4822#0: *22 http close request
2026/09/08 08:23:09 [debug] 4822#0: *22 http log handler
2026/09/08 08:23:09 [debug] 4822#0: *22 free: 0000565383953D20, unused: 2
2026/09/08 08:23:09 [debug] 4822#0: *22 free: 00005653839494E0, unused: 2944
2026/09/08 08:23:09 [debug] 4822#0: *22 free: 0000565383944510
2026/09/08 08:23:09 [debug] 4822#0: *22 hc free: 0000000000000000
2026/09/08 08:23:09 [debug] 4822#0: *22 hc busy: 0000000000000000 0
2026/09/08 08:23:09 [debug] 4822#0: *22 tcp_nodelay
2026/09/08 08:23:09 [debug] 4822#0: *22 reusable connection: 1
2026/09/08 08:23:09 [debug] 4822#0: *22 event timer add: 3: 75000:3384948
2026/09/08 08:23:09 [debug] 4822#0: timer delta: 1
2026/09/08 08:23:09 [debug] 4822#0: worker cycle
2026/09/08 08:23:09 [debug] 4822#0: epoll timer: 75000
2026/09/08 08:23:09 [debug] 4822#0: epoll: fd:3 ev:2001 d:00007F3CDF0B31D0
2026/09/08 08:23:09 [debug] 4822#0: *22 http keepalive handler
2026/09/08 08:23:09 [debug] 4822#0: *22 malloc: 0000565383944510:1024
2026/09/08 08:23:09 [debug] 4822#0: *22 recv: eof:1, avail:-1
2026/09/08 08:23:09 [debug] 4822#0: *22 recv: fd:3 0 of 1024
2026/09/08 08:23:09 [info] 4822#0: *22 client 127.0.0.1 closed keepalive connection
2026/09/08 08:23:09 [debug] 4822#0: *22 close http connection: 3
2026/09/08 08:23:09 [debug] 4822#0: *22 event timer del: 3: 3384948
2026/09/08 08:23:09 [debug] 4822#0: *22 reusable connection: 0
2026/09/08 08:23:09 [debug] 4822#0: *22 free: 0000565383944510
2026/09/08 08:23:09 [debug] 4822#0: *22 free: 00005653839452A0, unused: 144
2026/09/08 08:23:09 [debug] 4822#0: timer delta: 3
2026/09/08 08:23:09 [debug] 4822#0: worker cycle
2026/09/08 08:23:09 [debug] 4822#0: epoll timer: -1
2026/09/08 08:23:09 [debug] 4822#0: epoll: fd:6 ev:0001 d:00007F3CDF0B3010
2026/09/08 08:23:09 [debug] 4822#0: accept on 0.0.0.0:8080, ready: 0
2026/09/08 08:23:09 [debug] 4822#0: posix_memalign: 00005653839452A0:512 @16
2026/09/08 08:23:09 [debug] 4822#0: *23 accept: 127.0.0.1:39454 fd:3
2026/09/08 08:23:09 [debug] 4822#0: *23 event timer add: 3: 60000:3369961
2026/09/08 08:23:09 [debug] 4822#0: *23 reusable connection: 1
2026/09/08 08:23:09 [debug] 4822#0: *23 epoll add event: fd:3 op:1 ev:80002001
2026/09/08 08:23:09 [debug] 4822#0: timer delta: 10
2026/09/08 08:23:09 [debug] 4822#0: worker cycle
2026/09/08 08:23:09 [debug] 4822#0: epoll timer: 60000
2026/09/08 08:23:09 [debug] 4822#0: epoll: fd:3 ev:0001 d:00007F3CDF0B31D1
2026/09/08 08:23:09 [debug] 4822#0: *23 http wait request handler
2026/09/08 08:23:09 [debug] 4822#0: *23 malloc: 0000565383944510:1024
2026/09/08 08:23:09 [debug] 4822#0: *23 recv: eof:0, avail:-1
2026/09/08 08:23:09 [debug] 4822#0: *23 recv: fd:3 84 of 1024
2026/09/08 08:23:09 [debug] 4822#0: *23 reusable connection: 0
2026/09/08 08:23:09 [debug] 4822#0: *23 posix_memalign: 0000565383953D20:4096 @16
2026/09/08 08:23:09 [debug] 4822#0: *23 http process request line
2026/09/08 08:23:09 [debug] 4822#0: *23 http request line: "GET /health HTTP/1.1"
2026/09/08 08:23:09 [debug] 4822#0: *23 http uri: "/health"
2026/09/08 08:23:09 [debug] 4822#0: *23 http args: ""
2026/09/08 08:23:09 [debug] 4822#0: *23 http exten: ""
2026/09/08 08:23:09 [debug] 4822#0: *23 posix_memalign: 00005653839494E0:4096 @16
2026/09/08 08:23:09 [debug] 4822#0: *23 http process request header line
2026/09/08 08:23:09 [debug] 4822#0: *23 http header: "Host: 127.0.0.1:8080"
2026/09/08 08:23:09 [debug] 4822#0: *23 http header: "User-Agent: curl/7.81.0"
2026/09/08 08:23:09 [debug] 4822#0: *23 http header: "Accept: */*"
2026/09/08 08:23:09 [debug] 4822#0: *23 http header done
2026/09/08 08:23:09 [debug] 4822#0: *23 event timer del: 3: 3369961
2026/09/08 08:23:09 [debug] 4822#0: *23 rewrite phase: 0
2026/09/08 08:23:09 [debug] 4822#0: *23 test location: "/static/"
2026/09/08 08:23:09 [debug] 4822#0: *23 test location: "/hello"
2026/09/08 08:23:09 [debug] 4822#0: *23 test location: "/health"
2026/09/08 08:23:09 [debug] 4822#0: *23 using configuration "/health"
2026/09/08 08:23:09 [debug] 4822#0: *23 http cl:-1 max:1048576
2026/09/08 08:23:09 [debug] 4822#0: *23 rewrite phase: 2
2026/09/08 08:23:09 [debug] 4822#0: *23 http set discard body
2026/09/08 08:23:09 [debug] 4822#0: *23 HTTP/1.1 200 OK
Server: nginx/1.29.1
Date: Tue, 08 Sep 2026 08:23:09 GMT
Content-Type: text/plain
Content-Length: 3
Connection: keep-alive

2026/09/08 08:23:09 [debug] 4822#0: *23 write new buf t:1 f:0 0000565383954B70, pos 0000565383954B70, size: 147 file: 0, size: 0
2026/09/08 08:23:09 [debug] 4822#0: *23 http write filter: l:0 f:0 s:147
2026/09/08 08:23:09 [debug] 4822#0: *23 http output filter "/health?"
2026/09/08 08:23:09 [debug] 4822#0: *23 http copy filter: "/health?"
2026/09/08 08:23:09 [debug] 4822#0: *23 http postpone filter "/health?" 00007FFDE8CEC8C0
2026/09/08 08:23:09 [debug] 4822#0: *23 write old buf t:1 f:0 0000565383954B70, pos 0000565383954B70, size: 147 file: 0, size: 0
2026/09/08 08:23:09 [debug] 4822#0: *23 write new buf t:0 f:0 0000000000000000, pos 000056538395D2C3, size: 3 file: 0, size: 0
2026/09/08 08:23:09 [debug] 4822#0: *23 http write filter: l:1 f:0 s:150
2026/09/08 08:23:09 [debug] 4822#0: *23 http write filter limit 2097152
2026/09/08 08:23:09 [debug] 4822#0: *23 writev: 150 of 150
2026/09/08 08:23:09 [debug] 4822#0: *23 http write filter 0000000000000000
2026/09/08 08:23:09 [debug] 4822#0: *23 http copy filter: 0 "/health?"
2026/09/08 08:23:09 [debug] 4822#0: *23 http finalize request: 0, "/health?" a:1, c:1
2026/09/08 08:23:09 [debug] 4822#0: *23 set http keepalive handler
2026/09/08 08:23:09 [debug] 4822#0: *23 http close request
2026/09/08 08:23:09 [debug] 4822#0: *23 http log handler
2026/09/08 08:23:09 [debug] 4822#0: *23 free: 0000565383953D20, unused: 2
2026/09/08 08:23:09 [debug] 4822#0: *23 free: 00005653839494E0, unused: 2944
2026/09/08 08:23:09 [debug] 4822#0: *23 free: 0000565383944510
2026/09/08 08:23:09 [debug] 4822#0: *23 hc free: 0000000000000000
2026/09/08 08:23:09 [debug] 4822#0: *23 hc busy: 0000000000000000 0
2026/09/08 08:23:09 [debug] 4822#0: *23 tcp_nodelay
2026/09/08 08:23:09 [debug] 4822#0: *23 reusable connection: 1
2026/09/08 08:23:09 [debug] 4822#0: *23 event timer add: 3: 75000:3384961
2026/09/08 08:23:09 [debug] 4822#0: timer delta: 0
2026/09/08 08:23:09 [debug] 4822#0: worker cycle
2026/09/08 08:23:09 [debug] 4822#0: epoll timer: 75000
2026/09/08 08:23:09 [debug] 4822#0: epoll: fd:3 ev:2001 d:00007F3CDF0B31D1
2026/09/08 08:23:09 [debug] 4822#0: *23 http keepalive handler
2026/09/08 08:23:09 [debug] 4822#0: *23 malloc: 0000565383944510:1024
2026/09/08 08:23:09 [debug] 4822#0: *23 recv: eof:1, avail:-1
2026/09/08 08:23:09 [debug] 4822#0: *23 recv: fd:3 0 of 1024
2026/09/08 08:23:09 [info] 4822#0: *23 client 127.0.0.1 closed keepalive connection
2026/09/08 08:23:09 [debug] 4822#0: *23 close http connection: 3
2026/09/08 08:23:09 [debug] 4822#0: *23 event timer del: 3: 3384961
2026/09/08 08:23:09 [debug] 4822#0: *23 reusable connection: 0
2026/09/08 08:23:09 [debug] 4822#0: *23 free: 0000565383944510
2026/09/08 08:23:09 [debug] 4822#0: *23 free: 00005653839452A0, unused: 144
2026/09/08 08:23:09 [debug] 4822#0: timer delta: 7
2026/09/08 08:23:09 [debug] 4822#0: worker cycle
2026/09/08 08:23:09 [debug] 4822#0: epoll timer: -1
2026/09/08 08:23:09 [debug] 4822#0: epoll: fd:6 ev:0001 d:00007F3CDF0B3010
2026/09/08 08:23:09 [debug] 4822#0: accept on 0.0.0.0:8080, ready: 0
2026/09/08 08:23:09 [debug] 4822#0: posix_memalign: 00005653839452A0:512 @16
2026/09/08 08:23:09 [debug] 4822#0: *24 accept: 127.0.0.1:39458 fd:3
2026/09/08 08:23:09 [debug] 4822#0: *24 event timer add: 3: 60000:3369977
2026/09/08 08:23:09 [debug] 4822#0: *24 reusable connection: 1
2026/09/08 08:23:09 [debug] 4822#0: *24 epoll add event: fd:3 op:1 ev:80002001
2026/09/08 08:23:09 [debug] 4822#0: timer delta: 9
2026/09/08 08:23:09 [debug] 4822#0: worker cycle
2026/09/08 08:23:09 [debug] 4822#0: epoll timer: 60000
2026/09/08 08:23:09 [debug] 4822#0: epoll: fd:3 ev:0001 d:00007F3CDF0B31D0
2026/09/08 08:23:09 [debug] 4822#0: *24 http wait request handler
2026/09/08 08:23:09 [debug] 4822#0: *24 malloc: 0000565383944510:1024
2026/09/08 08:23:09 [debug] 4822#0: *24 recv: eof:0, avail:-1
2026/09/08 08:23:09 [debug] 4822#0: *24 recv: fd:3 84 of 1024
2026/09/08 08:23:09 [debug] 4822#0: *24 reusable connection: 0
2026/09/08 08:23:09 [debug] 4822#0: *24 posix_memalign: 0000565383953D20:4096 @16
2026/09/08 08:23:09 [debug] 4822#0: *24 http process request line
2026/09/08 08:23:09 [debug] 4822#0: *24 http request line: "GET /health HTTP/1.1"
2026/09/08 08:23:09 [debug] 4822#0: *24 http uri: "/health"
2026/09/08 08:23:09 [debug] 4822#0: *24 http args: ""
2026/09/08 08:23:09 [debug] 4822#0: *24 http exten: ""
2026/09/08 08:23:09 [debug] 4822#0: *24 posix_memalign: 00005653839494E0:4096 @16
2026/09/08 08:23:09 [debug] 4822#0: *24 http process request header line
2026/09/08 08:23:09 [debug] 4822#0: *24 http header: "Host: 127.0.0.1:8080"
2026/09/08 08:23:09 [debug] 4822#0: *24 http header: "User-Agent: curl/7.81.0"
2026/09/08 08:23:09 [debug] 4822#0: *24 http header: "Accept: */*"
2026/09/08 08:23:09 [debug] 4822#0: *24 http header done
2026/09/08 08:23:09 [debug] 4822#0: *24 event timer del: 3: 3369977
2026/09/08 08:23:09 [debug] 4822#0: *24 rewrite phase: 0
2026/09/08 08:23:09 [debug] 4822#0: *24 test location: "/static/"
2026/09/08 08:23:09 [debug] 4822#0: *24 test location: "/hello"
2026/09/08 08:23:09 [debug] 4822#0: *24 test location: "/health"
2026/09/08 08:23:09 [debug] 4822#0: *24 using configuration "/health"
2026/09/08 08:23:09 [debug] 4822#0: *24 http cl:-1 max:1048576
2026/09/08 08:23:09 [debug] 4822#0: *24 rewrite phase: 2
2026/09/08 08:23:09 [debug] 4822#0: *24 http set discard body
2026/09/08 08:23:09 [debug] 4822#0: *24 HTTP/1.1 200 OK
Server: nginx/1.29.1
Date: Tue, 08 Sep 2026 08:23:09 GMT
Content-Type: text/plain
Content-Length: 3
Connection: keep-alive

2026/09/08 08:23:09 [debug] 4822#0: *24 write new buf t:1 f:0 0000565383954B70, pos 0000565383954B70, size: 147 file: 0, size: 0
2026/09/08 08:23:09 [debug] 4822#0: *24 http write filter: l:0 f:0 s:147
2026/09/08 08:23:09 [debug] 4822#0: *24 http output filter "/health?"
2026/09/08 08:23:09 [debug] 4822#0: *24 http copy filter: "/health?"
2026/09/08 08:23:09 [debug] 4822#0: *24 http postpone filter "/health?" 00007FFDE8CEC8C0
2026/09/08 08:23:09 [debug] 4822#0: *24 write old buf t:1 f:0 0000565383954B70, pos 0000565383954B70, size: 147 file: 0, size: 0
2026/09/08 08:23:09 [debug] 4822#0: *24 write new buf t:0 f:0 0000000000000000, pos 000056538395D2C3, size: 3 file: 0, size: 0
2026/09/08 08:23:09 [debug] 4822#0: *24 http write filter: l:1 f:0 s:150
2026/09/08 08:23:09 [debug] 4822#0: *24 http write filter limit 2097152
2026/09/08 08:23:09 [debug] 4822#0: *24 writev: 150 of 150
2026/09/08 08:23:09 [debug] 4822#0: *24 http write filter 0000000000000000
2026/09/08 08:23:09 [debug] 4822#0: *24 http copy filter: 0 "/health?"
2026/09/08 08:23:09 [debug] 4822#0: *24 http finalize request: 0, "/health?" a:1, c:1
2026/09/08 08:23:09 [debug] 4822#0: *24 set http keepalive handler
2026/09/08 08:23:09 [debug] 4822#0: *24 http close request
2026/09/08 08:23:09 [debug] 4822#0: *24 http log handler
2026/09/08 08:23:09 [debug] 4822#0: *24 free: 0000565383953D20, unused: 2
2026/09/08 08:23:09 [debug] 4822#0: *24 free: 00005653839494E0, unused: 2944
2026/09/08 08:23:09 [debug] 4822#0: *24 free: 0000565383944510
2026/09/08 08:23:09 [debug] 4822#0: *24 hc free: 0000000000000000
2026/09/08 08:23:09 [debug] 4822#0: *24 hc busy: 0000000000000000 0
2026/09/08 08:23:09 [debug] 4822#0: *24 tcp_nodelay
2026/09/08 08:23:09 [debug] 4822#0: *24 reusable connection: 1
2026/09/08 08:23:09 [debug] 4822#0: *24 event timer add: 3: 75000:3384977
2026/09/08 08:23:09 [debug] 4822#0: timer delta: 0
2026/09/08 08:23:09 [debug] 4822#0: worker cycle
2026/09/08 08:23:09 [debug] 4822#0: epoll timer: 75000
2026/09/08 08:23:09 [debug] 4822#0: epoll: fd:3 ev:2001 d:00007F3CDF0B31D0
2026/09/08 08:23:09 [debug] 4822#0: *24 http keepalive handler
2026/09/08 08:23:09 [debug] 4822#0: *24 malloc: 0000565383944510:1024
2026/09/08 08:23:09 [debug] 4822#0: *24 recv: eof:1, avail:-1
2026/09/08 08:23:09 [debug] 4822#0: *24 recv: fd:3 0 of 1024
2026/09/08 08:23:09 [info] 4822#0: *24 client 127.0.0.1 closed keepalive connection
2026/09/08 08:23:09 [debug] 4822#0: *24 close http connection: 3
2026/09/08 08:23:09 [debug] 4822#0: *24 event timer del: 3: 3384977
2026/09/08 08:23:09 [debug] 4822#0: *24 reusable connection: 0
2026/09/08 08:23:09 [debug] 4822#0: *24 free: 0000565383944510
2026/09/08 08:23:09 [debug] 4822#0: *24 free: 00005653839452A0, unused: 144
2026/09/08 08:23:09 [debug] 4822#0: timer delta: 3
2026/09/08 08:23:09 [debug] 4822#0: worker cycle
2026/09/08 08:23:09 [debug] 4822#0: epoll timer: -1
2026/09/08 08:23:09 [debug] 4822#0: epoll: fd:6 ev:0001 d:00007F3CDF0B3010
2026/09/08 08:23:09 [debug] 4822#0: accept on 0.0.0.0:8080, ready: 0
2026/09/08 08:23:09 [debug] 4822#0: posix_memalign: 00005653839452A0:512 @16
2026/09/08 08:23:09 [debug] 4822#0: *25 accept: 127.0.0.1:39464 fd:3
2026/09/08 08:23:09 [debug] 4822#0: *25 event timer add: 3: 60000:3369989
2026/09/08 08:23:09 [debug] 4822#0: *25 reusable connection: 1
2026/09/08 08:23:09 [debug] 4822#0: *25 epoll add event: fd:3 op:1 ev:80002001
2026/09/08 08:23:09 [debug] 4822#0: timer delta: 9
2026/09/08 08:23:09 [debug] 4822#0: worker cycle
2026/09/08 08:23:09 [debug] 4822#0: epoll timer: 60000
2026/09/08 08:23:09 [debug] 4822#0: epoll: fd:3 ev:0001 d:00007F3CDF0B31D1
2026/09/08 08:23:09 [debug] 4822#0: *25 http wait request handler
2026/09/08 08:23:09 [debug] 4822#0: *25 malloc: 0000565383944510:1024
2026/09/08 08:23:09 [debug] 4822#0: *25 recv: eof:0, avail:-1
2026/09/08 08:23:09 [debug] 4822#0: *25 recv: fd:3 84 of 1024
2026/09/08 08:23:09 [debug] 4822#0: *25 reusable connection: 0
2026/09/08 08:23:09 [debug] 4822#0: *25 posix_memalign: 0000565383953D20:4096 @16
2026/09/08 08:23:09 [debug] 4822#0: *25 http process request line
2026/09/08 08:23:09 [debug] 4822#0: *25 http request line: "GET /health HTTP/1.1"
2026/09/08 08:23:09 [debug] 4822#0: *25 http uri: "/health"
2026/09/08 08:23:09 [debug] 4822#0: *25 http args: ""
2026/09/08 08:23:09 [debug] 4822#0: *25 http exten: ""
2026/09/08 08:23:09 [debug] 4822#0: *25 posix_memalign: 00005653839494E0:4096 @16
2026/09/08 08:23:09 [debug] 4822#0: *25 http process request header line
2026/09/08 08:23:09 [debug] 4822#0: *25 http header: "Host: 127.0.0.1:8080"
2026/09/08 08:23:09 [debug] 4822#0: *25 http header: "User-Agent: curl/7.81.0"
2026/09/08 08:23:09 [debug] 4822#0: *25 http header: "Accept: */*"
2026/09/08 08:23:09 [debug] 4822#0: *25 http header done
2026/09/08 08:23:09 [debug] 4822#0: *25 event timer del: 3: 3369989
2026/09/08 08:23:09 [debug] 4822#0: *25 rewrite phase: 0
2026/09/08 08:23:09 [debug] 4822#0: *25 test location: "/static/"
2026/09/08 08:23:09 [debug] 4822#0: *25 test location: "/hello"
2026/09/08 08:23:09 [debug] 4822#0: *25 test location: "/health"
2026/09/08 08:23:09 [debug] 4822#0: *25 using configuration "/health"
2026/09/08 08:23:09 [debug] 4822#0: *25 http cl:-1 max:1048576
2026/09/08 08:23:09 [debug] 4822#0: *25 rewrite phase: 2
2026/09/08 08:23:09 [debug] 4822#0: *25 http set discard body
2026/09/08 08:23:09 [debug] 4822#0: *25 HTTP/1.1 200 OK
Server: nginx/1.29.1
Date: Tue, 08 Sep 2026 08:23:09 GMT
Content-Type: text/plain
Content-Length: 3
Connection: keep-alive

2026/09/08 08:23:09 [debug] 4822#0: *25 write new buf t:1 f:0 0000565383954B70, pos 0000565383954B70, size: 147 file: 0, size: 0
2026/09/08 08:23:09 [debug] 4822#0: *25 http write filter: l:0 f:0 s:147
2026/09/08 08:23:09 [debug] 4822#0: *25 http output filter "/health?"
2026/09/08 08:23:09 [debug] 4822#0: *25 http copy filter: "/health?"
2026/09/08 08:23:09 [debug] 4822#0: *25 http postpone filter "/health?" 00007FFDE8CEC8C0
2026/09/08 08:23:09 [debug] 4822#0: *25 write old buf t:1 f:0 0000565383954B70, pos 0000565383954B70, size: 147 file: 0, size: 0
2026/09/08 08:23:09 [debug] 4822#0: *25 write new buf t:0 f:0 0000000000000000, pos 000056538395D2C3, size: 3 file: 0, size: 0
2026/09/08 08:23:09 [debug] 4822#0: *25 http write filter: l:1 f:0 s:150
2026/09/08 08:23:09 [debug] 4822#0: *25 http write filter limit 2097152
2026/09/08 08:23:09 [debug] 4822#0: *25 writev: 150 of 150
2026/09/08 08:23:09 [debug] 4822#0: *25 http write filter 0000000000000000
2026/09/08 08:23:09 [debug] 4822#0: *25 http copy filter: 0 "/health?"
2026/09/08 08:23:09 [debug] 4822#0: *25 http finalize request: 0, "/health?" a:1, c:1
2026/09/08 08:23:09 [debug] 4822#0: *25 set http keepalive handler
2026/09/08 08:23:09 [debug] 4822#0: *25 http close request
2026/09/08 08:23:09 [debug] 4822#0: *25 http log handler
2026/09/08 08:23:09 [debug] 4822#0: *25 free: 0000565383953D20, unused: 2
2026/09/08 08:23:09 [debug] 4822#0: *25 free: 00005653839494E0, unused: 2944
2026/09/08 08:23:09 [debug] 4822#0: *25 free: 0000565383944510
2026/09/08 08:23:09 [debug] 4822#0: *25 hc free: 0000000000000000
2026/09/08 08:23:09 [debug] 4822#0: *25 hc busy: 0000000000000000 0
2026/09/08 08:23:09 [debug] 4822#0: *25 tcp_nodelay
2026/09/08 08:23:09 [debug] 4822#0: *25 reusable connection: 1
2026/09/08 08:23:09 [debug] 4822#0: *25 event timer add: 3: 75000:3384990
2026/09/08 08:23:09 [debug] 4822#0: timer delta: 1
2026/09/08 08:23:09 [debug] 4822#0: worker cycle
2026/09/08 08:23:09 [debug] 4822#0: epoll timer: 75000
2026/09/08 08:23:09 [debug] 4822#0: epoll: fd:3 ev:2001 d:00007F3CDF0B31D1
2026/09/08 08:23:09 [debug] 4822#0: *25 http keepalive handler
2026/09/08 08:23:09 [debug] 4822#0: *25 malloc: 0000565383944510:1024
2026/09/08 08:23:09 [debug] 4822#0: *25 recv: eof:1, avail:-1
2026/09/08 08:23:09 [debug] 4822#0: *25 recv: fd:3 0 of 1024
2026/09/08 08:23:09 [info] 4822#0: *25 client 127.0.0.1 closed keepalive connection
2026/09/08 08:23:09 [debug] 4822#0: *25 close http connection: 3
2026/09/08 08:23:09 [debug] 4822#0: *25 event timer del: 3: 3384990
2026/09/08 08:23:09 [debug] 4822#0: *25 reusable connection: 0
2026/09/08 08:23:09 [debug] 4822#0: *25 free: 0000565383944510
2026/09/08 08:23:09 [debug] 4822#0: *25 free: 00005653839452A0, unused: 144
2026/09/08 08:23:09 [debug] 4822#0: timer delta: 1
2026/09/08 08:23:09 [debug] 4822#0: worker cycle
2026/09/08 08:23:09 [debug] 4822#0: epoll timer: -1
2026/09/08 08:23:09 [debug] 4822#0: epoll: fd:6 ev:0001 d:00007F3CDF0B3010
2026/09/08 08:23:09 [debug] 4822#0: accept on 0.0.0.0:8080, ready: 0
2026/09/08 08:23:09 [debug] 4822#0: posix_memalign: 00005653839452A0:512 @16
2026/09/08 08:23:09 [debug] 4822#0: *26 accept: 127.0.0.1:39474 fd:3
2026/09/08 08:23:09 [debug] 4822#0: *26 event timer add: 3: 60000:3370004
2026/09/08 08:23:09 [debug] 4822#0: *26 reusable connection: 1
2026/09/08 08:23:09 [debug] 4822#0: *26 epoll add event: fd:3 op:1 ev:80002001
2026/09/08 08:23:09 [debug] 4822#0: timer delta: 13
2026/09/08 08:23:09 [debug] 4822#0: worker cycle
2026/09/08 08:23:09 [debug] 4822#0: epoll timer: 60000
2026/09/08 08:23:09 [debug] 4822#0: epoll: fd:3 ev:0001 d:00007F3CDF0B31D0
2026/09/08 08:23:09 [debug] 4822#0: *26 http wait request handler
2026/09/08 08:23:09 [debug] 4822#0: *26 malloc: 0000565383944510:1024
2026/09/08 08:23:09 [debug] 4822#0: *26 recv: eof:0, avail:-1
2026/09/08 08:23:09 [debug] 4822#0: *26 recv: fd:3 84 of 1024
2026/09/08 08:23:09 [debug] 4822#0: *26 reusable connection: 0
2026/09/08 08:23:09 [debug] 4822#0: *26 posix_memalign: 0000565383953D20:4096 @16
2026/09/08 08:23:09 [debug] 4822#0: *26 http process request line
2026/09/08 08:23:09 [debug] 4822#0: *26 http request line: "GET /health HTTP/1.1"
2026/09/08 08:23:09 [debug] 4822#0: *26 http uri: "/health"
2026/09/08 08:23:09 [debug] 4822#0: *26 http args: ""
2026/09/08 08:23:09 [debug] 4822#0: *26 http exten: ""
2026/09/08 08:23:09 [debug] 4822#0: *26 posix_memalign: 00005653839494E0:4096 @16
2026/09/08 08:23:09 [debug] 4822#0: *26 http process request header line
2026/09/08 08:23:09 [debug] 4822#0: *26 http header: "Host: 127.0.0.1:8080"
2026/09/08 08:23:09 [debug] 4822#0: *26 http header: "User-Agent: curl/7.81.0"
2026/09/08 08:23:09 [debug] 4822#0: *26 http header: "Accept: */*"
2026/09/08 08:23:09 [debug] 4822#0: *26 http header done
2026/09/08 08:23:09 [debug] 4822#0: *26 event timer del: 3: 3370004
2026/09/08 08:23:09 [debug] 4822#0: *26 rewrite phase: 0
2026/09/08 08:23:09 [debug] 4822#0: *26 test location: "/static/"
2026/09/08 08:23:09 [debug] 4822#0: *26 test location: "/hello"
2026/09/08 08:23:09 [debug] 4822#0: *26 test location: "/health"
2026/09/08 08:23:09 [debug] 4822#0: *26 using configuration "/health"
2026/09/08 08:23:09 [debug] 4822#0: *26 http cl:-1 max:1048576
2026/09/08 08:23:09 [debug] 4822#0: *26 rewrite phase: 2
2026/09/08 08:23:09 [debug] 4822#0: *26 http set discard body
2026/09/08 08:23:09 [debug] 4822#0: *26 HTTP/1.1 200 OK
Server: nginx/1.29.1
Date: Tue, 08 Sep 2026 08:23:09 GMT
Content-Type: text/plain
Content-Length: 3
Connection: keep-alive

2026/09/08 08:23:09 [debug] 4822#0: *26 write new buf t:1 f:0 0000565383954B70, pos 0000565383954B70, size: 147 file: 0, size: 0
2026/09/08 08:23:09 [debug] 4822#0: *26 http write filter: l:0 f:0 s:147
2026/09/08 08:23:09 [debug] 4822#0: *26 http output filter "/health?"
2026/09/08 08:23:09 [debug] 4822#0: *26 http copy filter: "/health?"
2026/09/08 08:23:09 [debug] 4822#0: *26 http postpone filter "/health?" 00007FFDE8CEC8C0
2026/09/08 08:23:09 [debug] 4822#0: *26 write old buf t:1 f:0 0000565383954B70, pos 0000565383954B70, size: 147 file: 0, size: 0
2026/09/08 08:23:09 [debug] 4822#0: *26 write new buf t:0 f:0 0000000000000000, pos 000056538395D2C3, size: 3 file: 0, size: 0
2026/09/08 08:23:09 [debug] 4822#0: *26 http write filter: l:1 f:0 s:150
2026/09/08 08:23:09 [debug] 4822#0: *26 http write filter limit 2097152
2026/09/08 08:23:09 [debug] 4822#0: *26 writev: 150 of 150
2026/09/08 08:23:09 [debug] 4822#0: *26 http write filter 0000000000000000
2026/09/08 08:23:09 [debug] 4822#0: *26 http copy filter: 0 "/health?"
2026/09/08 08:23:09 [debug] 4822#0: *26 http finalize request: 0, "/health?" a:1, c:1
2026/09/08 08:23:09 [debug] 4822#0: *26 set http keepalive handler
2026/09/08 08:23:09 [debug] 4822#0: *26 http close request
2026/09/08 08:23:09 [debug] 4822#0: *26 http log handler
2026/09/08 08:23:09 [debug] 4822#0: *26 free: 0000565383953D20, unused: 2
2026/09/08 08:23:09 [debug] 4822#0: *26 free: 00005653839494E0, unused: 2944
2026/09/08 08:23:09 [debug] 4822#0: *26 free: 0000565383944510
2026/09/08 08:23:09 [debug] 4822#0: *26 hc free: 0000000000000000
2026/09/08 08:23:09 [debug] 4822#0: *26 hc busy: 0000000000000000 0
2026/09/08 08:23:09 [debug] 4822#0: *26 tcp_nodelay
2026/09/08 08:23:09 [debug] 4822#0: *26 reusable connection: 1
2026/09/08 08:23:09 [debug] 4822#0: *26 event timer add: 3: 75000:3385004
2026/09/08 08:23:09 [debug] 4822#0: timer delta: 0
2026/09/08 08:23:09 [debug] 4822#0: worker cycle
2026/09/08 08:23:09 [debug] 4822#0: epoll timer: 75000
2026/09/08 08:23:09 [debug] 4822#0: epoll: fd:3 ev:2001 d:00007F3CDF0B31D0
2026/09/08 08:23:09 [debug] 4822#0: *26 http keepalive handler
2026/09/08 08:23:09 [debug] 4822#0: *26 malloc: 0000565383944510:1024
2026/09/08 08:23:09 [debug] 4822#0: *26 recv: eof:1, avail:-1
2026/09/08 08:23:09 [debug] 4822#0: *26 recv: fd:3 0 of 1024
2026/09/08 08:23:09 [info] 4822#0: *26 client 127.0.0.1 closed keepalive connection
2026/09/08 08:23:09 [debug] 4822#0: *26 close http connection: 3
2026/09/08 08:23:09 [debug] 4822#0: *26 event timer del: 3: 3385004
2026/09/08 08:23:09 [debug] 4822#0: *26 reusable connection: 0
2026/09/08 08:23:09 [debug] 4822#0: *26 free: 0000565383944510
2026/09/08 08:23:09 [debug] 4822#0: *26 free: 00005653839452A0, unused: 144
2026/09/08 08:23:09 [debug] 4822#0: timer delta: 2
2026/09/08 08:23:09 [debug] 4822#0: worker cycle
2026/09/08 08:23:09 [debug] 4822#0: epoll timer: -1
2026/09/08 08:23:09 [debug] 4822#0: epoll: fd:6 ev:0001 d:00007F3CDF0B3010
2026/09/08 08:23:09 [debug] 4822#0: accept on 0.0.0.0:8080, ready: 0
2026/09/08 08:23:09 [debug] 4822#0: posix_memalign: 00005653839452A0:512 @16
2026/09/08 08:23:09 [debug] 4822#0: *27 accept: 127.0.0.1:39480 fd:3
2026/09/08 08:23:09 [debug] 4822#0: *27 event timer add: 3: 60000:3370020
2026/09/08 08:23:09 [debug] 4822#0: *27 reusable connection: 1
2026/09/08 08:23:09 [debug] 4822#0: *27 epoll add event: fd:3 op:1 ev:80002001
2026/09/08 08:23:09 [debug] 4822#0: timer delta: 14
2026/09/08 08:23:09 [debug] 4822#0: worker cycle
2026/09/08 08:23:09 [debug] 4822#0: epoll timer: 60000
2026/09/08 08:23:09 [debug] 4822#0: epoll: fd:3 ev:0001 d:00007F3CDF0B31D1
2026/09/08 08:23:09 [debug] 4822#0: *27 http wait request handler
2026/09/08 08:23:09 [debug] 4822#0: *27 malloc: 0000565383944510:1024
2026/09/08 08:23:09 [debug] 4822#0: *27 recv: eof:0, avail:-1
2026/09/08 08:23:09 [debug] 4822#0: *27 recv: fd:3 84 of 1024
2026/09/08 08:23:09 [debug] 4822#0: *27 reusable connection: 0
2026/09/08 08:23:09 [debug] 4822#0: *27 posix_memalign: 0000565383953D20:4096 @16
2026/09/08 08:23:09 [debug] 4822#0: *27 http process request line
2026/09/08 08:23:09 [debug] 4822#0: *27 http request line: "GET /health HTTP/1.1"
2026/09/08 08:23:09 [debug] 4822#0: *27 http uri: "/health"
2026/09/08 08:23:09 [debug] 4822#0: *27 http args: ""
2026/09/08 08:23:09 [debug] 4822#0: *27 http exten: ""
2026/09/08 08:23:09 [debug] 4822#0: *27 posix_memalign: 00005653839494E0:4096 @16
2026/09/08 08:23:09 [debug] 4822#0: *27 http process request header line
2026/09/08 08:23:09 [debug] 4822#0: *27 http header: "Host: 127.0.0.1:8080"
2026/09/08 08:23:09 [debug] 4822#0: *27 http header: "User-Agent: curl/7.81.0"
2026/09/08 08:23:09 [debug] 4822#0: *27 http header: "Accept: */*"
2026/09/08 08:23:09 [debug] 4822#0: *27 http header done
2026/09/08 08:23:09 [debug] 4822#0: *27 event timer del: 3: 3370020
2026/09/08 08:23:09 [debug] 4822#0: *27 rewrite phase: 0
2026/09/08 08:23:09 [debug] 4822#0: *27 test location: "/static/"
2026/09/08 08:23:09 [debug] 4822#0: *27 test location: "/hello"
2026/09/08 08:23:09 [debug] 4822#0: *27 test location: "/health"
2026/09/08 08:23:09 [debug] 4822#0: *27 using configuration "/health"
2026/09/08 08:23:09 [debug] 4822#0: *27 http cl:-1 max:1048576
2026/09/08 08:23:09 [debug] 4822#0: *27 rewrite phase: 2
2026/09/08 08:23:09 [debug] 4822#0: *27 http set discard body
2026/09/08 08:23:09 [debug] 4822#0: *27 HTTP/1.1 200 OK
Server: nginx/1.29.1
Date: Tue, 08 Sep 2026 08:23:09 GMT
Content-Type: text/plain
Content-Length: 3
Connection: keep-alive

2026/09/08 08:23:09 [debug] 4822#0: *27 write new buf t:1 f:0 0000565383954B70, pos 0000565383954B70, size: 147 file: 0, size: 0
2026/09/08 08:23:09 [debug] 4822#0: *27 http write filter: l:0 f:0 s:147
2026/09/08 08:23:09 [debug] 4822#0: *27 http output filter "/health?"
2026/09/08 08:23:09 [debug] 4822#0: *27 http copy filter: "/health?"
2026/09/08 08:23:09 [debug] 4822#0: *27 http postpone filter "/health?" 00007FFDE8CEC8C0
2026/09/08 08:23:09 [debug] 4822#0: *27 write old buf t:1 f:0 0000565383954B70, pos 0000565383954B70, size: 147 file: 0, size: 0
2026/09/08 08:23:09 [debug] 4822#0: *27 write new buf t:0 f:0 0000000000000000, pos 000056538395D2C3, size: 3 file: 0, size: 0
2026/09/08 08:23:09 [debug] 4822#0: *27 http write filter: l:1 f:0 s:150
2026/09/08 08:23:09 [debug] 4822#0: *27 http write filter limit 2097152
2026/09/08 08:23:09 [debug] 4822#0: *27 writev: 150 of 150
2026/09/08 08:23:09 [debug] 4822#0: *27 http write filter 0000000000000000
2026/09/08 08:23:09 [debug] 4822#0: *27 http copy filter: 0 "/health?"
2026/09/08 08:23:09 [debug] 4822#0: *27 http finalize request: 0, "/health?" a:1, c:1
2026/09/08 08:23:09 [debug] 4822#0: *27 set http keepalive handler
2026/09/08 08:23:09 [debug] 4822#0: *27 http close request
2026/09/08 08:23:09 [debug] 4822#0: *27 http log handler
2026/09/08 08:23:09 [debug] 4822#0: *27 free: 0000565383953D20, unused: 2
2026/09/08 08:23:09 [debug] 4822#0: *27 free: 00005653839494E0, unused: 2944
2026/09/08 08:23:09 [debug] 4822#0: *27 free: 0000565383944510
2026/09/08 08:23:09 [debug] 4822#0: *27 hc free: 0000000000000000
2026/09/08 08:23:09 [debug] 4822#0: *27 hc busy: 0000000000000000 0
2026/09/08 08:23:09 [debug] 4822#0: *27 tcp_nodelay
2026/09/08 08:23:09 [debug] 4822#0: *27 reusable connection: 1
2026/09/08 08:23:09 [debug] 4822#0: *27 event timer add: 3: 75000:3385020
2026/09/08 08:23:09 [debug] 4822#0: timer delta: 0
2026/09/08 08:23:09 [debug] 4822#0: worker cycle
2026/09/08 08:23:09 [debug] 4822#0: epoll timer: 75000
2026/09/08 08:23:09 [debug] 4822#0: epoll: fd:3 ev:2001 d:00007F3CDF0B31D1
2026/09/08 08:23:09 [debug] 4822#0: *27 http keepalive handler
2026/09/08 08:23:09 [debug] 4822#0: *27 malloc: 0000565383944510:1024
2026/09/08 08:23:09 [debug] 4822#0: *27 recv: eof:1, avail:-1
2026/09/08 08:23:09 [debug] 4822#0: *27 recv: fd:3 0 of 1024
2026/09/08 08:23:09 [info] 4822#0: *27 client 127.0.0.1 closed keepalive connection
2026/09/08 08:23:09 [debug] 4822#0: *27 close http connection: 3
2026/09/08 08:23:09 [debug] 4822#0: *27 event timer del: 3: 3385020
2026/09/08 08:23:09 [debug] 4822#0: *27 reusable connection: 0
2026/09/08 08:23:09 [debug] 4822#0: *27 free: 0000565383944510
2026/09/08 08:23:09 [debug] 4822#0: *27 free: 00005653839452A0, unused: 144
2026/09/08 08:23:09 [debug] 4822#0: timer delta: 3
2026/09/08 08:23:09 [debug] 4822#0: worker cycle
2026/09/08 08:23:09 [debug] 4822#0: epoll timer: -1
2026/09/08 08:23:09 [debug] 4822#0: epoll: fd:6 ev:0001 d:00007F3CDF0B3010
2026/09/08 08:23:09 [debug] 4822#0: accept on 0.0.0.0:8080, ready: 0
2026/09/08 08:23:09 [debug] 4822#0: posix_memalign: 00005653839452A0:512 @16
2026/09/08 08:23:09 [debug] 4822#0: *28 accept: 127.0.0.1:39492 fd:3
2026/09/08 08:23:09 [debug] 4822#0: *28 event timer add: 3: 60000:3370036
2026/09/08 08:23:09 [debug] 4822#0: *28 reusable connection: 1
2026/09/08 08:23:09 [debug] 4822#0: *28 epoll add event: fd:3 op:1 ev:80002001
2026/09/08 08:23:09 [debug] 4822#0: timer delta: 13
2026/09/08 08:23:09 [debug] 4822#0: worker cycle
2026/09/08 08:23:09 [debug] 4822#0: epoll timer: 60000
2026/09/08 08:23:09 [debug] 4822#0: epoll: fd:3 ev:0001 d:00007F3CDF0B31D0
2026/09/08 08:23:09 [debug] 4822#0: *28 http wait request handler
2026/09/08 08:23:09 [debug] 4822#0: *28 malloc: 0000565383944510:1024
2026/09/08 08:23:09 [debug] 4822#0: *28 recv: eof:0, avail:-1
2026/09/08 08:23:09 [debug] 4822#0: *28 recv: fd:3 84 of 1024
2026/09/08 08:23:09 [debug] 4822#0: *28 reusable connection: 0
2026/09/08 08:23:09 [debug] 4822#0: *28 posix_memalign: 0000565383953D20:4096 @16
2026/09/08 08:23:09 [debug] 4822#0: *28 http process request line
2026/09/08 08:23:09 [debug] 4822#0: *28 http request line: "GET /health HTTP/1.1"
2026/09/08 08:23:09 [debug] 4822#0: *28 http uri: "/health"
2026/09/08 08:23:09 [debug] 4822#0: *28 http args: ""
2026/09/08 08:23:09 [debug] 4822#0: *28 http exten: ""
2026/09/08 08:23:09 [debug] 4822#0: *28 posix_memalign: 00005653839494E0:4096 @16
2026/09/08 08:23:09 [debug] 4822#0: *28 http process request header line
2026/09/08 08:23:09 [debug] 4822#0: *28 http header: "Host: 127.0.0.1:8080"
2026/09/08 08:23:09 [debug] 4822#0: *28 http header: "User-Agent: curl/7.81.0"
2026/09/08 08:23:09 [debug] 4822#0: *28 http header: "Accept: */*"
2026/09/08 08:23:09 [debug] 4822#0: *28 http header done
2026/09/08 08:23:09 [debug] 4822#0: *28 event timer del: 3: 3370036
2026/09/08 08:23:09 [debug] 4822#0: *28 rewrite phase: 0
2026/09/08 08:23:09 [debug] 4822#0: *28 test location: "/static/"
2026/09/08 08:23:09 [debug] 4822#0: *28 test location: "/hello"
2026/09/08 08:23:09 [debug] 4822#0: *28 test location: "/health"
2026/09/08 08:23:09 [debug] 4822#0: *28 using configuration "/health"
2026/09/08 08:23:09 [debug] 4822#0: *28 http cl:-1 max:1048576
2026/09/08 08:23:09 [debug] 4822#0: *28 rewrite phase: 2
2026/09/08 08:23:09 [debug] 4822#0: *28 http set discard body
2026/09/08 08:23:09 [debug] 4822#0: *28 HTTP/1.1 200 OK
Server: nginx/1.29.1
Date: Tue, 08 Sep 2026 08:23:09 GMT
Content-Type: text/plain
Content-Length: 3
Connection: keep-alive

2026/09/08 08:23:09 [debug] 4822#0: *28 write new buf t:1 f:0 0000565383954B70, pos 0000565383954B70, size: 147 file: 0, size: 0
2026/09/08 08:23:09 [debug] 4822#0: *28 http write filter: l:0 f:0 s:147
2026/09/08 08:23:09 [debug] 4822#0: *28 http output filter "/health?"
2026/09/08 08:23:09 [debug] 4822#0: *28 http copy filter: "/health?"
2026/09/08 08:23:09 [debug] 4822#0: *28 http postpone filter "/health?" 00007FFDE8CEC8C0
2026/09/08 08:23:09 [debug] 4822#0: *28 write old buf t:1 f:0 0000565383954B70, pos 0000565383954B70, size: 147 file: 0, size: 0
2026/09/08 08:23:09 [debug] 4822#0: *28 write new buf t:0 f:0 0000000000000000, pos 000056538395D2C3, size: 3 file: 0, size: 0
2026/09/08 08:23:09 [debug] 4822#0: *28 http write filter: l:1 f:0 s:150
2026/09/08 08:23:09 [debug] 4822#0: *28 http write filter limit 2097152
2026/09/08 08:23:09 [debug] 4822#0: *28 writev: 150 of 150
2026/09/08 08:23:09 [debug] 4822#0: *28 http write filter 0000000000000000
2026/09/08 08:23:09 [debug] 4822#0: *28 http copy filter: 0 "/health?"
2026/09/08 08:23:09 [debug] 4822#0: *28 http finalize request: 0, "/health?" a:1, c:1
2026/09/08 08:23:09 [debug] 4822#0: *28 set http keepalive handler
2026/09/08 08:23:09 [debug] 4822#0: *28 http close request
2026/09/08 08:23:09 [debug] 4822#0: *28 http log handler
2026/09/08 08:23:09 [debug] 4822#0: *28 free: 0000565383953D20, unused: 2
2026/09/08 08:23:09 [debug] 4822#0: *28 free: 00005653839494E0, unused: 2944
2026/09/08 08:23:09 [debug] 4822#0: *28 free: 0000565383944510
2026/09/08 08:23:09 [debug] 4822#0: *28 hc free: 0000000000000000
2026/09/08 08:23:09 [debug] 4822#0: *28 hc busy: 0000000000000000 0
2026/09/08 08:23:09 [debug] 4822#0: *28 tcp_nodelay
2026/09/08 08:23:09 [debug] 4822#0: *28 reusable connection: 1
2026/09/08 08:23:09 [debug] 4822#0: *28 event timer add: 3: 75000:3385036
2026/09/08 08:23:09 [debug] 4822#0: timer delta: 0
2026/09/08 08:23:09 [debug] 4822#0: worker cycle
2026/09/08 08:23:09 [debug] 4822#0: epoll timer: 75000
2026/09/08 08:23:09 [debug] 4822#0: epoll: fd:3 ev:2001 d:00007F3CDF0B31D0
2026/09/08 08:23:09 [debug] 4822#0: *28 http keepalive handler
2026/09/08 08:23:09 [debug] 4822#0: *28 malloc: 0000565383944510:1024
2026/09/08 08:23:09 [debug] 4822#0: *28 recv: eof:1, avail:-1
2026/09/08 08:23:09 [debug] 4822#0: *28 recv: fd:3 0 of 1024
2026/09/08 08:23:09 [info] 4822#0: *28 client 127.0.0.1 closed keepalive connection
2026/09/08 08:23:09 [debug] 4822#0: *28 close http connection: 3
2026/09/08 08:23:09 [debug] 4822#0: *28 event timer del: 3: 3385036
2026/09/08 08:23:09 [debug] 4822#0: *28 reusable connection: 0
2026/09/08 08:23:09 [debug] 4822#0: *28 free: 0000565383944510
2026/09/08 08:23:09 [debug] 4822#0: *28 free: 00005653839452A0, unused: 144
2026/09/08 08:23:09 [debug] 4822#0: timer delta: 2
2026/09/08 08:23:09 [debug] 4822#0: worker cycle
2026/09/08 08:23:09 [debug] 4822#0: epoll timer: -1
2026/09/08 08:23:09 [debug] 4822#0: epoll: fd:6 ev:0001 d:00007F3CDF0B3010
2026/09/08 08:23:09 [debug] 4822#0: accept on 0.0.0.0:8080, ready: 0
2026/09/08 08:23:09 [debug] 4822#0: posix_memalign: 00005653839452A0:512 @16
2026/09/08 08:23:09 [debug] 4822#0: *29 accept: 127.0.0.1:39494 fd:3
2026/09/08 08:23:09 [debug] 4822#0: *29 event timer add: 3: 60000:3370050
2026/09/08 08:23:09 [debug] 4822#0: *29 reusable connection: 1
2026/09/08 08:23:09 [debug] 4822#0: *29 epoll add event: fd:3 op:1 ev:80002001
2026/09/08 08:23:09 [debug] 4822#0: timer delta: 12
2026/09/08 08:23:09 [debug] 4822#0: worker cycle
2026/09/08 08:23:09 [debug] 4822#0: epoll timer: 60000
2026/09/08 08:23:09 [debug] 4822#0: epoll: fd:3 ev:0001 d:00007F3CDF0B31D1
2026/09/08 08:23:09 [debug] 4822#0: *29 http wait request handler
2026/09/08 08:23:09 [debug] 4822#0: *29 malloc: 0000565383944510:1024
2026/09/08 08:23:09 [debug] 4822#0: *29 recv: eof:0, avail:-1
2026/09/08 08:23:09 [debug] 4822#0: *29 recv: fd:3 84 of 1024
2026/09/08 08:23:09 [debug] 4822#0: *29 reusable connection: 0
2026/09/08 08:23:09 [debug] 4822#0: *29 posix_memalign: 0000565383953D20:4096 @16
2026/09/08 08:23:09 [debug] 4822#0: *29 http process request line
2026/09/08 08:23:09 [debug] 4822#0: *29 http request line: "GET /health HTTP/1.1"
2026/09/08 08:23:09 [debug] 4822#0: *29 http uri: "/health"
2026/09/08 08:23:09 [debug] 4822#0: *29 http args: ""
2026/09/08 08:23:09 [debug] 4822#0: *29 http exten: ""
2026/09/08 08:23:09 [debug] 4822#0: *29 posix_memalign: 00005653839494E0:4096 @16
2026/09/08 08:23:09 [debug] 4822#0: *29 http process request header line
2026/09/08 08:23:09 [debug] 4822#0: *29 http header: "Host: 127.0.0.1:8080"
2026/09/08 08:23:09 [debug] 4822#0: *29 http header: "User-Agent: curl/7.81.0"
2026/09/08 08:23:09 [debug] 4822#0: *29 http header: "Accept: */*"
2026/09/08 08:23:09 [debug] 4822#0: *29 http header done
2026/09/08 08:23:09 [debug] 4822#0: *29 event timer del: 3: 3370050
2026/09/08 08:23:09 [debug] 4822#0: *29 rewrite phase: 0
2026/09/08 08:23:09 [debug] 4822#0: *29 test location: "/static/"
2026/09/08 08:23:09 [debug] 4822#0: *29 test location: "/hello"
2026/09/08 08:23:09 [debug] 4822#0: *29 test location: "/health"
2026/09/08 08:23:09 [debug] 4822#0: *29 using configuration "/health"
2026/09/08 08:23:09 [debug] 4822#0: *29 http cl:-1 max:1048576
2026/09/08 08:23:09 [debug] 4822#0: *29 rewrite phase: 2
2026/09/08 08:23:09 [debug] 4822#0: *29 http set discard body
2026/09/08 08:23:09 [debug] 4822#0: *29 HTTP/1.1 200 OK
Server: nginx/1.29.1
Date: Tue, 08 Sep 2026 08:23:09 GMT
Content-Type: text/plain
Content-Length: 3
Connection: keep-alive

2026/09/08 08:23:09 [debug] 4822#0: *29 write new buf t:1 f:0 0000565383954B70, pos 0000565383954B70, size: 147 file: 0, size: 0
2026/09/08 08:23:09 [debug] 4822#0: *29 http write filter: l:0 f:0 s:147
2026/09/08 08:23:09 [debug] 4822#0: *29 http output filter "/health?"
2026/09/08 08:23:09 [debug] 4822#0: *29 http copy filter: "/health?"
2026/09/08 08:23:09 [debug] 4822#0: *29 http postpone filter "/health?" 00007FFDE8CEC8C0
2026/09/08 08:23:09 [debug] 4822#0: *29 write old buf t:1 f:0 0000565383954B70, pos 0000565383954B70, size: 147 file: 0, size: 0
2026/09/08 08:23:09 [debug] 4822#0: *29 write new buf t:0 f:0 0000000000000000, pos 000056538395D2C3, size: 3 file: 0, size: 0
2026/09/08 08:23:09 [debug] 4822#0: *29 http write filter: l:1 f:0 s:150
2026/09/08 08:23:09 [debug] 4822#0: *29 http write filter limit 2097152
2026/09/08 08:23:09 [debug] 4822#0: *29 writev: 150 of 150
2026/09/08 08:23:09 [debug] 4822#0: *29 http write filter 0000000000000000
2026/09/08 08:23:09 [debug] 4822#0: *29 http copy filter: 0 "/health?"
2026/09/08 08:23:09 [debug] 4822#0: *29 http finalize request: 0, "/health?" a:1, c:1
2026/09/08 08:23:09 [debug] 4822#0: *29 set http keepalive handler
2026/09/08 08:23:09 [debug] 4822#0: *29 http close request
2026/09/08 08:23:09 [debug] 4822#0: *29 http log handler
2026/09/08 08:23:09 [debug] 4822#0: *29 free: 0000565383953D20, unused: 2
2026/09/08 08:23:09 [debug] 4822#0: *29 free: 00005653839494E0, unused: 2944
2026/09/08 08:23:09 [debug] 4822#0: *29 free: 0000565383944510
2026/09/08 08:23:09 [debug] 4822#0: *29 hc free: 0000000000000000
2026/09/08 08:23:09 [debug] 4822#0: *29 hc busy: 0000000000000000 0
2026/09/08 08:23:09 [debug] 4822#0: *29 tcp_nodelay
2026/09/08 08:23:09 [debug] 4822#0: *29 reusable connection: 1
2026/09/08 08:23:09 [debug] 4822#0: *29 event timer add: 3: 75000:3385050
2026/09/08 08:23:09 [debug] 4822#0: timer delta: 0
2026/09/08 08:23:09 [debug] 4822#0: worker cycle
2026/09/08 08:23:09 [debug] 4822#0: epoll timer: 75000
2026/09/08 08:23:09 [debug] 4822#0: epoll: fd:3 ev:2001 d:00007F3CDF0B31D1
2026/09/08 08:23:09 [debug] 4822#0: *29 http keepalive handler
2026/09/08 08:23:09 [debug] 4822#0: *29 malloc: 0000565383944510:1024
2026/09/08 08:23:09 [debug] 4822#0: *29 recv: eof:1, avail:-1
2026/09/08 08:23:09 [debug] 4822#0: *29 recv: fd:3 0 of 1024
2026/09/08 08:23:09 [info] 4822#0: *29 client 127.0.0.1 closed keepalive connection
2026/09/08 08:23:09 [debug] 4822#0: *29 close http connection: 3
2026/09/08 08:23:09 [debug] 4822#0: *29 event timer del: 3: 3385050
2026/09/08 08:23:09 [debug] 4822#0: *29 reusable connection: 0
2026/09/08 08:23:09 [debug] 4822#0: *29 free: 0000565383944510
2026/09/08 08:23:09 [debug] 4822#0: *29 free: 00005653839452A0, unused: 144
2026/09/08 08:23:09 [debug] 4822#0: timer delta: 3
2026/09/08 08:23:09 [debug] 4822#0: worker cycle
2026/09/08 08:23:09 [debug] 4822#0: epoll timer: -1
2026/09/08 08:23:09 [debug] 4822#0: epoll: fd:6 ev:0001 d:00007F3CDF0B3010
2026/09/08 08:23:09 [debug] 4822#0: accept on 0.0.0.0:8080, ready: 0
2026/09/08 08:23:09 [debug] 4822#0: posix_memalign: 00005653839452A0:512 @16
2026/09/08 08:23:09 [debug] 4822#0: *30 accept: 127.0.0.1:39506 fd:3
2026/09/08 08:23:09 [debug] 4822#0: *30 event timer add: 3: 60000:3370063
2026/09/08 08:23:09 [debug] 4822#0: *30 reusable connection: 1
2026/09/08 08:23:09 [debug] 4822#0: *30 epoll add event: fd:3 op:1 ev:80002001
2026/09/08 08:23:09 [debug] 4822#0: timer delta: 10
2026/09/08 08:23:09 [debug] 4822#0: worker cycle
2026/09/08 08:23:09 [debug] 4822#0: epoll timer: 60000
2026/09/08 08:23:09 [debug] 4822#0: epoll: fd:3 ev:0001 d:00007F3CDF0B31D0
2026/09/08 08:23:09 [debug] 4822#0: *30 http wait request handler
2026/09/08 08:23:09 [debug] 4822#0: *30 malloc: 0000565383944510:1024
2026/09/08 08:23:09 [debug] 4822#0: *30 recv: eof:0, avail:-1
2026/09/08 08:23:09 [debug] 4822#0: *30 recv: fd:3 84 of 1024
2026/09/08 08:23:09 [debug] 4822#0: *30 reusable connection: 0
2026/09/08 08:23:09 [debug] 4822#0: *30 posix_memalign: 0000565383953D20:4096 @16
2026/09/08 08:23:09 [debug] 4822#0: *30 http process request line
2026/09/08 08:23:09 [debug] 4822#0: *30 http request line: "GET /health HTTP/1.1"
2026/09/08 08:23:09 [debug] 4822#0: *30 http uri: "/health"
2026/09/08 08:23:09 [debug] 4822#0: *30 http args: ""
2026/09/08 08:23:09 [debug] 4822#0: *30 http exten: ""
2026/09/08 08:23:09 [debug] 4822#0: *30 posix_memalign: 00005653839494E0:4096 @16
2026/09/08 08:23:09 [debug] 4822#0: *30 http process request header line
2026/09/08 08:23:09 [debug] 4822#0: *30 http header: "Host: 127.0.0.1:8080"
2026/09/08 08:23:09 [debug] 4822#0: *30 http header: "User-Agent: curl/7.81.0"
2026/09/08 08:23:09 [debug] 4822#0: *30 http header: "Accept: */*"
2026/09/08 08:23:09 [debug] 4822#0: *30 http header done
2026/09/08 08:23:09 [debug] 4822#0: *30 event timer del: 3: 3370063
2026/09/08 08:23:09 [debug] 4822#0: *30 rewrite phase: 0
2026/09/08 08:23:09 [debug] 4822#0: *30 test location: "/static/"
2026/09/08 08:23:09 [debug] 4822#0: *30 test location: "/hello"
2026/09/08 08:23:09 [debug] 4822#0: *30 test location: "/health"
2026/09/08 08:23:09 [debug] 4822#0: *30 using configuration "/health"
2026/09/08 08:23:09 [debug] 4822#0: *30 http cl:-1 max:1048576
2026/09/08 08:23:09 [debug] 4822#0: *30 rewrite phase: 2
2026/09/08 08:23:09 [debug] 4822#0: *30 http set discard body
2026/09/08 08:23:09 [debug] 4822#0: *30 HTTP/1.1 200 OK
Server: nginx/1.29.1
Date: Tue, 08 Sep 2026 08:23:09 GMT
Content-Type: text/plain
Content-Length: 3
Connection: keep-alive

2026/09/08 08:23:09 [debug] 4822#0: *30 write new buf t:1 f:0 0000565383954B70, pos 0000565383954B70, size: 147 file: 0, size: 0
2026/09/08 08:23:09 [debug] 4822#0: *30 http write filter: l:0 f:0 s:147
2026/09/08 08:23:09 [debug] 4822#0: *30 http output filter "/health?"
2026/09/08 08:23:09 [debug] 4822#0: *30 http copy filter: "/health?"
2026/09/08 08:23:09 [debug] 4822#0: *30 http postpone filter "/health?" 00007FFDE8CEC8C0
2026/09/08 08:23:09 [debug] 4822#0: *30 write old buf t:1 f:0 0000565383954B70, pos 0000565383954B70, size: 147 file: 0, size: 0
2026/09/08 08:23:09 [debug] 4822#0: *30 write new buf t:0 f:0 0000000000000000, pos 000056538395D2C3, size: 3 file: 0, size: 0
2026/09/08 08:23:09 [debug] 4822#0: *30 http write filter: l:1 f:0 s:150
2026/09/08 08:23:09 [debug] 4822#0: *30 http write filter limit 2097152
2026/09/08 08:23:09 [debug] 4822#0: *30 writev: 150 of 150
2026/09/08 08:23:09 [debug] 4822#0: *30 http write filter 0000000000000000
2026/09/08 08:23:09 [debug] 4822#0: *30 http copy filter: 0 "/health?"
2026/09/08 08:23:09 [debug] 4822#0: *30 http finalize request: 0, "/health?" a:1, c:1
2026/09/08 08:23:09 [debug] 4822#0: *30 set http keepalive handler
2026/09/08 08:23:09 [debug] 4822#0: *30 http close request
2026/09/08 08:23:09 [debug] 4822#0: *30 http log handler
2026/09/08 08:23:09 [debug] 4822#0: *30 free: 0000565383953D20, unused: 2
2026/09/08 08:23:09 [debug] 4822#0: *30 free: 00005653839494E0, unused: 2944
2026/09/08 08:23:09 [debug] 4822#0: *30 free: 0000565383944510
2026/09/08 08:23:09 [debug] 4822#0: *30 hc free: 0000000000000000
2026/09/08 08:23:09 [debug] 4822#0: *30 hc busy: 0000000000000000 0
2026/09/08 08:23:09 [debug] 4822#0: *30 tcp_nodelay
2026/09/08 08:23:09 [debug] 4822#0: *30 reusable connection: 1
2026/09/08 08:23:09 [debug] 4822#0: *30 event timer add: 3: 75000:3385064
2026/09/08 08:23:09 [debug] 4822#0: timer delta: 1
2026/09/08 08:23:09 [debug] 4822#0: worker cycle
2026/09/08 08:23:09 [debug] 4822#0: epoll timer: 75000
2026/09/08 08:23:09 [debug] 4822#0: epoll: fd:3 ev:2001 d:00007F3CDF0B31D0
2026/09/08 08:23:09 [debug] 4822#0: *30 http keepalive handler
2026/09/08 08:23:09 [debug] 4822#0: *30 malloc: 0000565383944510:1024
2026/09/08 08:23:09 [debug] 4822#0: *30 recv: eof:1, avail:-1
2026/09/08 08:23:09 [debug] 4822#0: *30 recv: fd:3 0 of 1024
2026/09/08 08:23:09 [info] 4822#0: *30 client 127.0.0.1 closed keepalive connection
2026/09/08 08:23:09 [debug] 4822#0: *30 close http connection: 3
2026/09/08 08:23:09 [debug] 4822#0: *30 event timer del: 3: 3385064
2026/09/08 08:23:09 [debug] 4822#0: *30 reusable connection: 0
2026/09/08 08:23:09 [debug] 4822#0: *30 free: 0000565383944510
2026/09/08 08:23:09 [debug] 4822#0: *30 free: 00005653839452A0, unused: 144
2026/09/08 08:23:09 [debug] 4822#0: timer delta: 3
2026/09/08 08:23:09 [debug] 4822#0: worker cycle
2026/09/08 08:23:09 [debug] 4822#0: epoll timer: -1
2026/09/08 08:23:09 [debug] 4822#0: epoll: fd:6 ev:0001 d:00007F3CDF0B3010
2026/09/08 08:23:09 [debug] 4822#0: accept on 0.0.0.0:8080, ready: 0
2026/09/08 08:23:09 [debug] 4822#0: posix_memalign: 00005653839452A0:512 @16
2026/09/08 08:23:09 [debug] 4822#0: *31 accept: 127.0.0.1:39516 fd:3
2026/09/08 08:23:09 [debug] 4822#0: *31 event timer add: 3: 60000:3370077
2026/09/08 08:23:09 [debug] 4822#0: *31 reusable connection: 1
2026/09/08 08:23:09 [debug] 4822#0: *31 epoll add event: fd:3 op:1 ev:80002001
2026/09/08 08:23:09 [debug] 4822#0: timer delta: 10
2026/09/08 08:23:09 [debug] 4822#0: worker cycle
2026/09/08 08:23:09 [debug] 4822#0: epoll timer: 60000
2026/09/08 08:23:09 [debug] 4822#0: epoll: fd:3 ev:0001 d:00007F3CDF0B31D1
2026/09/08 08:23:09 [debug] 4822#0: *31 http wait request handler
2026/09/08 08:23:09 [debug] 4822#0: *31 malloc: 0000565383944510:1024
2026/09/08 08:23:09 [debug] 4822#0: *31 recv: eof:0, avail:-1
2026/09/08 08:23:09 [debug] 4822#0: *31 recv: fd:3 84 of 1024
2026/09/08 08:23:09 [debug] 4822#0: *31 reusable connection: 0
2026/09/08 08:23:09 [debug] 4822#0: *31 posix_memalign: 0000565383953D20:4096 @16
2026/09/08 08:23:09 [debug] 4822#0: *31 http process request line
2026/09/08 08:23:09 [debug] 4822#0: *31 http request line: "GET /health HTTP/1.1"
2026/09/08 08:23:09 [debug] 4822#0: *31 http uri: "/health"
2026/09/08 08:23:09 [debug] 4822#0: *31 http args: ""
2026/09/08 08:23:09 [debug] 4822#0: *31 http exten: ""
2026/09/08 08:23:09 [debug] 4822#0: *31 posix_memalign: 00005653839494E0:4096 @16
2026/09/08 08:23:09 [debug] 4822#0: *31 http process request header line
2026/09/08 08:23:09 [debug] 4822#0: *31 http header: "Host: 127.0.0.1:8080"
2026/09/08 08:23:09 [debug] 4822#0: *31 http header: "User-Agent: curl/7.81.0"
2026/09/08 08:23:09 [debug] 4822#0: *31 http header: "Accept: */*"
2026/09/08 08:23:09 [debug] 4822#0: *31 http header done
2026/09/08 08:23:09 [debug] 4822#0: *31 event timer del: 3: 3370077
2026/09/08 08:23:09 [debug] 4822#0: *31 rewrite phase: 0
2026/09/08 08:23:09 [debug] 4822#0: *31 test location: "/static/"
2026/09/08 08:23:09 [debug] 4822#0: *31 test location: "/hello"
2026/09/08 08:23:09 [debug] 4822#0: *31 test location: "/health"
2026/09/08 08:23:09 [debug] 4822#0: *31 using configuration "/health"
2026/09/08 08:23:09 [debug] 4822#0: *31 http cl:-1 max:1048576
2026/09/08 08:23:09 [debug] 4822#0: *31 rewrite phase: 2
2026/09/08 08:23:09 [debug] 4822#0: *31 http set discard body
2026/09/08 08:23:09 [debug] 4822#0: *31 HTTP/1.1 200 OK
Server: nginx/1.29.1
Date: Tue, 08 Sep 2026 08:23:09 GMT
Content-Type: text/plain
Content-Length: 3
Connection: keep-alive

2026/09/08 08:23:09 [debug] 4822#0: *31 write new buf t:1 f:0 0000565383954B70, pos 0000565383954B70, size: 147 file: 0, size: 0
2026/09/08 08:23:09 [debug] 4822#0: *31 http write filter: l:0 f:0 s:147
2026/09/08 08:23:09 [debug] 4822#0: *31 http output filter "/health?"
2026/09/08 08:23:09 [debug] 4822#0: *31 http copy filter: "/health?"
2026/09/08 08:23:09 [debug] 4822#0: *31 http postpone filter "/health?" 00007FFDE8CEC8C0
2026/09/08 08:23:09 [debug] 4822#0: *31 write old buf t:1 f:0 0000565383954B70, pos 0000565383954B70, size: 147 file: 0, size: 0
2026/09/08 08:23:09 [debug] 4822#0: *31 write new buf t:0 f:0 0000000000000000, pos 000056538395D2C3, size: 3 file: 0, size: 0
2026/09/08 08:23:09 [debug] 4822#0: *31 http write filter: l:1 f:0 s:150
2026/09/08 08:23:09 [debug] 4822#0: *31 http write filter limit 2097152
2026/09/08 08:23:09 [debug] 4822#0: *31 writev: 150 of 150
2026/09/08 08:23:09 [debug] 4822#0: *31 http write filter 0000000000000000
2026/09/08 08:23:09 [debug] 4822#0: *31 http copy filter: 0 "/health?"
2026/09/08 08:23:09 [debug] 4822#0: *31 http finalize request: 0, "/health?" a:1, c:1
2026/09/08 08:23:09 [debug] 4822#0: *31 set http keepalive handler
2026/09/08 08:23:09 [debug] 4822#0: *31 http close request
2026/09/08 08:23:09 [debug] 4822#0: *31 http log handler
2026/09/08 08:23:09 [debug] 4822#0: *31 free: 0000565383953D20, unused: 2
2026/09/08 08:23:09 [debug] 4822#0: *31 free: 00005653839494E0, unused: 2944
2026/09/08 08:23:09 [debug] 4822#0: *31 free: 0000565383944510
2026/09/08 08:23:09 [debug] 4822#0: *31 hc free: 0000000000000000
2026/09/08 08:23:09 [debug] 4822#0: *31 hc busy: 0000000000000000 0
2026/09/08 08:23:09 [debug] 4822#0: *31 tcp_nodelay
2026/09/08 08:23:09 [debug] 4822#0: *31 reusable connection: 1
2026/09/08 08:23:09 [debug] 4822#0: *31 event timer add: 3: 75000:3385077
2026/09/08 08:23:09 [debug] 4822#0: timer delta: 0
2026/09/08 08:23:09 [debug] 4822#0: worker cycle
2026/09/08 08:23:09 [debug] 4822#0: epoll timer: 75000
2026/09/08 08:23:09 [debug] 4822#0: epoll: fd:3 ev:2001 d:00007F3CDF0B31D1
2026/09/08 08:23:09 [debug] 4822#0: *31 http keepalive handler
2026/09/08 08:23:09 [debug] 4822#0: *31 malloc: 0000565383944510:1024
2026/09/08 08:23:09 [debug] 4822#0: *31 recv: eof:1, avail:-1
2026/09/08 08:23:09 [debug] 4822#0: *31 recv: fd:3 0 of 1024
2026/09/08 08:23:09 [info] 4822#0: *31 client 127.0.0.1 closed keepalive connection
2026/09/08 08:23:09 [debug] 4822#0: *31 close http connection: 3
2026/09/08 08:23:09 [debug] 4822#0: *31 event timer del: 3: 3385077
2026/09/08 08:23:09 [debug] 4822#0: *31 reusable connection: 0
2026/09/08 08:23:09 [debug] 4822#0: *31 free: 0000565383944510
2026/09/08 08:23:09 [debug] 4822#0: *31 free: 00005653839452A0, unused: 144
2026/09/08 08:23:09 [debug] 4822#0: timer delta: 2
2026/09/08 08:23:09 [debug] 4822#0: worker cycle
2026/09/08 08:23:09 [debug] 4822#0: epoll timer: -1
2026/09/08 08:23:14 [debug] 4822#0: epoll: fd:6 ev:0001 d:00007F3CDF0B3010
2026/09/08 08:23:14 [debug] 4822#0: accept on 0.0.0.0:8080, ready: 0
2026/09/08 08:23:14 [debug] 4822#0: posix_memalign: 00005653839452A0:512 @16
2026/09/08 08:23:14 [debug] 4822#0: *32 accept: 127.0.0.1:36898 fd:3
2026/09/08 08:23:14 [debug] 4822#0: *32 event timer add: 3: 60000:3374659
2026/09/08 08:23:14 [debug] 4822#0: *32 reusable connection: 1
2026/09/08 08:23:14 [debug] 4822#0: *32 epoll add event: fd:3 op:1 ev:80002001
2026/09/08 08:23:14 [debug] 4822#0: timer delta: 4580
2026/09/08 08:23:14 [debug] 4822#0: worker cycle
2026/09/08 08:23:14 [debug] 4822#0: epoll timer: 60000
2026/09/08 08:23:14 [debug] 4822#0: epoll: fd:3 ev:0001 d:00007F3CDF0B31D0
2026/09/08 08:23:14 [debug] 4822#0: *32 http wait request handler
2026/09/08 08:23:14 [debug] 4822#0: *32 malloc: 0000565383944510:1024
2026/09/08 08:23:14 [debug] 4822#0: *32 recv: eof:0, avail:-1
2026/09/08 08:23:14 [debug] 4822#0: *32 recv: fd:3 93 of 1024
2026/09/08 08:23:14 [debug] 4822#0: *32 reusable connection: 0
2026/09/08 08:23:14 [debug] 4822#0: *32 posix_memalign: 0000565383953D20:4096 @16
2026/09/08 08:23:14 [debug] 4822#0: *32 http process request line
2026/09/08 08:23:14 [debug] 4822#0: *32 http request line: "GET /static/test.txt HTTP/1.1"
2026/09/08 08:23:14 [debug] 4822#0: *32 http uri: "/static/test.txt"
2026/09/08 08:23:14 [debug] 4822#0: *32 http args: ""
2026/09/08 08:23:14 [debug] 4822#0: *32 http exten: "txt"
2026/09/08 08:23:14 [debug] 4822#0: *32 posix_memalign: 00005653839494E0:4096 @16
2026/09/08 08:23:14 [debug] 4822#0: *32 http process request header line
2026/09/08 08:23:14 [debug] 4822#0: *32 http header: "Host: 127.0.0.1:8080"
2026/09/08 08:23:14 [debug] 4822#0: *32 http header: "User-Agent: curl/7.81.0"
2026/09/08 08:23:14 [debug] 4822#0: *32 http header: "Accept: */*"
2026/09/08 08:23:14 [debug] 4822#0: *32 http header done
2026/09/08 08:23:14 [debug] 4822#0: *32 event timer del: 3: 3374659
2026/09/08 08:23:14 [debug] 4822#0: *32 rewrite phase: 0
2026/09/08 08:23:14 [debug] 4822#0: *32 test location: "/static/"
2026/09/08 08:23:14 [debug] 4822#0: *32 using configuration "/static/"
2026/09/08 08:23:14 [debug] 4822#0: *32 http cl:-1 max:1048576
2026/09/08 08:23:14 [debug] 4822#0: *32 rewrite phase: 2
2026/09/08 08:23:14 [debug] 4822#0: *32 post rewrite phase: 3
2026/09/08 08:23:14 [debug] 4822#0: *32 generic phase: 4
2026/09/08 08:23:14 [debug] 4822#0: *32 generic phase: 5
2026/09/08 08:23:14 [debug] 4822#0: *32 access phase: 6
2026/09/08 08:23:14 [debug] 4822#0: *32 access phase: 7
2026/09/08 08:23:14 [debug] 4822#0: *32 post access phase: 8
2026/09/08 08:23:14 [debug] 4822#0: *32 generic phase: 9
2026/09/08 08:23:14 [debug] 4822#0: *32 generic phase: 10
2026/09/08 08:23:14 [debug] 4822#0: *32 content phase: 11
2026/09/08 08:23:14 [debug] 4822#0: *32 content phase: 12
2026/09/08 08:23:14 [debug] 4822#0: *32 content phase: 13
2026/09/08 08:23:14 [debug] 4822#0: *32 http filename: "/home/asdf/nginx-issue-983-hostvm/nginx-1.29.1-compile/var/www/static/test.txt"
2026/09/08 08:23:14 [debug] 4822#0: *32 add cleanup: 0000565383954A28
2026/09/08 08:23:14 [debug] 4822#0: *32 http static fd: 10
2026/09/08 08:23:14 [debug] 4822#0: *32 http set discard body
2026/09/08 08:23:14 [debug] 4822#0: *32 HTTP/1.1 200 OK
Server: nginx/1.29.1
Date: Tue, 08 Sep 2026 08:23:14 GMT
Content-Type: text/plain
Content-Length: 23
Last-Modified: Tue, 08 Sep 2026 08:21:03 GMT
Connection: keep-alive
ETag: "6a9fc56f-17"
Accept-Ranges: bytes

2026/09/08 08:23:14 [debug] 4822#0: *32 write new buf t:1 f:0 0000565383954BF0, pos 0000565383954BF0, size: 237 file: 0, size: 0
2026/09/08 08:23:14 [debug] 4822#0: *32 http write filter: l:0 f:0 s:237
2026/09/08 08:23:14 [debug] 4822#0: *32 http output filter "/static/test.txt?"
2026/09/08 08:23:14 [debug] 4822#0: *32 http copy filter: "/static/test.txt?"
2026/09/08 08:23:14 [debug] 4822#0: *32 read: 10, 0000565383949A18, 23, 0
2026/09/08 08:23:14 [debug] 4822#0: *32 http postpone filter "/static/test.txt?" 0000565383954D00
2026/09/08 08:23:14 [debug] 4822#0: *32 write old buf t:1 f:0 0000565383954BF0, pos 0000565383954BF0, size: 237 file: 0, size: 0
2026/09/08 08:23:14 [debug] 4822#0: *32 write new buf t:1 f:0 0000565383949A18, pos 0000565383949A18, size: 23 file: 0, size: 0
2026/09/08 08:23:14 [debug] 4822#0: *32 http write filter: l:1 f:0 s:260
2026/09/08 08:23:14 [debug] 4822#0: *32 http write filter limit 2097152
2026/09/08 08:23:14 [debug] 4822#0: *32 writev: 260 of 260
2026/09/08 08:23:14 [debug] 4822#0: *32 http write filter 0000000000000000
2026/09/08 08:23:14 [debug] 4822#0: *32 http copy filter: 0 "/static/test.txt?"
2026/09/08 08:23:14 [debug] 4822#0: *32 http finalize request: 0, "/static/test.txt?" a:1, c:1
2026/09/08 08:23:14 [debug] 4822#0: *32 set http keepalive handler
2026/09/08 08:23:14 [debug] 4822#0: *32 http close request
2026/09/08 08:23:14 [debug] 4822#0: *32 http log handler
2026/09/08 08:23:14 [debug] 4822#0: *32 run cleanup: 0000565383954A28
2026/09/08 08:23:14 [debug] 4822#0: *32 file cleanup: fd:10
2026/09/08 08:23:14 [debug] 4822#0: *32 free: 0000565383953D20, unused: 0
2026/09/08 08:23:14 [debug] 4822#0: *32 free: 00005653839494E0, unused: 2602
2026/09/08 08:23:14 [debug] 4822#0: *32 free: 0000565383944510
2026/09/08 08:23:14 [debug] 4822#0: *32 hc free: 0000000000000000
2026/09/08 08:23:14 [debug] 4822#0: *32 hc busy: 0000000000000000 0
2026/09/08 08:23:14 [debug] 4822#0: *32 tcp_nodelay
2026/09/08 08:23:14 [debug] 4822#0: *32 reusable connection: 1
2026/09/08 08:23:14 [debug] 4822#0: *32 event timer add: 3: 75000:3389660
2026/09/08 08:23:14 [debug] 4822#0: timer delta: 1
2026/09/08 08:23:14 [debug] 4822#0: worker cycle
2026/09/08 08:23:14 [debug] 4822#0: epoll timer: 75000
2026/09/08 08:23:14 [debug] 4822#0: epoll: fd:3 ev:2001 d:00007F3CDF0B31D0
2026/09/08 08:23:14 [debug] 4822#0: *32 http keepalive handler
2026/09/08 08:23:14 [debug] 4822#0: *32 malloc: 0000565383944510:1024
2026/09/08 08:23:14 [debug] 4822#0: *32 recv: eof:1, avail:-1
2026/09/08 08:23:14 [debug] 4822#0: *32 recv: fd:3 0 of 1024
2026/09/08 08:23:14 [info] 4822#0: *32 client 127.0.0.1 closed keepalive connection
2026/09/08 08:23:14 [debug] 4822#0: *32 close http connection: 3
2026/09/08 08:23:14 [debug] 4822#0: *32 event timer del: 3: 3389660
2026/09/08 08:23:14 [debug] 4822#0: *32 reusable connection: 0
2026/09/08 08:23:14 [debug] 4822#0: *32 free: 0000565383944510
2026/09/08 08:23:14 [debug] 4822#0: *32 free: 00005653839452A0, unused: 144
2026/09/08 08:23:14 [debug] 4822#0: timer delta: 1
2026/09/08 08:23:14 [debug] 4822#0: worker cycle
2026/09/08 08:23:14 [debug] 4822#0: epoll timer: -1
2026/09/08 08:23:14 [debug] 4822#0: epoll: fd:6 ev:0001 d:00007F3CDF0B3010
2026/09/08 08:23:14 [debug] 4822#0: accept on 0.0.0.0:8080, ready: 0
2026/09/08 08:23:14 [debug] 4822#0: posix_memalign: 00005653839452A0:512 @16
2026/09/08 08:23:14 [debug] 4822#0: *33 accept: 127.0.0.1:36908 fd:3
2026/09/08 08:23:14 [debug] 4822#0: *33 event timer add: 3: 60000:3374672
2026/09/08 08:23:14 [debug] 4822#0: *33 reusable connection: 1
2026/09/08 08:23:14 [debug] 4822#0: *33 epoll add event: fd:3 op:1 ev:80002001
2026/09/08 08:23:14 [debug] 4822#0: timer delta: 11
2026/09/08 08:23:14 [debug] 4822#0: worker cycle
2026/09/08 08:23:14 [debug] 4822#0: epoll timer: 60000
2026/09/08 08:23:14 [debug] 4822#0: epoll: fd:3 ev:0001 d:00007F3CDF0B31D1
2026/09/08 08:23:14 [debug] 4822#0: *33 http wait request handler
2026/09/08 08:23:14 [debug] 4822#0: *33 malloc: 0000565383944510:1024
2026/09/08 08:23:14 [debug] 4822#0: *33 recv: eof:0, avail:-1
2026/09/08 08:23:14 [debug] 4822#0: *33 recv: fd:3 93 of 1024
2026/09/08 08:23:14 [debug] 4822#0: *33 reusable connection: 0
2026/09/08 08:23:14 [debug] 4822#0: *33 posix_memalign: 0000565383953D20:4096 @16
2026/09/08 08:23:14 [debug] 4822#0: *33 http process request line
2026/09/08 08:23:14 [debug] 4822#0: *33 http request line: "GET /static/test.txt HTTP/1.1"
2026/09/08 08:23:14 [debug] 4822#0: *33 http uri: "/static/test.txt"
2026/09/08 08:23:14 [debug] 4822#0: *33 http args: ""
2026/09/08 08:23:14 [debug] 4822#0: *33 http exten: "txt"
2026/09/08 08:23:14 [debug] 4822#0: *33 posix_memalign: 00005653839494E0:4096 @16
2026/09/08 08:23:14 [debug] 4822#0: *33 http process request header line
2026/09/08 08:23:14 [debug] 4822#0: *33 http header: "Host: 127.0.0.1:8080"
2026/09/08 08:23:14 [debug] 4822#0: *33 http header: "User-Agent: curl/7.81.0"
2026/09/08 08:23:14 [debug] 4822#0: *33 http header: "Accept: */*"
2026/09/08 08:23:14 [debug] 4822#0: *33 http header done
2026/09/08 08:23:14 [debug] 4822#0: *33 event timer del: 3: 3374672
2026/09/08 08:23:14 [debug] 4822#0: *33 rewrite phase: 0
2026/09/08 08:23:14 [debug] 4822#0: *33 test location: "/static/"
2026/09/08 08:23:14 [debug] 4822#0: *33 using configuration "/static/"
2026/09/08 08:23:14 [debug] 4822#0: *33 http cl:-1 max:1048576
2026/09/08 08:23:14 [debug] 4822#0: *33 rewrite phase: 2
2026/09/08 08:23:14 [debug] 4822#0: *33 post rewrite phase: 3
2026/09/08 08:23:14 [debug] 4822#0: *33 generic phase: 4
2026/09/08 08:23:14 [debug] 4822#0: *33 generic phase: 5
2026/09/08 08:23:14 [debug] 4822#0: *33 access phase: 6
2026/09/08 08:23:14 [debug] 4822#0: *33 access phase: 7
2026/09/08 08:23:14 [debug] 4822#0: *33 post access phase: 8
2026/09/08 08:23:14 [debug] 4822#0: *33 generic phase: 9
2026/09/08 08:23:14 [debug] 4822#0: *33 generic phase: 10
2026/09/08 08:23:14 [debug] 4822#0: *33 content phase: 11
2026/09/08 08:23:14 [debug] 4822#0: *33 content phase: 12
2026/09/08 08:23:14 [debug] 4822#0: *33 content phase: 13
2026/09/08 08:23:14 [debug] 4822#0: *33 http filename: "/home/asdf/nginx-issue-983-hostvm/nginx-1.29.1-compile/var/www/static/test.txt"
2026/09/08 08:23:14 [debug] 4822#0: *33 add cleanup: 0000565383954A28
2026/09/08 08:23:14 [debug] 4822#0: *33 http static fd: 10
2026/09/08 08:23:14 [debug] 4822#0: *33 http set discard body
2026/09/08 08:23:14 [debug] 4822#0: *33 HTTP/1.1 200 OK
Server: nginx/1.29.1
Date: Tue, 08 Sep 2026 08:23:14 GMT
Content-Type: text/plain
Content-Length: 23
Last-Modified: Tue, 08 Sep 2026 08:21:03 GMT
Connection: keep-alive
ETag: "6a9fc56f-17"
Accept-Ranges: bytes

2026/09/08 08:23:14 [debug] 4822#0: *33 write new buf t:1 f:0 0000565383954BF0, pos 0000565383954BF0, size: 237 file: 0, size: 0
2026/09/08 08:23:14 [debug] 4822#0: *33 http write filter: l:0 f:0 s:237
2026/09/08 08:23:14 [debug] 4822#0: *33 http output filter "/static/test.txt?"
2026/09/08 08:23:14 [debug] 4822#0: *33 http copy filter: "/static/test.txt?"
2026/09/08 08:23:14 [debug] 4822#0: *33 read: 10, 0000565383949A18, 23, 0
2026/09/08 08:23:14 [debug] 4822#0: *33 http postpone filter "/static/test.txt?" 0000565383954D00
2026/09/08 08:23:14 [debug] 4822#0: *33 write old buf t:1 f:0 0000565383954BF0, pos 0000565383954BF0, size: 237 file: 0, size: 0
2026/09/08 08:23:14 [debug] 4822#0: *33 write new buf t:1 f:0 0000565383949A18, pos 0000565383949A18, size: 23 file: 0, size: 0
2026/09/08 08:23:14 [debug] 4822#0: *33 http write filter: l:1 f:0 s:260
2026/09/08 08:23:14 [debug] 4822#0: *33 http write filter limit 2097152
2026/09/08 08:23:14 [debug] 4822#0: *33 writev: 260 of 260
2026/09/08 08:23:14 [debug] 4822#0: *33 http write filter 0000000000000000
2026/09/08 08:23:14 [debug] 4822#0: *33 http copy filter: 0 "/static/test.txt?"
2026/09/08 08:23:14 [debug] 4822#0: *33 http finalize request: 0, "/static/test.txt?" a:1, c:1
2026/09/08 08:23:14 [debug] 4822#0: *33 set http keepalive handler
2026/09/08 08:23:14 [debug] 4822#0: *33 http close request
2026/09/08 08:23:14 [debug] 4822#0: *33 http log handler
2026/09/08 08:23:14 [debug] 4822#0: *33 run cleanup: 0000565383954A28
2026/09/08 08:23:14 [debug] 4822#0: *33 file cleanup: fd:10
2026/09/08 08:23:14 [debug] 4822#0: *33 free: 0000565383953D20, unused: 0
2026/09/08 08:23:14 [debug] 4822#0: *33 free: 00005653839494E0, unused: 2602
2026/09/08 08:23:14 [debug] 4822#0: *33 free: 0000565383944510
2026/09/08 08:23:14 [debug] 4822#0: *33 hc free: 0000000000000000
2026/09/08 08:23:14 [debug] 4822#0: *33 hc busy: 0000000000000000 0
2026/09/08 08:23:14 [debug] 4822#0: *33 tcp_nodelay
2026/09/08 08:23:14 [debug] 4822#0: *33 reusable connection: 1
2026/09/08 08:23:14 [debug] 4822#0: *33 event timer add: 3: 75000:3389672
2026/09/08 08:23:14 [debug] 4822#0: timer delta: 0
2026/09/08 08:23:14 [debug] 4822#0: worker cycle
2026/09/08 08:23:14 [debug] 4822#0: epoll timer: 75000
2026/09/08 08:23:14 [debug] 4822#0: epoll: fd:3 ev:2001 d:00007F3CDF0B31D1
2026/09/08 08:23:14 [debug] 4822#0: *33 http keepalive handler
2026/09/08 08:23:14 [debug] 4822#0: *33 malloc: 0000565383944510:1024
2026/09/08 08:23:14 [debug] 4822#0: *33 recv: eof:1, avail:-1
2026/09/08 08:23:14 [debug] 4822#0: *33 recv: fd:3 0 of 1024
2026/09/08 08:23:14 [info] 4822#0: *33 client 127.0.0.1 closed keepalive connection
2026/09/08 08:23:14 [debug] 4822#0: *33 close http connection: 3
2026/09/08 08:23:14 [debug] 4822#0: *33 event timer del: 3: 3389672
2026/09/08 08:23:14 [debug] 4822#0: *33 reusable connection: 0
2026/09/08 08:23:14 [debug] 4822#0: *33 free: 0000565383944510
2026/09/08 08:23:14 [debug] 4822#0: *33 free: 00005653839452A0, unused: 144
2026/09/08 08:23:14 [debug] 4822#0: timer delta: 2
2026/09/08 08:23:14 [debug] 4822#0: worker cycle
2026/09/08 08:23:14 [debug] 4822#0: epoll timer: -1
2026/09/08 08:23:14 [debug] 4822#0: epoll: fd:6 ev:0001 d:00007F3CDF0B3010
2026/09/08 08:23:14 [debug] 4822#0: accept on 0.0.0.0:8080, ready: 0
2026/09/08 08:23:14 [debug] 4822#0: posix_memalign: 00005653839452A0:512 @16
2026/09/08 08:23:14 [debug] 4822#0: *34 accept: 127.0.0.1:36924 fd:3
2026/09/08 08:23:14 [debug] 4822#0: *34 event timer add: 3: 60000:3374685
2026/09/08 08:23:14 [debug] 4822#0: *34 reusable connection: 1
2026/09/08 08:23:14 [debug] 4822#0: *34 epoll add event: fd:3 op:1 ev:80002001
2026/09/08 08:23:14 [debug] 4822#0: timer delta: 11
2026/09/08 08:23:14 [debug] 4822#0: worker cycle
2026/09/08 08:23:14 [debug] 4822#0: epoll timer: 60000
2026/09/08 08:23:14 [debug] 4822#0: epoll: fd:3 ev:0001 d:00007F3CDF0B31D0
2026/09/08 08:23:14 [debug] 4822#0: *34 http wait request handler
2026/09/08 08:23:14 [debug] 4822#0: *34 malloc: 0000565383944510:1024
2026/09/08 08:23:14 [debug] 4822#0: *34 recv: eof:0, avail:-1
2026/09/08 08:23:14 [debug] 4822#0: *34 recv: fd:3 93 of 1024
2026/09/08 08:23:14 [debug] 4822#0: *34 reusable connection: 0
2026/09/08 08:23:14 [debug] 4822#0: *34 posix_memalign: 0000565383953D20:4096 @16
2026/09/08 08:23:14 [debug] 4822#0: *34 http process request line
2026/09/08 08:23:14 [debug] 4822#0: *34 http request line: "GET /static/test.txt HTTP/1.1"
2026/09/08 08:23:14 [debug] 4822#0: *34 http uri: "/static/test.txt"
2026/09/08 08:23:14 [debug] 4822#0: *34 http args: ""
2026/09/08 08:23:14 [debug] 4822#0: *34 http exten: "txt"
2026/09/08 08:23:14 [debug] 4822#0: *34 posix_memalign: 00005653839494E0:4096 @16
2026/09/08 08:23:14 [debug] 4822#0: *34 http process request header line
2026/09/08 08:23:14 [debug] 4822#0: *34 http header: "Host: 127.0.0.1:8080"
2026/09/08 08:23:14 [debug] 4822#0: *34 http header: "User-Agent: curl/7.81.0"
2026/09/08 08:23:14 [debug] 4822#0: *34 http header: "Accept: */*"
2026/09/08 08:23:14 [debug] 4822#0: *34 http header done
2026/09/08 08:23:14 [debug] 4822#0: *34 event timer del: 3: 3374685
2026/09/08 08:23:14 [debug] 4822#0: *34 rewrite phase: 0
2026/09/08 08:23:14 [debug] 4822#0: *34 test location: "/static/"
2026/09/08 08:23:14 [debug] 4822#0: *34 using configuration "/static/"
2026/09/08 08:23:14 [debug] 4822#0: *34 http cl:-1 max:1048576
2026/09/08 08:23:14 [debug] 4822#0: *34 rewrite phase: 2
2026/09/08 08:23:14 [debug] 4822#0: *34 post rewrite phase: 3
2026/09/08 08:23:14 [debug] 4822#0: *34 generic phase: 4
2026/09/08 08:23:14 [debug] 4822#0: *34 generic phase: 5
2026/09/08 08:23:14 [debug] 4822#0: *34 access phase: 6
2026/09/08 08:23:14 [debug] 4822#0: *34 access phase: 7
2026/09/08 08:23:14 [debug] 4822#0: *34 post access phase: 8
2026/09/08 08:23:14 [debug] 4822#0: *34 generic phase: 9
2026/09/08 08:23:14 [debug] 4822#0: *34 generic phase: 10
2026/09/08 08:23:14 [debug] 4822#0: *34 content phase: 11
2026/09/08 08:23:14 [debug] 4822#0: *34 content phase: 12
2026/09/08 08:23:14 [debug] 4822#0: *34 content phase: 13
2026/09/08 08:23:14 [debug] 4822#0: *34 http filename: "/home/asdf/nginx-issue-983-hostvm/nginx-1.29.1-compile/var/www/static/test.txt"
2026/09/08 08:23:14 [debug] 4822#0: *34 add cleanup: 0000565383954A28
2026/09/08 08:23:14 [debug] 4822#0: *34 http static fd: 10
2026/09/08 08:23:14 [debug] 4822#0: *34 http set discard body
2026/09/08 08:23:14 [debug] 4822#0: *34 HTTP/1.1 200 OK
Server: nginx/1.29.1
Date: Tue, 08 Sep 2026 08:23:14 GMT
Content-Type: text/plain
Content-Length: 23
Last-Modified: Tue, 08 Sep 2026 08:21:03 GMT
Connection: keep-alive
ETag: "6a9fc56f-17"
Accept-Ranges: bytes

2026/09/08 08:23:14 [debug] 4822#0: *34 write new buf t:1 f:0 0000565383954BF0, pos 0000565383954BF0, size: 237 file: 0, size: 0
2026/09/08 08:23:14 [debug] 4822#0: *34 http write filter: l:0 f:0 s:237
2026/09/08 08:23:14 [debug] 4822#0: *34 http output filter "/static/test.txt?"
2026/09/08 08:23:14 [debug] 4822#0: *34 http copy filter: "/static/test.txt?"
2026/09/08 08:23:14 [debug] 4822#0: *34 read: 10, 0000565383949A18, 23, 0
2026/09/08 08:23:14 [debug] 4822#0: *34 http postpone filter "/static/test.txt?" 0000565383954D00
2026/09/08 08:23:14 [debug] 4822#0: *34 write old buf t:1 f:0 0000565383954BF0, pos 0000565383954BF0, size: 237 file: 0, size: 0
2026/09/08 08:23:14 [debug] 4822#0: *34 write new buf t:1 f:0 0000565383949A18, pos 0000565383949A18, size: 23 file: 0, size: 0
2026/09/08 08:23:14 [debug] 4822#0: *34 http write filter: l:1 f:0 s:260
2026/09/08 08:23:14 [debug] 4822#0: *34 http write filter limit 2097152
2026/09/08 08:23:14 [debug] 4822#0: *34 writev: 260 of 260
2026/09/08 08:23:14 [debug] 4822#0: *34 http write filter 0000000000000000
2026/09/08 08:23:14 [debug] 4822#0: *34 http copy filter: 0 "/static/test.txt?"
2026/09/08 08:23:14 [debug] 4822#0: *34 http finalize request: 0, "/static/test.txt?" a:1, c:1
2026/09/08 08:23:14 [debug] 4822#0: *34 set http keepalive handler
2026/09/08 08:23:14 [debug] 4822#0: *34 http close request
2026/09/08 08:23:14 [debug] 4822#0: *34 http log handler
2026/09/08 08:23:14 [debug] 4822#0: *34 run cleanup: 0000565383954A28
2026/09/08 08:23:14 [debug] 4822#0: *34 file cleanup: fd:10
2026/09/08 08:23:14 [debug] 4822#0: *34 free: 0000565383953D20, unused: 0
2026/09/08 08:23:14 [debug] 4822#0: *34 free: 00005653839494E0, unused: 2602
2026/09/08 08:23:14 [debug] 4822#0: *34 free: 0000565383944510
2026/09/08 08:23:14 [debug] 4822#0: *34 hc free: 0000000000000000
2026/09/08 08:23:14 [debug] 4822#0: *34 hc busy: 0000000000000000 0
2026/09/08 08:23:14 [debug] 4822#0: *34 tcp_nodelay
2026/09/08 08:23:14 [debug] 4822#0: *34 reusable connection: 1
2026/09/08 08:23:14 [debug] 4822#0: *34 event timer add: 3: 75000:3389685
2026/09/08 08:23:14 [debug] 4822#0: timer delta: 0
2026/09/08 08:23:14 [debug] 4822#0: worker cycle
2026/09/08 08:23:14 [debug] 4822#0: epoll timer: 75000
2026/09/08 08:23:14 [debug] 4822#0: epoll: fd:3 ev:2001 d:00007F3CDF0B31D0
2026/09/08 08:23:14 [debug] 4822#0: *34 http keepalive handler
2026/09/08 08:23:14 [debug] 4822#0: *34 malloc: 0000565383944510:1024
2026/09/08 08:23:14 [debug] 4822#0: *34 recv: eof:1, avail:-1
2026/09/08 08:23:14 [debug] 4822#0: *34 recv: fd:3 0 of 1024
2026/09/08 08:23:14 [info] 4822#0: *34 client 127.0.0.1 closed keepalive connection
2026/09/08 08:23:14 [debug] 4822#0: *34 close http connection: 3
2026/09/08 08:23:14 [debug] 4822#0: *34 event timer del: 3: 3389685
2026/09/08 08:23:14 [debug] 4822#0: *34 reusable connection: 0
2026/09/08 08:23:14 [debug] 4822#0: *34 free: 0000565383944510
2026/09/08 08:23:14 [debug] 4822#0: *34 free: 00005653839452A0, unused: 144
2026/09/08 08:23:14 [debug] 4822#0: timer delta: 3
2026/09/08 08:23:14 [debug] 4822#0: worker cycle
2026/09/08 08:23:14 [debug] 4822#0: epoll timer: -1
2026/09/08 08:23:14 [debug] 4822#0: epoll: fd:6 ev:0001 d:00007F3CDF0B3010
2026/09/08 08:23:14 [debug] 4822#0: accept on 0.0.0.0:8080, ready: 0
2026/09/08 08:23:14 [debug] 4822#0: posix_memalign: 00005653839452A0:512 @16
2026/09/08 08:23:14 [debug] 4822#0: *35 accept: 127.0.0.1:36940 fd:3
2026/09/08 08:23:14 [debug] 4822#0: *35 event timer add: 3: 60000:3374699
2026/09/08 08:23:14 [debug] 4822#0: *35 reusable connection: 1
2026/09/08 08:23:14 [debug] 4822#0: *35 epoll add event: fd:3 op:1 ev:80002001
2026/09/08 08:23:14 [debug] 4822#0: timer delta: 11
2026/09/08 08:23:14 [debug] 4822#0: worker cycle
2026/09/08 08:23:14 [debug] 4822#0: epoll timer: 60000
2026/09/08 08:23:14 [debug] 4822#0: epoll: fd:3 ev:0001 d:00007F3CDF0B31D1
2026/09/08 08:23:14 [debug] 4822#0: *35 http wait request handler
2026/09/08 08:23:14 [debug] 4822#0: *35 malloc: 0000565383944510:1024
2026/09/08 08:23:14 [debug] 4822#0: *35 recv: eof:0, avail:-1
2026/09/08 08:23:14 [debug] 4822#0: *35 recv: fd:3 93 of 1024
2026/09/08 08:23:14 [debug] 4822#0: *35 reusable connection: 0
2026/09/08 08:23:14 [debug] 4822#0: *35 posix_memalign: 0000565383953D20:4096 @16
2026/09/08 08:23:14 [debug] 4822#0: *35 http process request line
2026/09/08 08:23:14 [debug] 4822#0: *35 http request line: "GET /static/test.txt HTTP/1.1"
2026/09/08 08:23:14 [debug] 4822#0: *35 http uri: "/static/test.txt"
2026/09/08 08:23:14 [debug] 4822#0: *35 http args: ""
2026/09/08 08:23:14 [debug] 4822#0: *35 http exten: "txt"
2026/09/08 08:23:14 [debug] 4822#0: *35 posix_memalign: 00005653839494E0:4096 @16
2026/09/08 08:23:14 [debug] 4822#0: *35 http process request header line
2026/09/08 08:23:14 [debug] 4822#0: *35 http header: "Host: 127.0.0.1:8080"
2026/09/08 08:23:14 [debug] 4822#0: *35 http header: "User-Agent: curl/7.81.0"
2026/09/08 08:23:14 [debug] 4822#0: *35 http header: "Accept: */*"
2026/09/08 08:23:14 [debug] 4822#0: *35 http header done
2026/09/08 08:23:14 [debug] 4822#0: *35 event timer del: 3: 3374699
2026/09/08 08:23:14 [debug] 4822#0: *35 rewrite phase: 0
2026/09/08 08:23:14 [debug] 4822#0: *35 test location: "/static/"
2026/09/08 08:23:14 [debug] 4822#0: *35 using configuration "/static/"
2026/09/08 08:23:14 [debug] 4822#0: *35 http cl:-1 max:1048576
2026/09/08 08:23:14 [debug] 4822#0: *35 rewrite phase: 2
2026/09/08 08:23:14 [debug] 4822#0: *35 post rewrite phase: 3
2026/09/08 08:23:14 [debug] 4822#0: *35 generic phase: 4
2026/09/08 08:23:14 [debug] 4822#0: *35 generic phase: 5
2026/09/08 08:23:14 [debug] 4822#0: *35 access phase: 6
2026/09/08 08:23:14 [debug] 4822#0: *35 access phase: 7
2026/09/08 08:23:14 [debug] 4822#0: *35 post access phase: 8
2026/09/08 08:23:14 [debug] 4822#0: *35 generic phase: 9
2026/09/08 08:23:14 [debug] 4822#0: *35 generic phase: 10
2026/09/08 08:23:14 [debug] 4822#0: *35 content phase: 11
2026/09/08 08:23:14 [debug] 4822#0: *35 content phase: 12
2026/09/08 08:23:14 [debug] 4822#0: *35 content phase: 13
2026/09/08 08:23:14 [debug] 4822#0: *35 http filename: "/home/asdf/nginx-issue-983-hostvm/nginx-1.29.1-compile/var/www/static/test.txt"
2026/09/08 08:23:14 [debug] 4822#0: *35 add cleanup: 0000565383954A28
2026/09/08 08:23:14 [debug] 4822#0: *35 http static fd: 10
2026/09/08 08:23:14 [debug] 4822#0: *35 http set discard body
2026/09/08 08:23:14 [debug] 4822#0: *35 HTTP/1.1 200 OK
Server: nginx/1.29.1
Date: Tue, 08 Sep 2026 08:23:14 GMT
Content-Type: text/plain
Content-Length: 23
Last-Modified: Tue, 08 Sep 2026 08:21:03 GMT
Connection: keep-alive
ETag: "6a9fc56f-17"
Accept-Ranges: bytes

2026/09/08 08:23:14 [debug] 4822#0: *35 write new buf t:1 f:0 0000565383954BF0, pos 0000565383954BF0, size: 237 file: 0, size: 0
2026/09/08 08:23:14 [debug] 4822#0: *35 http write filter: l:0 f:0 s:237
2026/09/08 08:23:14 [debug] 4822#0: *35 http output filter "/static/test.txt?"
2026/09/08 08:23:14 [debug] 4822#0: *35 http copy filter: "/static/test.txt?"
2026/09/08 08:23:14 [debug] 4822#0: *35 read: 10, 0000565383949A18, 23, 0
2026/09/08 08:23:14 [debug] 4822#0: *35 http postpone filter "/static/test.txt?" 0000565383954D00
2026/09/08 08:23:14 [debug] 4822#0: *35 write old buf t:1 f:0 0000565383954BF0, pos 0000565383954BF0, size: 237 file: 0, size: 0
2026/09/08 08:23:14 [debug] 4822#0: *35 write new buf t:1 f:0 0000565383949A18, pos 0000565383949A18, size: 23 file: 0, size: 0
2026/09/08 08:23:14 [debug] 4822#0: *35 http write filter: l:1 f:0 s:260
2026/09/08 08:23:14 [debug] 4822#0: *35 http write filter limit 2097152
2026/09/08 08:23:14 [debug] 4822#0: *35 writev: 260 of 260
2026/09/08 08:23:14 [debug] 4822#0: *35 http write filter 0000000000000000
2026/09/08 08:23:14 [debug] 4822#0: *35 http copy filter: 0 "/static/test.txt?"
2026/09/08 08:23:14 [debug] 4822#0: *35 http finalize request: 0, "/static/test.txt?" a:1, c:1
2026/09/08 08:23:14 [debug] 4822#0: *35 set http keepalive handler
2026/09/08 08:23:14 [debug] 4822#0: *35 http close request
2026/09/08 08:23:14 [debug] 4822#0: *35 http log handler
2026/09/08 08:23:14 [debug] 4822#0: *35 run cleanup: 0000565383954A28
2026/09/08 08:23:14 [debug] 4822#0: *35 file cleanup: fd:10
2026/09/08 08:23:14 [debug] 4822#0: *35 free: 0000565383953D20, unused: 0
2026/09/08 08:23:14 [debug] 4822#0: *35 free: 00005653839494E0, unused: 2602
2026/09/08 08:23:14 [debug] 4822#0: *35 free: 0000565383944510
2026/09/08 08:23:14 [debug] 4822#0: *35 hc free: 0000000000000000
2026/09/08 08:23:14 [debug] 4822#0: *35 hc busy: 0000000000000000 0
2026/09/08 08:23:14 [debug] 4822#0: *35 tcp_nodelay
2026/09/08 08:23:14 [debug] 4822#0: *35 reusable connection: 1
2026/09/08 08:23:14 [debug] 4822#0: *35 event timer add: 3: 75000:3389700
2026/09/08 08:23:14 [debug] 4822#0: timer delta: 1
2026/09/08 08:23:14 [debug] 4822#0: worker cycle
2026/09/08 08:23:14 [debug] 4822#0: epoll timer: 75000
2026/09/08 08:23:14 [debug] 4822#0: epoll: fd:3 ev:2001 d:00007F3CDF0B31D1
2026/09/08 08:23:14 [debug] 4822#0: *35 http keepalive handler
2026/09/08 08:23:14 [debug] 4822#0: *35 malloc: 0000565383944510:1024
2026/09/08 08:23:14 [debug] 4822#0: *35 recv: eof:1, avail:-1
2026/09/08 08:23:14 [debug] 4822#0: *35 recv: fd:3 0 of 1024
2026/09/08 08:23:14 [info] 4822#0: *35 client 127.0.0.1 closed keepalive connection
2026/09/08 08:23:14 [debug] 4822#0: *35 close http connection: 3
2026/09/08 08:23:14 [debug] 4822#0: *35 event timer del: 3: 3389700
2026/09/08 08:23:14 [debug] 4822#0: *35 reusable connection: 0
2026/09/08 08:23:14 [debug] 4822#0: *35 free: 0000565383944510
2026/09/08 08:23:14 [debug] 4822#0: *35 free: 00005653839452A0, unused: 144
2026/09/08 08:23:14 [debug] 4822#0: timer delta: 3
2026/09/08 08:23:14 [debug] 4822#0: worker cycle
2026/09/08 08:23:14 [debug] 4822#0: epoll timer: -1
2026/09/08 08:23:14 [debug] 4822#0: epoll: fd:6 ev:0001 d:00007F3CDF0B3010
2026/09/08 08:23:14 [debug] 4822#0: accept on 0.0.0.0:8080, ready: 0
2026/09/08 08:23:14 [debug] 4822#0: posix_memalign: 00005653839452A0:512 @16
2026/09/08 08:23:14 [debug] 4822#0: *36 accept: 127.0.0.1:36954 fd:3
2026/09/08 08:23:14 [debug] 4822#0: *36 event timer add: 3: 60000:3374711
2026/09/08 08:23:14 [debug] 4822#0: *36 reusable connection: 1
2026/09/08 08:23:14 [debug] 4822#0: *36 epoll add event: fd:3 op:1 ev:80002001
2026/09/08 08:23:14 [debug] 4822#0: timer delta: 8
2026/09/08 08:23:14 [debug] 4822#0: worker cycle
2026/09/08 08:23:14 [debug] 4822#0: epoll timer: 60000
2026/09/08 08:23:14 [debug] 4822#0: epoll: fd:3 ev:0001 d:00007F3CDF0B31D0
2026/09/08 08:23:14 [debug] 4822#0: *36 http wait request handler
2026/09/08 08:23:14 [debug] 4822#0: *36 malloc: 0000565383944510:1024
2026/09/08 08:23:14 [debug] 4822#0: *36 recv: eof:0, avail:-1
2026/09/08 08:23:14 [debug] 4822#0: *36 recv: fd:3 93 of 1024
2026/09/08 08:23:14 [debug] 4822#0: *36 reusable connection: 0
2026/09/08 08:23:14 [debug] 4822#0: *36 posix_memalign: 0000565383953D20:4096 @16
2026/09/08 08:23:14 [debug] 4822#0: *36 http process request line
2026/09/08 08:23:14 [debug] 4822#0: *36 http request line: "GET /static/test.txt HTTP/1.1"
2026/09/08 08:23:14 [debug] 4822#0: *36 http uri: "/static/test.txt"
2026/09/08 08:23:14 [debug] 4822#0: *36 http args: ""
2026/09/08 08:23:14 [debug] 4822#0: *36 http exten: "txt"
2026/09/08 08:23:14 [debug] 4822#0: *36 posix_memalign: 00005653839494E0:4096 @16
2026/09/08 08:23:14 [debug] 4822#0: *36 http process request header line
2026/09/08 08:23:14 [debug] 4822#0: *36 http header: "Host: 127.0.0.1:8080"
2026/09/08 08:23:14 [debug] 4822#0: *36 http header: "User-Agent: curl/7.81.0"
2026/09/08 08:23:14 [debug] 4822#0: *36 http header: "Accept: */*"
2026/09/08 08:23:14 [debug] 4822#0: *36 http header done
2026/09/08 08:23:14 [debug] 4822#0: *36 event timer del: 3: 3374711
2026/09/08 08:23:14 [debug] 4822#0: *36 rewrite phase: 0
2026/09/08 08:23:14 [debug] 4822#0: *36 test location: "/static/"
2026/09/08 08:23:14 [debug] 4822#0: *36 using configuration "/static/"
2026/09/08 08:23:14 [debug] 4822#0: *36 http cl:-1 max:1048576
2026/09/08 08:23:14 [debug] 4822#0: *36 rewrite phase: 2
2026/09/08 08:23:14 [debug] 4822#0: *36 post rewrite phase: 3
2026/09/08 08:23:14 [debug] 4822#0: *36 generic phase: 4
2026/09/08 08:23:14 [debug] 4822#0: *36 generic phase: 5
2026/09/08 08:23:14 [debug] 4822#0: *36 access phase: 6
2026/09/08 08:23:14 [debug] 4822#0: *36 access phase: 7
2026/09/08 08:23:14 [debug] 4822#0: *36 post access phase: 8
2026/09/08 08:23:14 [debug] 4822#0: *36 generic phase: 9
2026/09/08 08:23:14 [debug] 4822#0: *36 generic phase: 10
2026/09/08 08:23:14 [debug] 4822#0: *36 content phase: 11
2026/09/08 08:23:14 [debug] 4822#0: *36 content phase: 12
2026/09/08 08:23:14 [debug] 4822#0: *36 content phase: 13
2026/09/08 08:23:14 [debug] 4822#0: *36 http filename: "/home/asdf/nginx-issue-983-hostvm/nginx-1.29.1-compile/var/www/static/test.txt"
2026/09/08 08:23:14 [debug] 4822#0: *36 add cleanup: 0000565383954A28
2026/09/08 08:23:14 [debug] 4822#0: *36 http static fd: 10
2026/09/08 08:23:14 [debug] 4822#0: *36 http set discard body
2026/09/08 08:23:14 [debug] 4822#0: *36 HTTP/1.1 200 OK
Server: nginx/1.29.1
Date: Tue, 08 Sep 2026 08:23:14 GMT
Content-Type: text/plain
Content-Length: 23
Last-Modified: Tue, 08 Sep 2026 08:21:03 GMT
Connection: keep-alive
ETag: "6a9fc56f-17"
Accept-Ranges: bytes

2026/09/08 08:23:14 [debug] 4822#0: *36 write new buf t:1 f:0 0000565383954BF0, pos 0000565383954BF0, size: 237 file: 0, size: 0
2026/09/08 08:23:14 [debug] 4822#0: *36 http write filter: l:0 f:0 s:237
2026/09/08 08:23:14 [debug] 4822#0: *36 http output filter "/static/test.txt?"
2026/09/08 08:23:14 [debug] 4822#0: *36 http copy filter: "/static/test.txt?"
2026/09/08 08:23:14 [debug] 4822#0: *36 read: 10, 0000565383949A18, 23, 0
2026/09/08 08:23:14 [debug] 4822#0: *36 http postpone filter "/static/test.txt?" 0000565383954D00
2026/09/08 08:23:14 [debug] 4822#0: *36 write old buf t:1 f:0 0000565383954BF0, pos 0000565383954BF0, size: 237 file: 0, size: 0
2026/09/08 08:23:14 [debug] 4822#0: *36 write new buf t:1 f:0 0000565383949A18, pos 0000565383949A18, size: 23 file: 0, size: 0
2026/09/08 08:23:14 [debug] 4822#0: *36 http write filter: l:1 f:0 s:260
2026/09/08 08:23:14 [debug] 4822#0: *36 http write filter limit 2097152
2026/09/08 08:23:14 [debug] 4822#0: *36 writev: 260 of 260
2026/09/08 08:23:14 [debug] 4822#0: *36 http write filter 0000000000000000
2026/09/08 08:23:14 [debug] 4822#0: *36 http copy filter: 0 "/static/test.txt?"
2026/09/08 08:23:14 [debug] 4822#0: *36 http finalize request: 0, "/static/test.txt?" a:1, c:1
2026/09/08 08:23:14 [debug] 4822#0: *36 set http keepalive handler
2026/09/08 08:23:14 [debug] 4822#0: *36 http close request
2026/09/08 08:23:14 [debug] 4822#0: *36 http log handler
2026/09/08 08:23:14 [debug] 4822#0: *36 run cleanup: 0000565383954A28
2026/09/08 08:23:14 [debug] 4822#0: *36 file cleanup: fd:10
2026/09/08 08:23:14 [debug] 4822#0: *36 free: 0000565383953D20, unused: 0
2026/09/08 08:23:14 [debug] 4822#0: *36 free: 00005653839494E0, unused: 2602
2026/09/08 08:23:14 [debug] 4822#0: *36 free: 0000565383944510
2026/09/08 08:23:14 [debug] 4822#0: *36 hc free: 0000000000000000
2026/09/08 08:23:14 [debug] 4822#0: *36 hc busy: 0000000000000000 0
2026/09/08 08:23:14 [debug] 4822#0: *36 tcp_nodelay
2026/09/08 08:23:14 [debug] 4822#0: *36 reusable connection: 1
2026/09/08 08:23:14 [debug] 4822#0: *36 event timer add: 3: 75000:3389712
2026/09/08 08:23:14 [debug] 4822#0: timer delta: 1
2026/09/08 08:23:14 [debug] 4822#0: worker cycle
2026/09/08 08:23:14 [debug] 4822#0: epoll timer: 75000
2026/09/08 08:23:14 [debug] 4822#0: epoll: fd:3 ev:2001 d:00007F3CDF0B31D0
2026/09/08 08:23:14 [debug] 4822#0: *36 http keepalive handler
2026/09/08 08:23:14 [debug] 4822#0: *36 malloc: 0000565383944510:1024
2026/09/08 08:23:14 [debug] 4822#0: *36 recv: eof:1, avail:-1
2026/09/08 08:23:14 [debug] 4822#0: *36 recv: fd:3 0 of 1024
2026/09/08 08:23:14 [info] 4822#0: *36 client 127.0.0.1 closed keepalive connection
2026/09/08 08:23:14 [debug] 4822#0: *36 close http connection: 3
2026/09/08 08:23:14 [debug] 4822#0: *36 event timer del: 3: 3389712
2026/09/08 08:23:14 [debug] 4822#0: *36 reusable connection: 0
2026/09/08 08:23:14 [debug] 4822#0: *36 free: 0000565383944510
2026/09/08 08:23:14 [debug] 4822#0: *36 free: 00005653839452A0, unused: 144
2026/09/08 08:23:14 [debug] 4822#0: timer delta: 2
2026/09/08 08:23:14 [debug] 4822#0: worker cycle
2026/09/08 08:23:14 [debug] 4822#0: epoll timer: -1
2026/09/08 08:23:14 [debug] 4822#0: epoll: fd:6 ev:0001 d:00007F3CDF0B3010
2026/09/08 08:23:14 [debug] 4822#0: accept on 0.0.0.0:8080, ready: 0
2026/09/08 08:23:14 [debug] 4822#0: posix_memalign: 00005653839452A0:512 @16
2026/09/08 08:23:14 [debug] 4822#0: *37 accept: 127.0.0.1:36968 fd:3
2026/09/08 08:23:14 [debug] 4822#0: *37 event timer add: 3: 60000:3374723
2026/09/08 08:23:14 [debug] 4822#0: *37 reusable connection: 1
2026/09/08 08:23:14 [debug] 4822#0: *37 epoll add event: fd:3 op:1 ev:80002001
2026/09/08 08:23:14 [debug] 4822#0: timer delta: 9
2026/09/08 08:23:14 [debug] 4822#0: worker cycle
2026/09/08 08:23:14 [debug] 4822#0: epoll timer: 60000
2026/09/08 08:23:14 [debug] 4822#0: epoll: fd:3 ev:0001 d:00007F3CDF0B31D1
2026/09/08 08:23:14 [debug] 4822#0: *37 http wait request handler
2026/09/08 08:23:14 [debug] 4822#0: *37 malloc: 0000565383944510:1024
2026/09/08 08:23:14 [debug] 4822#0: *37 recv: eof:0, avail:-1
2026/09/08 08:23:14 [debug] 4822#0: *37 recv: fd:3 93 of 1024
2026/09/08 08:23:14 [debug] 4822#0: *37 reusable connection: 0
2026/09/08 08:23:14 [debug] 4822#0: *37 posix_memalign: 0000565383953D20:4096 @16
2026/09/08 08:23:14 [debug] 4822#0: *37 http process request line
2026/09/08 08:23:14 [debug] 4822#0: *37 http request line: "GET /static/test.txt HTTP/1.1"
2026/09/08 08:23:14 [debug] 4822#0: *37 http uri: "/static/test.txt"
2026/09/08 08:23:14 [debug] 4822#0: *37 http args: ""
2026/09/08 08:23:14 [debug] 4822#0: *37 http exten: "txt"
2026/09/08 08:23:14 [debug] 4822#0: *37 posix_memalign: 00005653839494E0:4096 @16
2026/09/08 08:23:14 [debug] 4822#0: *37 http process request header line
2026/09/08 08:23:14 [debug] 4822#0: *37 http header: "Host: 127.0.0.1:8080"
2026/09/08 08:23:14 [debug] 4822#0: *37 http header: "User-Agent: curl/7.81.0"
2026/09/08 08:23:14 [debug] 4822#0: *37 http header: "Accept: */*"
2026/09/08 08:23:14 [debug] 4822#0: *37 http header done
2026/09/08 08:23:14 [debug] 4822#0: *37 event timer del: 3: 3374723
2026/09/08 08:23:14 [debug] 4822#0: *37 rewrite phase: 0
2026/09/08 08:23:14 [debug] 4822#0: *37 test location: "/static/"
2026/09/08 08:23:14 [debug] 4822#0: *37 using configuration "/static/"
2026/09/08 08:23:14 [debug] 4822#0: *37 http cl:-1 max:1048576
2026/09/08 08:23:14 [debug] 4822#0: *37 rewrite phase: 2
2026/09/08 08:23:14 [debug] 4822#0: *37 post rewrite phase: 3
2026/09/08 08:23:14 [debug] 4822#0: *37 generic phase: 4
2026/09/08 08:23:14 [debug] 4822#0: *37 generic phase: 5
2026/09/08 08:23:14 [debug] 4822#0: *37 access phase: 6
2026/09/08 08:23:14 [debug] 4822#0: *37 access phase: 7
2026/09/08 08:23:14 [debug] 4822#0: *37 post access phase: 8
2026/09/08 08:23:14 [debug] 4822#0: *37 generic phase: 9
2026/09/08 08:23:14 [debug] 4822#0: *37 generic phase: 10
2026/09/08 08:23:14 [debug] 4822#0: *37 content phase: 11
2026/09/08 08:23:14 [debug] 4822#0: *37 content phase: 12
2026/09/08 08:23:14 [debug] 4822#0: *37 content phase: 13
2026/09/08 08:23:14 [debug] 4822#0: *37 http filename: "/home/asdf/nginx-issue-983-hostvm/nginx-1.29.1-compile/var/www/static/test.txt"
2026/09/08 08:23:14 [debug] 4822#0: *37 add cleanup: 0000565383954A28
2026/09/08 08:23:14 [debug] 4822#0: *37 http static fd: 10
2026/09/08 08:23:14 [debug] 4822#0: *37 http set discard body
2026/09/08 08:23:14 [debug] 4822#0: *37 HTTP/1.1 200 OK
Server: nginx/1.29.1
Date: Tue, 08 Sep 2026 08:23:14 GMT
Content-Type: text/plain
Content-Length: 23
Last-Modified: Tue, 08 Sep 2026 08:21:03 GMT
Connection: keep-alive
ETag: "6a9fc56f-17"
Accept-Ranges: bytes

2026/09/08 08:23:14 [debug] 4822#0: *37 write new buf t:1 f:0 0000565383954BF0, pos 0000565383954BF0, size: 237 file: 0, size: 0
2026/09/08 08:23:14 [debug] 4822#0: *37 http write filter: l:0 f:0 s:237
2026/09/08 08:23:14 [debug] 4822#0: *37 http output filter "/static/test.txt?"
2026/09/08 08:23:14 [debug] 4822#0: *37 http copy filter: "/static/test.txt?"
2026/09/08 08:23:14 [debug] 4822#0: *37 read: 10, 0000565383949A18, 23, 0
2026/09/08 08:23:14 [debug] 4822#0: *37 http postpone filter "/static/test.txt?" 0000565383954D00
2026/09/08 08:23:14 [debug] 4822#0: *37 write old buf t:1 f:0 0000565383954BF0, pos 0000565383954BF0, size: 237 file: 0, size: 0
2026/09/08 08:23:14 [debug] 4822#0: *37 write new buf t:1 f:0 0000565383949A18, pos 0000565383949A18, size: 23 file: 0, size: 0
2026/09/08 08:23:14 [debug] 4822#0: *37 http write filter: l:1 f:0 s:260
2026/09/08 08:23:14 [debug] 4822#0: *37 http write filter limit 2097152
2026/09/08 08:23:14 [debug] 4822#0: *37 writev: 260 of 260
2026/09/08 08:23:14 [debug] 4822#0: *37 http write filter 0000000000000000
2026/09/08 08:23:14 [debug] 4822#0: *37 http copy filter: 0 "/static/test.txt?"
2026/09/08 08:23:14 [debug] 4822#0: *37 http finalize request: 0, "/static/test.txt?" a:1, c:1
2026/09/08 08:23:14 [debug] 4822#0: *37 set http keepalive handler
2026/09/08 08:23:14 [debug] 4822#0: *37 http close request
2026/09/08 08:23:14 [debug] 4822#0: *37 http log handler
2026/09/08 08:23:14 [debug] 4822#0: *37 run cleanup: 0000565383954A28
2026/09/08 08:23:14 [debug] 4822#0: *37 file cleanup: fd:10
2026/09/08 08:23:14 [debug] 4822#0: *37 free: 0000565383953D20, unused: 0
2026/09/08 08:23:14 [debug] 4822#0: *37 free: 00005653839494E0, unused: 2602
2026/09/08 08:23:14 [debug] 4822#0: *37 free: 0000565383944510
2026/09/08 08:23:14 [debug] 4822#0: *37 hc free: 0000000000000000
2026/09/08 08:23:14 [debug] 4822#0: *37 hc busy: 0000000000000000 0
2026/09/08 08:23:14 [debug] 4822#0: *37 tcp_nodelay
2026/09/08 08:23:14 [debug] 4822#0: *37 reusable connection: 1
2026/09/08 08:23:14 [debug] 4822#0: *37 event timer add: 3: 75000:3389723
2026/09/08 08:23:14 [debug] 4822#0: timer delta: 0
2026/09/08 08:23:14 [debug] 4822#0: worker cycle
2026/09/08 08:23:14 [debug] 4822#0: epoll timer: 75000
2026/09/08 08:23:14 [debug] 4822#0: epoll: fd:3 ev:2001 d:00007F3CDF0B31D1
2026/09/08 08:23:14 [debug] 4822#0: *37 http keepalive handler
2026/09/08 08:23:14 [debug] 4822#0: *37 malloc: 0000565383944510:1024
2026/09/08 08:23:14 [debug] 4822#0: *37 recv: eof:1, avail:-1
2026/09/08 08:23:14 [debug] 4822#0: *37 recv: fd:3 0 of 1024
2026/09/08 08:23:14 [info] 4822#0: *37 client 127.0.0.1 closed keepalive connection
2026/09/08 08:23:14 [debug] 4822#0: *37 close http connection: 3
2026/09/08 08:23:14 [debug] 4822#0: *37 event timer del: 3: 3389723
2026/09/08 08:23:14 [debug] 4822#0: *37 reusable connection: 0
2026/09/08 08:23:14 [debug] 4822#0: *37 free: 0000565383944510
2026/09/08 08:23:14 [debug] 4822#0: *37 free: 00005653839452A0, unused: 144
2026/09/08 08:23:14 [debug] 4822#0: timer delta: 1
2026/09/08 08:23:14 [debug] 4822#0: worker cycle
2026/09/08 08:23:14 [debug] 4822#0: epoll timer: -1
2026/09/08 08:23:14 [debug] 4822#0: epoll: fd:6 ev:0001 d:00007F3CDF0B3010
2026/09/08 08:23:14 [debug] 4822#0: accept on 0.0.0.0:8080, ready: 0
2026/09/08 08:23:14 [debug] 4822#0: posix_memalign: 00005653839452A0:512 @16
2026/09/08 08:23:14 [debug] 4822#0: *38 accept: 127.0.0.1:36980 fd:3
2026/09/08 08:23:14 [debug] 4822#0: *38 event timer add: 3: 60000:3374735
2026/09/08 08:23:14 [debug] 4822#0: *38 reusable connection: 1
2026/09/08 08:23:14 [debug] 4822#0: *38 epoll add event: fd:3 op:1 ev:80002001
2026/09/08 08:23:14 [debug] 4822#0: timer delta: 11
2026/09/08 08:23:14 [debug] 4822#0: worker cycle
2026/09/08 08:23:14 [debug] 4822#0: epoll timer: 60000
2026/09/08 08:23:14 [debug] 4822#0: epoll: fd:3 ev:0001 d:00007F3CDF0B31D0
2026/09/08 08:23:14 [debug] 4822#0: *38 http wait request handler
2026/09/08 08:23:14 [debug] 4822#0: *38 malloc: 0000565383944510:1024
2026/09/08 08:23:14 [debug] 4822#0: *38 recv: eof:0, avail:-1
2026/09/08 08:23:14 [debug] 4822#0: *38 recv: fd:3 93 of 1024
2026/09/08 08:23:14 [debug] 4822#0: *38 reusable connection: 0
2026/09/08 08:23:14 [debug] 4822#0: *38 posix_memalign: 0000565383953D20:4096 @16
2026/09/08 08:23:14 [debug] 4822#0: *38 http process request line
2026/09/08 08:23:14 [debug] 4822#0: *38 http request line: "GET /static/test.txt HTTP/1.1"
2026/09/08 08:23:14 [debug] 4822#0: *38 http uri: "/static/test.txt"
2026/09/08 08:23:14 [debug] 4822#0: *38 http args: ""
2026/09/08 08:23:14 [debug] 4822#0: *38 http exten: "txt"
2026/09/08 08:23:14 [debug] 4822#0: *38 posix_memalign: 00005653839494E0:4096 @16
2026/09/08 08:23:14 [debug] 4822#0: *38 http process request header line
2026/09/08 08:23:14 [debug] 4822#0: *38 http header: "Host: 127.0.0.1:8080"
2026/09/08 08:23:14 [debug] 4822#0: *38 http header: "User-Agent: curl/7.81.0"
2026/09/08 08:23:14 [debug] 4822#0: *38 http header: "Accept: */*"
2026/09/08 08:23:14 [debug] 4822#0: *38 http header done
2026/09/08 08:23:14 [debug] 4822#0: *38 event timer del: 3: 3374735
2026/09/08 08:23:14 [debug] 4822#0: *38 rewrite phase: 0
2026/09/08 08:23:14 [debug] 4822#0: *38 test location: "/static/"
2026/09/08 08:23:14 [debug] 4822#0: *38 using configuration "/static/"
2026/09/08 08:23:14 [debug] 4822#0: *38 http cl:-1 max:1048576
2026/09/08 08:23:14 [debug] 4822#0: *38 rewrite phase: 2
2026/09/08 08:23:14 [debug] 4822#0: *38 post rewrite phase: 3
2026/09/08 08:23:14 [debug] 4822#0: *38 generic phase: 4
2026/09/08 08:23:14 [debug] 4822#0: *38 generic phase: 5
2026/09/08 08:23:14 [debug] 4822#0: *38 access phase: 6
2026/09/08 08:23:14 [debug] 4822#0: *38 access phase: 7
2026/09/08 08:23:14 [debug] 4822#0: *38 post access phase: 8
2026/09/08 08:23:14 [debug] 4822#0: *38 generic phase: 9
2026/09/08 08:23:14 [debug] 4822#0: *38 generic phase: 10
2026/09/08 08:23:14 [debug] 4822#0: *38 content phase: 11
2026/09/08 08:23:14 [debug] 4822#0: *38 content phase: 12
2026/09/08 08:23:14 [debug] 4822#0: *38 content phase: 13
2026/09/08 08:23:14 [debug] 4822#0: *38 http filename: "/home/asdf/nginx-issue-983-hostvm/nginx-1.29.1-compile/var/www/static/test.txt"
2026/09/08 08:23:14 [debug] 4822#0: *38 add cleanup: 0000565383954A28
2026/09/08 08:23:14 [debug] 4822#0: *38 http static fd: 10
2026/09/08 08:23:14 [debug] 4822#0: *38 http set discard body
2026/09/08 08:23:14 [debug] 4822#0: *38 HTTP/1.1 200 OK
Server: nginx/1.29.1
Date: Tue, 08 Sep 2026 08:23:14 GMT
Content-Type: text/plain
Content-Length: 23
Last-Modified: Tue, 08 Sep 2026 08:21:03 GMT
Connection: keep-alive
ETag: "6a9fc56f-17"
Accept-Ranges: bytes

2026/09/08 08:23:14 [debug] 4822#0: *38 write new buf t:1 f:0 0000565383954BF0, pos 0000565383954BF0, size: 237 file: 0, size: 0
2026/09/08 08:23:14 [debug] 4822#0: *38 http write filter: l:0 f:0 s:237
2026/09/08 08:23:14 [debug] 4822#0: *38 http output filter "/static/test.txt?"
2026/09/08 08:23:14 [debug] 4822#0: *38 http copy filter: "/static/test.txt?"
2026/09/08 08:23:14 [debug] 4822#0: *38 read: 10, 0000565383949A18, 23, 0
2026/09/08 08:23:14 [debug] 4822#0: *38 http postpone filter "/static/test.txt?" 0000565383954D00
2026/09/08 08:23:14 [debug] 4822#0: *38 write old buf t:1 f:0 0000565383954BF0, pos 0000565383954BF0, size: 237 file: 0, size: 0
2026/09/08 08:23:14 [debug] 4822#0: *38 write new buf t:1 f:0 0000565383949A18, pos 0000565383949A18, size: 23 file: 0, size: 0
2026/09/08 08:23:14 [debug] 4822#0: *38 http write filter: l:1 f:0 s:260
2026/09/08 08:23:14 [debug] 4822#0: *38 http write filter limit 2097152
2026/09/08 08:23:14 [debug] 4822#0: *38 writev: 260 of 260
2026/09/08 08:23:14 [debug] 4822#0: *38 http write filter 0000000000000000
2026/09/08 08:23:14 [debug] 4822#0: *38 http copy filter: 0 "/static/test.txt?"
2026/09/08 08:23:14 [debug] 4822#0: *38 http finalize request: 0, "/static/test.txt?" a:1, c:1
2026/09/08 08:23:14 [debug] 4822#0: *38 set http keepalive handler
2026/09/08 08:23:14 [debug] 4822#0: *38 http close request
2026/09/08 08:23:14 [debug] 4822#0: *38 http log handler
2026/09/08 08:23:14 [debug] 4822#0: *38 run cleanup: 0000565383954A28
2026/09/08 08:23:14 [debug] 4822#0: *38 file cleanup: fd:10
2026/09/08 08:23:14 [debug] 4822#0: *38 free: 0000565383953D20, unused: 0
2026/09/08 08:23:14 [debug] 4822#0: *38 free: 00005653839494E0, unused: 2602
2026/09/08 08:23:14 [debug] 4822#0: *38 free: 0000565383944510
2026/09/08 08:23:14 [debug] 4822#0: *38 hc free: 0000000000000000
2026/09/08 08:23:14 [debug] 4822#0: *38 hc busy: 0000000000000000 0
2026/09/08 08:23:14 [debug] 4822#0: *38 tcp_nodelay
2026/09/08 08:23:14 [debug] 4822#0: *38 reusable connection: 1
2026/09/08 08:23:14 [debug] 4822#0: *38 event timer add: 3: 75000:3389735
2026/09/08 08:23:14 [debug] 4822#0: timer delta: 0
2026/09/08 08:23:14 [debug] 4822#0: worker cycle
2026/09/08 08:23:14 [debug] 4822#0: epoll timer: 75000
2026/09/08 08:23:14 [debug] 4822#0: epoll: fd:3 ev:2001 d:00007F3CDF0B31D0
2026/09/08 08:23:14 [debug] 4822#0: *38 http keepalive handler
2026/09/08 08:23:14 [debug] 4822#0: *38 malloc: 0000565383944510:1024
2026/09/08 08:23:14 [debug] 4822#0: *38 recv: eof:1, avail:-1
2026/09/08 08:23:14 [debug] 4822#0: *38 recv: fd:3 0 of 1024
2026/09/08 08:23:14 [info] 4822#0: *38 client 127.0.0.1 closed keepalive connection
2026/09/08 08:23:14 [debug] 4822#0: *38 close http connection: 3
2026/09/08 08:23:14 [debug] 4822#0: *38 event timer del: 3: 3389735
2026/09/08 08:23:14 [debug] 4822#0: *38 reusable connection: 0
2026/09/08 08:23:14 [debug] 4822#0: *38 free: 0000565383944510
2026/09/08 08:23:14 [debug] 4822#0: *38 free: 00005653839452A0, unused: 144
2026/09/08 08:23:14 [debug] 4822#0: timer delta: 1
2026/09/08 08:23:14 [debug] 4822#0: worker cycle
2026/09/08 08:23:14 [debug] 4822#0: epoll timer: -1
2026/09/08 08:23:14 [debug] 4822#0: epoll: fd:6 ev:0001 d:00007F3CDF0B3010
2026/09/08 08:23:14 [debug] 4822#0: accept on 0.0.0.0:8080, ready: 0
2026/09/08 08:23:14 [debug] 4822#0: posix_memalign: 00005653839452A0:512 @16
2026/09/08 08:23:14 [debug] 4822#0: *39 accept: 127.0.0.1:36988 fd:3
2026/09/08 08:23:14 [debug] 4822#0: *39 event timer add: 3: 60000:3374748
2026/09/08 08:23:14 [debug] 4822#0: *39 reusable connection: 1
2026/09/08 08:23:14 [debug] 4822#0: *39 epoll add event: fd:3 op:1 ev:80002001
2026/09/08 08:23:14 [debug] 4822#0: timer delta: 12
2026/09/08 08:23:14 [debug] 4822#0: worker cycle
2026/09/08 08:23:14 [debug] 4822#0: epoll timer: 60000
2026/09/08 08:23:14 [debug] 4822#0: epoll: fd:3 ev:0001 d:00007F3CDF0B31D1
2026/09/08 08:23:14 [debug] 4822#0: *39 http wait request handler
2026/09/08 08:23:14 [debug] 4822#0: *39 malloc: 0000565383944510:1024
2026/09/08 08:23:14 [debug] 4822#0: *39 recv: eof:0, avail:-1
2026/09/08 08:23:14 [debug] 4822#0: *39 recv: fd:3 93 of 1024
2026/09/08 08:23:14 [debug] 4822#0: *39 reusable connection: 0
2026/09/08 08:23:14 [debug] 4822#0: *39 posix_memalign: 0000565383953D20:4096 @16
2026/09/08 08:23:14 [debug] 4822#0: *39 http process request line
2026/09/08 08:23:14 [debug] 4822#0: *39 http request line: "GET /static/test.txt HTTP/1.1"
2026/09/08 08:23:14 [debug] 4822#0: *39 http uri: "/static/test.txt"
2026/09/08 08:23:14 [debug] 4822#0: *39 http args: ""
2026/09/08 08:23:14 [debug] 4822#0: *39 http exten: "txt"
2026/09/08 08:23:14 [debug] 4822#0: *39 posix_memalign: 00005653839494E0:4096 @16
2026/09/08 08:23:14 [debug] 4822#0: *39 http process request header line
2026/09/08 08:23:14 [debug] 4822#0: *39 http header: "Host: 127.0.0.1:8080"
2026/09/08 08:23:14 [debug] 4822#0: *39 http header: "User-Agent: curl/7.81.0"
2026/09/08 08:23:14 [debug] 4822#0: *39 http header: "Accept: */*"
2026/09/08 08:23:14 [debug] 4822#0: *39 http header done
2026/09/08 08:23:14 [debug] 4822#0: *39 event timer del: 3: 3374748
2026/09/08 08:23:14 [debug] 4822#0: *39 rewrite phase: 0
2026/09/08 08:23:14 [debug] 4822#0: *39 test location: "/static/"
2026/09/08 08:23:14 [debug] 4822#0: *39 using configuration "/static/"
2026/09/08 08:23:14 [debug] 4822#0: *39 http cl:-1 max:1048576
2026/09/08 08:23:14 [debug] 4822#0: *39 rewrite phase: 2
2026/09/08 08:23:14 [debug] 4822#0: *39 post rewrite phase: 3
2026/09/08 08:23:14 [debug] 4822#0: *39 generic phase: 4
2026/09/08 08:23:14 [debug] 4822#0: *39 generic phase: 5
2026/09/08 08:23:14 [debug] 4822#0: *39 access phase: 6
2026/09/08 08:23:14 [debug] 4822#0: *39 access phase: 7
2026/09/08 08:23:14 [debug] 4822#0: *39 post access phase: 8
2026/09/08 08:23:14 [debug] 4822#0: *39 generic phase: 9
2026/09/08 08:23:14 [debug] 4822#0: *39 generic phase: 10
2026/09/08 08:23:14 [debug] 4822#0: *39 content phase: 11
2026/09/08 08:23:14 [debug] 4822#0: *39 content phase: 12
2026/09/08 08:23:14 [debug] 4822#0: *39 content phase: 13
2026/09/08 08:23:14 [debug] 4822#0: *39 http filename: "/home/asdf/nginx-issue-983-hostvm/nginx-1.29.1-compile/var/www/static/test.txt"
2026/09/08 08:23:14 [debug] 4822#0: *39 add cleanup: 0000565383954A28
2026/09/08 08:23:14 [debug] 4822#0: *39 http static fd: 10
2026/09/08 08:23:14 [debug] 4822#0: *39 http set discard body
2026/09/08 08:23:14 [debug] 4822#0: *39 HTTP/1.1 200 OK
Server: nginx/1.29.1
Date: Tue, 08 Sep 2026 08:23:14 GMT
Content-Type: text/plain
Content-Length: 23
Last-Modified: Tue, 08 Sep 2026 08:21:03 GMT
Connection: keep-alive
ETag: "6a9fc56f-17"
Accept-Ranges: bytes

2026/09/08 08:23:14 [debug] 4822#0: *39 write new buf t:1 f:0 0000565383954BF0, pos 0000565383954BF0, size: 237 file: 0, size: 0
2026/09/08 08:23:14 [debug] 4822#0: *39 http write filter: l:0 f:0 s:237
2026/09/08 08:23:14 [debug] 4822#0: *39 http output filter "/static/test.txt?"
2026/09/08 08:23:14 [debug] 4822#0: *39 http copy filter: "/static/test.txt?"
2026/09/08 08:23:14 [debug] 4822#0: *39 read: 10, 0000565383949A18, 23, 0
2026/09/08 08:23:14 [debug] 4822#0: *39 http postpone filter "/static/test.txt?" 0000565383954D00
2026/09/08 08:23:14 [debug] 4822#0: *39 write old buf t:1 f:0 0000565383954BF0, pos 0000565383954BF0, size: 237 file: 0, size: 0
2026/09/08 08:23:14 [debug] 4822#0: *39 write new buf t:1 f:0 0000565383949A18, pos 0000565383949A18, size: 23 file: 0, size: 0
2026/09/08 08:23:14 [debug] 4822#0: *39 http write filter: l:1 f:0 s:260
2026/09/08 08:23:14 [debug] 4822#0: *39 http write filter limit 2097152
2026/09/08 08:23:14 [debug] 4822#0: *39 writev: 260 of 260
2026/09/08 08:23:14 [debug] 4822#0: *39 http write filter 0000000000000000
2026/09/08 08:23:14 [debug] 4822#0: *39 http copy filter: 0 "/static/test.txt?"
2026/09/08 08:23:14 [debug] 4822#0: *39 http finalize request: 0, "/static/test.txt?" a:1, c:1
2026/09/08 08:23:14 [debug] 4822#0: *39 set http keepalive handler
2026/09/08 08:23:14 [debug] 4822#0: *39 http close request
2026/09/08 08:23:14 [debug] 4822#0: *39 http log handler
2026/09/08 08:23:14 [debug] 4822#0: *39 run cleanup: 0000565383954A28
2026/09/08 08:23:14 [debug] 4822#0: *39 file cleanup: fd:10
2026/09/08 08:23:14 [debug] 4822#0: *39 free: 0000565383953D20, unused: 0
2026/09/08 08:23:14 [debug] 4822#0: *39 free: 00005653839494E0, unused: 2602
2026/09/08 08:23:14 [debug] 4822#0: *39 free: 0000565383944510
2026/09/08 08:23:14 [debug] 4822#0: *39 hc free: 0000000000000000
2026/09/08 08:23:14 [debug] 4822#0: *39 hc busy: 0000000000000000 0
2026/09/08 08:23:14 [debug] 4822#0: *39 tcp_nodelay
2026/09/08 08:23:14 [debug] 4822#0: *39 reusable connection: 1
2026/09/08 08:23:14 [debug] 4822#0: *39 event timer add: 3: 75000:3389748
2026/09/08 08:23:14 [debug] 4822#0: timer delta: 0
2026/09/08 08:23:14 [debug] 4822#0: worker cycle
2026/09/08 08:23:14 [debug] 4822#0: epoll timer: 75000
2026/09/08 08:23:14 [debug] 4822#0: epoll: fd:3 ev:2001 d:00007F3CDF0B31D1
2026/09/08 08:23:14 [debug] 4822#0: *39 http keepalive handler
2026/09/08 08:23:14 [debug] 4822#0: *39 malloc: 0000565383944510:1024
2026/09/08 08:23:14 [debug] 4822#0: *39 recv: eof:1, avail:-1
2026/09/08 08:23:14 [debug] 4822#0: *39 recv: fd:3 0 of 1024
2026/09/08 08:23:14 [info] 4822#0: *39 client 127.0.0.1 closed keepalive connection
2026/09/08 08:23:14 [debug] 4822#0: *39 close http connection: 3
2026/09/08 08:23:14 [debug] 4822#0: *39 event timer del: 3: 3389748
2026/09/08 08:23:14 [debug] 4822#0: *39 reusable connection: 0
2026/09/08 08:23:14 [debug] 4822#0: *39 free: 0000565383944510
2026/09/08 08:23:14 [debug] 4822#0: *39 free: 00005653839452A0, unused: 144
2026/09/08 08:23:14 [debug] 4822#0: timer delta: 2
2026/09/08 08:23:14 [debug] 4822#0: worker cycle
2026/09/08 08:23:14 [debug] 4822#0: epoll timer: -1
2026/09/08 08:23:14 [debug] 4822#0: epoll: fd:6 ev:0001 d:00007F3CDF0B3010
2026/09/08 08:23:14 [debug] 4822#0: accept on 0.0.0.0:8080, ready: 0
2026/09/08 08:23:14 [debug] 4822#0: posix_memalign: 00005653839452A0:512 @16
2026/09/08 08:23:14 [debug] 4822#0: *40 accept: 127.0.0.1:37004 fd:3
2026/09/08 08:23:14 [debug] 4822#0: *40 event timer add: 3: 60000:3374760
2026/09/08 08:23:14 [debug] 4822#0: *40 reusable connection: 1
2026/09/08 08:23:14 [debug] 4822#0: *40 epoll add event: fd:3 op:1 ev:80002001
2026/09/08 08:23:14 [debug] 4822#0: timer delta: 10
2026/09/08 08:23:14 [debug] 4822#0: worker cycle
2026/09/08 08:23:14 [debug] 4822#0: epoll timer: 60000
2026/09/08 08:23:14 [debug] 4822#0: epoll: fd:3 ev:0001 d:00007F3CDF0B31D0
2026/09/08 08:23:14 [debug] 4822#0: *40 http wait request handler
2026/09/08 08:23:14 [debug] 4822#0: *40 malloc: 0000565383944510:1024
2026/09/08 08:23:14 [debug] 4822#0: *40 recv: eof:0, avail:-1
2026/09/08 08:23:14 [debug] 4822#0: *40 recv: fd:3 93 of 1024
2026/09/08 08:23:14 [debug] 4822#0: *40 reusable connection: 0
2026/09/08 08:23:14 [debug] 4822#0: *40 posix_memalign: 0000565383953D20:4096 @16
2026/09/08 08:23:14 [debug] 4822#0: *40 http process request line
2026/09/08 08:23:14 [debug] 4822#0: *40 http request line: "GET /static/test.txt HTTP/1.1"
2026/09/08 08:23:14 [debug] 4822#0: *40 http uri: "/static/test.txt"
2026/09/08 08:23:14 [debug] 4822#0: *40 http args: ""
2026/09/08 08:23:14 [debug] 4822#0: *40 http exten: "txt"
2026/09/08 08:23:14 [debug] 4822#0: *40 posix_memalign: 00005653839494E0:4096 @16
2026/09/08 08:23:14 [debug] 4822#0: *40 http process request header line
2026/09/08 08:23:14 [debug] 4822#0: *40 http header: "Host: 127.0.0.1:8080"
2026/09/08 08:23:14 [debug] 4822#0: *40 http header: "User-Agent: curl/7.81.0"
2026/09/08 08:23:14 [debug] 4822#0: *40 http header: "Accept: */*"
2026/09/08 08:23:14 [debug] 4822#0: *40 http header done
2026/09/08 08:23:14 [debug] 4822#0: *40 event timer del: 3: 3374760
2026/09/08 08:23:14 [debug] 4822#0: *40 rewrite phase: 0
2026/09/08 08:23:14 [debug] 4822#0: *40 test location: "/static/"
2026/09/08 08:23:14 [debug] 4822#0: *40 using configuration "/static/"
2026/09/08 08:23:14 [debug] 4822#0: *40 http cl:-1 max:1048576
2026/09/08 08:23:14 [debug] 4822#0: *40 rewrite phase: 2
2026/09/08 08:23:14 [debug] 4822#0: *40 post rewrite phase: 3
2026/09/08 08:23:14 [debug] 4822#0: *40 generic phase: 4
2026/09/08 08:23:14 [debug] 4822#0: *40 generic phase: 5
2026/09/08 08:23:14 [debug] 4822#0: *40 access phase: 6
2026/09/08 08:23:14 [debug] 4822#0: *40 access phase: 7
2026/09/08 08:23:14 [debug] 4822#0: *40 post access phase: 8
2026/09/08 08:23:14 [debug] 4822#0: *40 generic phase: 9
2026/09/08 08:23:14 [debug] 4822#0: *40 generic phase: 10
2026/09/08 08:23:14 [debug] 4822#0: *40 content phase: 11
2026/09/08 08:23:14 [debug] 4822#0: *40 content phase: 12
2026/09/08 08:23:14 [debug] 4822#0: *40 content phase: 13
2026/09/08 08:23:14 [debug] 4822#0: *40 http filename: "/home/asdf/nginx-issue-983-hostvm/nginx-1.29.1-compile/var/www/static/test.txt"
2026/09/08 08:23:14 [debug] 4822#0: *40 add cleanup: 0000565383954A28
2026/09/08 08:23:14 [debug] 4822#0: *40 http static fd: 10
2026/09/08 08:23:14 [debug] 4822#0: *40 http set discard body
2026/09/08 08:23:14 [debug] 4822#0: *40 HTTP/1.1 200 OK
Server: nginx/1.29.1
Date: Tue, 08 Sep 2026 08:23:14 GMT
Content-Type: text/plain
Content-Length: 23
Last-Modified: Tue, 08 Sep 2026 08:21:03 GMT
Connection: keep-alive
ETag: "6a9fc56f-17"
Accept-Ranges: bytes

2026/09/08 08:23:14 [debug] 4822#0: *40 write new buf t:1 f:0 0000565383954BF0, pos 0000565383954BF0, size: 237 file: 0, size: 0
2026/09/08 08:23:14 [debug] 4822#0: *40 http write filter: l:0 f:0 s:237
2026/09/08 08:23:14 [debug] 4822#0: *40 http output filter "/static/test.txt?"
2026/09/08 08:23:14 [debug] 4822#0: *40 http copy filter: "/static/test.txt?"
2026/09/08 08:23:14 [debug] 4822#0: *40 read: 10, 0000565383949A18, 23, 0
2026/09/08 08:23:14 [debug] 4822#0: *40 http postpone filter "/static/test.txt?" 0000565383954D00
2026/09/08 08:23:14 [debug] 4822#0: *40 write old buf t:1 f:0 0000565383954BF0, pos 0000565383954BF0, size: 237 file: 0, size: 0
2026/09/08 08:23:14 [debug] 4822#0: *40 write new buf t:1 f:0 0000565383949A18, pos 0000565383949A18, size: 23 file: 0, size: 0
2026/09/08 08:23:14 [debug] 4822#0: *40 http write filter: l:1 f:0 s:260
2026/09/08 08:23:14 [debug] 4822#0: *40 http write filter limit 2097152
2026/09/08 08:23:14 [debug] 4822#0: *40 writev: 260 of 260
2026/09/08 08:23:14 [debug] 4822#0: *40 http write filter 0000000000000000
2026/09/08 08:23:14 [debug] 4822#0: *40 http copy filter: 0 "/static/test.txt?"
2026/09/08 08:23:14 [debug] 4822#0: *40 http finalize request: 0, "/static/test.txt?" a:1, c:1
2026/09/08 08:23:14 [debug] 4822#0: *40 set http keepalive handler
2026/09/08 08:23:14 [debug] 4822#0: *40 http close request
2026/09/08 08:23:14 [debug] 4822#0: *40 http log handler
2026/09/08 08:23:14 [debug] 4822#0: *40 run cleanup: 0000565383954A28
2026/09/08 08:23:14 [debug] 4822#0: *40 file cleanup: fd:10
2026/09/08 08:23:14 [debug] 4822#0: *40 free: 0000565383953D20, unused: 0
2026/09/08 08:23:14 [debug] 4822#0: *40 free: 00005653839494E0, unused: 2602
2026/09/08 08:23:14 [debug] 4822#0: *40 free: 0000565383944510
2026/09/08 08:23:14 [debug] 4822#0: *40 hc free: 0000000000000000
2026/09/08 08:23:14 [debug] 4822#0: *40 hc busy: 0000000000000000 0
2026/09/08 08:23:14 [debug] 4822#0: *40 tcp_nodelay
2026/09/08 08:23:14 [debug] 4822#0: *40 reusable connection: 1
2026/09/08 08:23:14 [debug] 4822#0: *40 event timer add: 3: 75000:3389761
2026/09/08 08:23:14 [debug] 4822#0: timer delta: 1
2026/09/08 08:23:14 [debug] 4822#0: worker cycle
2026/09/08 08:23:14 [debug] 4822#0: epoll timer: 75000
2026/09/08 08:23:14 [debug] 4822#0: epoll: fd:3 ev:2001 d:00007F3CDF0B31D0
2026/09/08 08:23:14 [debug] 4822#0: *40 http keepalive handler
2026/09/08 08:23:14 [debug] 4822#0: *40 malloc: 0000565383944510:1024
2026/09/08 08:23:14 [debug] 4822#0: *40 recv: eof:1, avail:-1
2026/09/08 08:23:14 [debug] 4822#0: *40 recv: fd:3 0 of 1024
2026/09/08 08:23:14 [info] 4822#0: *40 client 127.0.0.1 closed keepalive connection
2026/09/08 08:23:14 [debug] 4822#0: *40 close http connection: 3
2026/09/08 08:23:14 [debug] 4822#0: *40 event timer del: 3: 3389761
2026/09/08 08:23:14 [debug] 4822#0: *40 reusable connection: 0
2026/09/08 08:23:14 [debug] 4822#0: *40 free: 0000565383944510
2026/09/08 08:23:14 [debug] 4822#0: *40 free: 00005653839452A0, unused: 144
2026/09/08 08:23:14 [debug] 4822#0: timer delta: 1
2026/09/08 08:23:14 [debug] 4822#0: worker cycle
2026/09/08 08:23:14 [debug] 4822#0: epoll timer: -1
2026/09/08 08:23:14 [debug] 4822#0: epoll: fd:6 ev:0001 d:00007F3CDF0B3010
2026/09/08 08:23:14 [debug] 4822#0: accept on 0.0.0.0:8080, ready: 0
2026/09/08 08:23:14 [debug] 4822#0: posix_memalign: 00005653839452A0:512 @16
2026/09/08 08:23:14 [debug] 4822#0: *41 accept: 127.0.0.1:37010 fd:3
2026/09/08 08:23:14 [debug] 4822#0: *41 event timer add: 3: 60000:3374773
2026/09/08 08:23:14 [debug] 4822#0: *41 reusable connection: 1
2026/09/08 08:23:14 [debug] 4822#0: *41 epoll add event: fd:3 op:1 ev:80002001
2026/09/08 08:23:14 [debug] 4822#0: timer delta: 11
2026/09/08 08:23:14 [debug] 4822#0: worker cycle
2026/09/08 08:23:14 [debug] 4822#0: epoll timer: 60000
2026/09/08 08:23:14 [debug] 4822#0: epoll: fd:3 ev:0001 d:00007F3CDF0B31D1
2026/09/08 08:23:14 [debug] 4822#0: *41 http wait request handler
2026/09/08 08:23:14 [debug] 4822#0: *41 malloc: 0000565383944510:1024
2026/09/08 08:23:14 [debug] 4822#0: *41 recv: eof:0, avail:-1
2026/09/08 08:23:14 [debug] 4822#0: *41 recv: fd:3 93 of 1024
2026/09/08 08:23:14 [debug] 4822#0: *41 reusable connection: 0
2026/09/08 08:23:14 [debug] 4822#0: *41 posix_memalign: 0000565383953D20:4096 @16
2026/09/08 08:23:14 [debug] 4822#0: *41 http process request line
2026/09/08 08:23:14 [debug] 4822#0: *41 http request line: "GET /static/test.txt HTTP/1.1"
2026/09/08 08:23:14 [debug] 4822#0: *41 http uri: "/static/test.txt"
2026/09/08 08:23:14 [debug] 4822#0: *41 http args: ""
2026/09/08 08:23:14 [debug] 4822#0: *41 http exten: "txt"
2026/09/08 08:23:14 [debug] 4822#0: *41 posix_memalign: 00005653839494E0:4096 @16
2026/09/08 08:23:14 [debug] 4822#0: *41 http process request header line
2026/09/08 08:23:14 [debug] 4822#0: *41 http header: "Host: 127.0.0.1:8080"
2026/09/08 08:23:14 [debug] 4822#0: *41 http header: "User-Agent: curl/7.81.0"
2026/09/08 08:23:14 [debug] 4822#0: *41 http header: "Accept: */*"
2026/09/08 08:23:14 [debug] 4822#0: *41 http header done
2026/09/08 08:23:14 [debug] 4822#0: *41 event timer del: 3: 3374773
2026/09/08 08:23:14 [debug] 4822#0: *41 rewrite phase: 0
2026/09/08 08:23:14 [debug] 4822#0: *41 test location: "/static/"
2026/09/08 08:23:14 [debug] 4822#0: *41 using configuration "/static/"
2026/09/08 08:23:14 [debug] 4822#0: *41 http cl:-1 max:1048576
2026/09/08 08:23:14 [debug] 4822#0: *41 rewrite phase: 2
2026/09/08 08:23:14 [debug] 4822#0: *41 post rewrite phase: 3
2026/09/08 08:23:14 [debug] 4822#0: *41 generic phase: 4
2026/09/08 08:23:14 [debug] 4822#0: *41 generic phase: 5
2026/09/08 08:23:14 [debug] 4822#0: *41 access phase: 6
2026/09/08 08:23:14 [debug] 4822#0: *41 access phase: 7
2026/09/08 08:23:14 [debug] 4822#0: *41 post access phase: 8
2026/09/08 08:23:14 [debug] 4822#0: *41 generic phase: 9
2026/09/08 08:23:14 [debug] 4822#0: *41 generic phase: 10
2026/09/08 08:23:14 [debug] 4822#0: *41 content phase: 11
2026/09/08 08:23:14 [debug] 4822#0: *41 content phase: 12
2026/09/08 08:23:14 [debug] 4822#0: *41 content phase: 13
2026/09/08 08:23:14 [debug] 4822#0: *41 http filename: "/home/asdf/nginx-issue-983-hostvm/nginx-1.29.1-compile/var/www/static/test.txt"
2026/09/08 08:23:14 [debug] 4822#0: *41 add cleanup: 0000565383954A28
2026/09/08 08:23:14 [debug] 4822#0: *41 http static fd: 10
2026/09/08 08:23:14 [debug] 4822#0: *41 http set discard body
2026/09/08 08:23:14 [debug] 4822#0: *41 HTTP/1.1 200 OK
Server: nginx/1.29.1
Date: Tue, 08 Sep 2026 08:23:14 GMT
Content-Type: text/plain
Content-Length: 23
Last-Modified: Tue, 08 Sep 2026 08:21:03 GMT
Connection: keep-alive
ETag: "6a9fc56f-17"
Accept-Ranges: bytes

2026/09/08 08:23:14 [debug] 4822#0: *41 write new buf t:1 f:0 0000565383954BF0, pos 0000565383954BF0, size: 237 file: 0, size: 0
2026/09/08 08:23:14 [debug] 4822#0: *41 http write filter: l:0 f:0 s:237
2026/09/08 08:23:14 [debug] 4822#0: *41 http output filter "/static/test.txt?"
2026/09/08 08:23:14 [debug] 4822#0: *41 http copy filter: "/static/test.txt?"
2026/09/08 08:23:14 [debug] 4822#0: *41 read: 10, 0000565383949A18, 23, 0
2026/09/08 08:23:14 [debug] 4822#0: *41 http postpone filter "/static/test.txt?" 0000565383954D00
2026/09/08 08:23:14 [debug] 4822#0: *41 write old buf t:1 f:0 0000565383954BF0, pos 0000565383954BF0, size: 237 file: 0, size: 0
2026/09/08 08:23:14 [debug] 4822#0: *41 write new buf t:1 f:0 0000565383949A18, pos 0000565383949A18, size: 23 file: 0, size: 0
2026/09/08 08:23:14 [debug] 4822#0: *41 http write filter: l:1 f:0 s:260
2026/09/08 08:23:14 [debug] 4822#0: *41 http write filter limit 2097152
2026/09/08 08:23:14 [debug] 4822#0: *41 writev: 260 of 260
2026/09/08 08:23:14 [debug] 4822#0: *41 http write filter 0000000000000000
2026/09/08 08:23:14 [debug] 4822#0: *41 http copy filter: 0 "/static/test.txt?"
2026/09/08 08:23:14 [debug] 4822#0: *41 http finalize request: 0, "/static/test.txt?" a:1, c:1
2026/09/08 08:23:14 [debug] 4822#0: *41 set http keepalive handler
2026/09/08 08:23:14 [debug] 4822#0: *41 http close request
2026/09/08 08:23:14 [debug] 4822#0: *41 http log handler
2026/09/08 08:23:14 [debug] 4822#0: *41 run cleanup: 0000565383954A28
2026/09/08 08:23:14 [debug] 4822#0: *41 file cleanup: fd:10
2026/09/08 08:23:14 [debug] 4822#0: *41 free: 0000565383953D20, unused: 0
2026/09/08 08:23:14 [debug] 4822#0: *41 free: 00005653839494E0, unused: 2602
2026/09/08 08:23:14 [debug] 4822#0: *41 free: 0000565383944510
2026/09/08 08:23:14 [debug] 4822#0: *41 hc free: 0000000000000000
2026/09/08 08:23:14 [debug] 4822#0: *41 hc busy: 0000000000000000 0
2026/09/08 08:23:14 [debug] 4822#0: *41 tcp_nodelay
2026/09/08 08:23:14 [debug] 4822#0: *41 reusable connection: 1
2026/09/08 08:23:14 [debug] 4822#0: *41 event timer add: 3: 75000:3389773
2026/09/08 08:23:14 [debug] 4822#0: timer delta: 0
2026/09/08 08:23:14 [debug] 4822#0: worker cycle
2026/09/08 08:23:14 [debug] 4822#0: epoll timer: 75000
2026/09/08 08:23:14 [debug] 4822#0: epoll: fd:3 ev:2001 d:00007F3CDF0B31D1
2026/09/08 08:23:14 [debug] 4822#0: *41 http keepalive handler
2026/09/08 08:23:14 [debug] 4822#0: *41 malloc: 0000565383944510:1024
2026/09/08 08:23:14 [debug] 4822#0: *41 recv: eof:1, avail:-1
2026/09/08 08:23:14 [debug] 4822#0: *41 recv: fd:3 0 of 1024
2026/09/08 08:23:14 [info] 4822#0: *41 client 127.0.0.1 closed keepalive connection
2026/09/08 08:23:14 [debug] 4822#0: *41 close http connection: 3
2026/09/08 08:23:14 [debug] 4822#0: *41 event timer del: 3: 3389773
2026/09/08 08:23:14 [debug] 4822#0: *41 reusable connection: 0
2026/09/08 08:23:14 [debug] 4822#0: *41 free: 0000565383944510
2026/09/08 08:23:14 [debug] 4822#0: *41 free: 00005653839452A0, unused: 144
2026/09/08 08:23:14 [debug] 4822#0: timer delta: 1
2026/09/08 08:23:14 [debug] 4822#0: worker cycle
2026/09/08 08:23:14 [debug] 4822#0: epoll timer: -1
2026/09/08 08:24:12 [notice] 4854#0: signal process started
2026/09/08 08:24:12 [notice] 4792#0: signal 3 (SIGQUIT) received from 4854, shutting down
2026/09/08 08:24:12 [debug] 4792#0: wake up, sigio 0
2026/09/08 08:24:12 [debug] 4792#0: child: 0 4822 e:0 t:0 d:0 r:1 j:0
2026/09/08 08:24:12 [debug] 4792#0: close listening 0.0.0.0:8080 #6 
2026/09/08 08:24:12 [debug] 4792#0: sigsuspend
2026/09/08 08:24:12 [debug] 4822#0: epoll: fd:7 ev:0001 d:00007F3CDF0B30F0
2026/09/08 08:24:12 [debug] 4822#0: channel handler
2026/09/08 08:24:12 [debug] 4822#0: channel: 32
2026/09/08 08:24:12 [debug] 4822#0: channel command: 3
2026/09/08 08:24:12 [debug] 4822#0: channel: -2
2026/09/08 08:24:12 [debug] 4822#0: timer delta: 57844
2026/09/08 08:24:12 [notice] 4822#0: gracefully shutting down
2026/09/08 08:24:12 [debug] 4822#0: setproctitle: "nginx: worker process is shutting down"
2026/09/08 08:24:12 [debug] 4822#0: epoll del event: fd:6 op:2 ev:00000000
2026/09/08 08:24:12 [debug] 4822#0: close listening 0.0.0.0:8080 #6 
2026/09/08 08:24:12 [notice] 4822#0: exiting
2026/09/08 08:24:12 [debug] 4822#0: flush files
2026/09/08 08:24:12 [debug] 4822#0: run cleanup: 0000565383964F28
2026/09/08 08:24:12 [debug] 4822#0: run cleanup: 0000565383961990
2026/09/08 08:24:12 [debug] 4822#0: cleanup resolver
2026/09/08 08:24:12 [debug] 4822#0: run cleanup: 0000565383947438
2026/09/08 08:24:12 [debug] 4822#0: free: 00005653839665F0
2026/09/08 08:24:12 [debug] 4822#0: free: 0000565383958990
2026/09/08 08:24:12 [debug] 4822#0: free: 00005653839578D0
2026/09/08 08:24:12 [debug] 4822#0: free: 0000565383956810
2026/09/08 08:24:12 [debug] 4822#0: free: 0000565383955750
2026/09/08 08:24:12 [debug] 4822#0: free: 00005653839454D0, unused: 0
2026/09/08 08:24:12 [debug] 4822#0: free: 000056538394E500, unused: 1
2026/09/08 08:24:12 [debug] 4822#0: free: 00005653839599A0, unused: 0
2026/09/08 08:24:12 [debug] 4822#0: free: 000056538395D9B0, unused: 0
2026/09/08 08:24:12 [debug] 4822#0: free: 00005653839619C0, unused: 2688
2026/09/08 08:24:12 [notice] 4822#0: exit
2026/09/08 08:24:12 [notice] 4792#0: signal 17 (SIGCHLD) received from 4822
2026/09/08 08:24:12 [notice] 4792#0: worker process 4822 exited with code 0
2026/09/08 08:24:12 [debug] 4792#0: shmtx forced unlock
2026/09/08 08:24:12 [debug] 4792#0: wake up, sigio 0
2026/09/08 08:24:12 [debug] 4792#0: reap children
2026/09/08 08:24:12 [debug] 4792#0: child: 0 4822 e:1 t:1 d:0 r:1 j:0
2026/09/08 08:24:12 [notice] 4792#0: exit
2026/09/08 08:24:12 [debug] 4792#0: run cleanup: 0000565383961990
2026/09/08 08:24:12 [debug] 4792#0: cleanup resolver
2026/09/08 08:24:12 [debug] 4792#0: run cleanup: 0000565383947438
2026/09/08 08:24:12 [debug] 4792#0: free: 00005653839665F0
2026/09/08 08:24:12 [debug] 4792#0: free: 0000565383958990
2026/09/08 08:24:12 [debug] 4792#0: free: 00005653839578D0
2026/09/08 08:24:12 [debug] 4792#0: free: 0000565383956810
2026/09/08 08:24:12 [debug] 4792#0: free: 0000565383955750
2026/09/08 08:24:12 [debug] 4792#0: free: 00005653839454D0, unused: 0
2026/09/08 08:24:12 [debug] 4792#0: free: 000056538394E500, unused: 1
2026/09/08 08:24:12 [debug] 4792#0: free: 00005653839599A0, unused: 0
2026/09/08 08:24:12 [debug] 4792#0: free: 000056538395D9B0, unused: 0
2026/09/08 08:24:12 [debug] 4792#0: free: 00005653839619C0, unused: 2718
